problem,submission_id,user_id,score,language,predicted_algorithm,best_reference_id,jplag_similarity,feature_similarity,score_compatibility,combined_score,second_combined_score,combined_margin,confidence,tests_run,tests_passed,tests_failed,pass_rate_percentage,wrong_answers,timeouts,runtime_errors,compilation_error,passed_tests,failed_tests,timeout_tests,runtime_error_tests,total_execution_time_seconds,average_execution_time_seconds,maximum_execution_time_seconds
organizare-mafiota,1314235234,user_0057,2.5,cpp,unknown,1323398709,0.0,0.801759,0.95,0.335528,0.31004,0.025488,low,22,3,19,13.64,7,12,0,False,"[""input00.txt"", ""input01.txt"", ""input15.txt""]","[""input02.txt"", ""input03.txt"", ""input04.txt"", ""input05.txt"", ""input06.txt"", ""input07.txt"", ""input08.txt"", ""input09.txt"", ""input10.txt"", ""input11.txt"", ""input12.txt"", ""input13.txt"", ""input14.txt"", ""input16.txt"", ""input17.txt"", ""input18.txt"", ""input19.txt"", ""input20.txt"", ""input21.txt""]","[""input09.txt"", ""input10.txt"", ""input11.txt"", ""input12.txt"", ""input13.txt"", ""input14.txt"", ""input16.txt"", ""input17.txt"", ""input18.txt"", ""input19.txt"", ""input20.txt"", ""input21.txt""]",[],44.902442,2.04102,3.0
organizare-mafiota,1314235845,user_0057,2.5,cpp,unknown,1323398709,0.0,0.847961,0.95,0.349388,0.341972,0.007416,low,22,2,20,9.09,7,3,10,False,"[""input00.txt"", ""input01.txt""]","[""input02.txt"", ""input03.txt"", ""input04.txt"", ""input05.txt"", ""input06.txt"", ""input07.txt"", ""input08.txt"", ""input09.txt"", ""input10.txt"", ""input11.txt"", ""input12.txt"", ""input13.txt"", ""input14.txt"", ""input15.txt"", ""input16.txt"", ""input17.txt"", ""input18.txt"", ""input19.txt"", ""input20.txt"", ""input21.txt""]","[""input09.txt"", ""input10.txt"", ""input11.txt""]","[""input12.txt"", ""input13.txt"", ""input14.txt"", ""input15.txt"", ""input16.txt"", ""input17.txt"", ""input18.txt"", ""input19.txt"", ""input20.txt"", ""input21.txt""]",23.398241,1.063556,3.0
organizare-mafiota,1314236564,user_0010,2.5,cpp,unknown,1323398709,0.0,0.874277,0.95,0.357283,0.335767,0.021516,low,22,3,19,13.64,5,7,7,False,"[""input00.txt"", ""input01.txt"", ""input05.txt""]","[""input02.txt"", ""input03.txt"", ""input04.txt"", ""input06.txt"", ""input07.txt"", ""input08.txt"", ""input09.txt"", ""input10.txt"", ""input11.txt"", ""input12.txt"", ""input13.txt"", ""input14.txt"", ""input15.txt"", ""input16.txt"", ""input17.txt"", ""input18.txt"", ""input19.txt"", ""input20.txt"", ""input21.txt""]","[""input08.txt"", ""input09.txt"", ""input10.txt"", ""input11.txt"", ""input13.txt"", ""input15.txt"", ""input16.txt""]","[""input12.txt"", ""input14.txt"", ""input17.txt"", ""input18.txt"", ""input19.txt"", ""input20.txt"", ""input21.txt""]",35.404361,1.609289,3.0
organizare-mafiota,1314236632,user_0010,2.5,cpp,unknown,1323398709,0.0,0.877928,0.95,0.358378,0.33762,0.020759,low,22,3,19,13.64,5,7,7,False,"[""input00.txt"", ""input01.txt"", ""input05.txt""]","[""input02.txt"", ""input03.txt"", ""input04.txt"", ""input06.txt"", ""input07.txt"", ""input08.txt"", ""input09.txt"", ""input10.txt"", ""input11.txt"", ""input12.txt"", ""input13.txt"", ""input14.txt"", ""input15.txt"", ""input16.txt"", ""input17.txt"", ""input18.txt"", ""input19.txt"", ""input20.txt"", ""input21.txt""]","[""input08.txt"", ""input09.txt"", ""input10.txt"", ""input11.txt"", ""input13.txt"", ""input14.txt"", ""input15.txt""]","[""input12.txt"", ""input16.txt"", ""input17.txt"", ""input18.txt"", ""input19.txt"", ""input20.txt"", ""input21.txt""]",36.170364,1.644107,3.0
organizare-mafiota,1314236683,user_0010,2.5,cpp,unknown,1323398709,0.0,0.878072,0.95,0.358421,0.337721,0.020701,low,22,3,19,13.64,5,9,5,False,"[""input00.txt"", ""input01.txt"", ""input05.txt""]","[""input02.txt"", ""input03.txt"", ""input04.txt"", ""input06.txt"", ""input07.txt"", ""input08.txt"", ""input09.txt"", ""input10.txt"", ""input11.txt"", ""input12.txt"", ""input13.txt"", ""input14.txt"", ""input15.txt"", ""input16.txt"", ""input17.txt"", ""input18.txt"", ""input19.txt"", ""input20.txt"", ""input21.txt""]","[""input08.txt"", ""input09.txt"", ""input10.txt"", ""input11.txt"", ""input12.txt"", ""input13.txt"", ""input15.txt"", ""input19.txt"", ""input20.txt""]","[""input14.txt"", ""input16.txt"", ""input17.txt"", ""input18.txt"", ""input21.txt""]",39.554683,1.79794,3.0
organizare-mafiota,1378130544,user_0037,2.5,java,graph_reachability,1314236028,0.327189,0.91265,0.95,0.565108,0.0,0.565108,medium,22,3,19,13.64,0,19,0,False,"[""input00.txt"", ""input01.txt"", ""input02.txt""]","[""input03.txt"", ""input04.txt"", ""input05.txt"", ""input06.txt"", ""input07.txt"", ""input08.txt"", ""input09.txt"", ""input10.txt"", ""input11.txt"", ""input12.txt"", ""input13.txt"", ""input14.txt"", ""input15.txt"", ""input16.txt"", ""input17.txt"", ""input18.txt"", ""input19.txt"", ""input20.txt"", ""input21.txt""]","[""input03.txt"", ""input04.txt"", ""input05.txt"", ""input06.txt"", ""input07.txt"", ""input08.txt"", ""input09.txt"", ""input10.txt"", ""input11.txt"", ""input12.txt"", ""input13.txt"", ""input14.txt"", ""input15.txt"", ""input16.txt"", ""input17.txt"", ""input18.txt"", ""input19.txt"", ""input20.txt"", ""input21.txt""]",[],58.930933,2.678679,3.0
organizare-mafiota,1314236028,user_0032,5.0,java,graph_reachability,1314236028,1.0,1.0,1.0,1.0,1.0,0.0,reference,22,4,18,18.18,0,10,8,False,"[""input00.txt"", ""input01.txt"", ""input02.txt"", ""input03.txt""]","[""input04.txt"", ""input05.txt"", ""input06.txt"", ""input07.txt"", ""input08.txt"", ""input09.txt"", ""input10.txt"", ""input11.txt"", ""input12.txt"", ""input13.txt"", ""input14.txt"", ""input15.txt"", ""input16.txt"", ""input17.txt"", ""input18.txt"", ""input19.txt"", ""input20.txt"", ""input21.txt""]","[""input04.txt"", ""input05.txt"", ""input06.txt"", ""input07.txt"", ""input08.txt"", ""input09.txt"", ""input10.txt"", ""input11.txt"", ""input12.txt"", ""input21.txt""]","[""input13.txt"", ""input14.txt"", ""input15.txt"", ""input16.txt"", ""input17.txt"", ""input18.txt"", ""input19.txt"", ""input20.txt""]",52.489985,2.385908,3.0
organizare-mafiota,1314236693,user_0045,5.0,cpp,unknown,1314212329,0.0,0.980584,0.6,0.354175,0.341284,0.012891,low,22,4,18,18.18,0,18,0,False,"[""input00.txt"", ""input01.txt"", ""input02.txt"", ""input03.txt""]","[""input04.txt"", ""input05.txt"", ""input06.txt"", ""input07.txt"", ""input08.txt"", ""input09.txt"", ""input10.txt"", ""input11.txt"", ""input12.txt"", ""input13.txt"", ""input14.txt"", ""input15.txt"", ""input16.txt"", ""input17.txt"", ""input18.txt"", ""input19.txt"", ""input20.txt"", ""input21.txt""]","[""input04.txt"", ""input05.txt"", ""input06.txt"", ""input07.txt"", ""input08.txt"", ""input09.txt"", ""input10.txt"", ""input11.txt"", ""input12.txt"", ""input13.txt"", ""input14.txt"", ""input15.txt"", ""input16.txt"", ""input17.txt"", ""input18.txt"", ""input19.txt"", ""input20.txt"", ""input21.txt""]",[],55.304818,2.513855,3.0
organizare-mafiota,1323398709,user_0002,5.0,cpp,greedy,1323398709,1.0,1.0,1.0,1.0,1.0,0.0,reference,22,3,19,13.64,2,17,0,False,"[""input00.txt"", ""input02.txt"", ""input03.txt""]","[""input01.txt"", ""input04.txt"", ""input05.txt"", ""input06.txt"", ""input07.txt"", ""input08.txt"", ""input09.txt"", ""input10.txt"", ""input11.txt"", ""input12.txt"", ""input13.txt"", ""input14.txt"", ""input15.txt"", ""input16.txt"", ""input17.txt"", ""input18.txt"", ""input19.txt"", ""input20.txt"", ""input21.txt""]","[""input05.txt"", ""input06.txt"", ""input07.txt"", ""input08.txt"", ""input09.txt"", ""input10.txt"", ""input11.txt"", ""input12.txt"", ""input13.txt"", ""input14.txt"", ""input15.txt"", ""input16.txt"", ""input17.txt"", ""input18.txt"", ""input19.txt"", ""input20.txt"", ""input21.txt""]",[],51.973552,2.362434,3.0
organizare-mafiota,1331892309,user_0029,5.0,java,graph_reachability,1314236028,0.325843,0.925513,1.0,0.57316,0.0,0.57316,medium,22,4,18,18.18,0,18,0,False,"[""input00.txt"", ""input01.txt"", ""input02.txt"", ""input03.txt""]","[""input04.txt"", ""input05.txt"", ""input06.txt"", ""input07.txt"", ""input08.txt"", ""input09.txt"", ""input10.txt"", ""input11.txt"", ""input12.txt"", ""input13.txt"", ""input14.txt"", ""input15.txt"", ""input16.txt"", ""input17.txt"", ""input18.txt"", ""input19.txt"", ""input20.txt"", ""input21.txt""]","[""input04.txt"", ""input05.txt"", ""input06.txt"", ""input07.txt"", ""input08.txt"", ""input09.txt"", ""input10.txt"", ""input11.txt"", ""input12.txt"", ""input13.txt"", ""input14.txt"", ""input15.txt"", ""input16.txt"", ""input17.txt"", ""input18.txt"", ""input19.txt"", ""input20.txt"", ""input21.txt""]",[],55.156725,2.507124,3.0
organizare-mafiota,1331892366,user_0029,5.0,java,graph_reachability,1314236028,0.327684,0.9253,1.0,0.5742,0.0,0.5742,medium,22,4,18,18.18,0,18,0,False,"[""input00.txt"", ""input01.txt"", ""input02.txt"", ""input03.txt""]","[""input04.txt"", ""input05.txt"", ""input06.txt"", ""input07.txt"", ""input08.txt"", ""input09.txt"", ""input10.txt"", ""input11.txt"", ""input12.txt"", ""input13.txt"", ""input14.txt"", ""input15.txt"", ""input16.txt"", ""input17.txt"", ""input18.txt"", ""input19.txt"", ""input20.txt"", ""input21.txt""]","[""input04.txt"", ""input05.txt"", ""input06.txt"", ""input07.txt"", ""input08.txt"", ""input09.txt"", ""input10.txt"", ""input11.txt"", ""input12.txt"", ""input13.txt"", ""input14.txt"", ""input15.txt"", ""input16.txt"", ""input17.txt"", ""input18.txt"", ""input19.txt"", ""input20.txt"", ""input21.txt""]",[],55.998519,2.545387,3.0
organizare-mafiota,1331892429,user_0029,5.0,java,graph_reachability,1314236028,0.317808,0.917908,1.0,0.566057,0.0,0.566057,medium,22,4,18,18.18,0,18,0,False,"[""input00.txt"", ""input01.txt"", ""input02.txt"", ""input03.txt""]","[""input04.txt"", ""input05.txt"", ""input06.txt"", ""input07.txt"", ""input08.txt"", ""input09.txt"", ""input10.txt"", ""input11.txt"", ""input12.txt"", ""input13.txt"", ""input14.txt"", ""input15.txt"", ""input16.txt"", ""input17.txt"", ""input18.txt"", ""input19.txt"", ""input20.txt"", ""input21.txt""]","[""input04.txt"", ""input05.txt"", ""input06.txt"", ""input07.txt"", ""input08.txt"", ""input09.txt"", ""input10.txt"", ""input11.txt"", ""input12.txt"", ""input13.txt"", ""input14.txt"", ""input15.txt"", ""input16.txt"", ""input17.txt"", ""input18.txt"", ""input19.txt"", ""input20.txt"", ""input21.txt""]",[],57.475651,2.61253,3.0
organizare-mafiota,1333772905,user_0041,5.0,cpp,unknown,1323398709,0.0,0.878593,1.0,0.363578,0.310305,0.053273,low,22,4,18,18.18,0,18,0,False,"[""input00.txt"", ""input01.txt"", ""input02.txt"", ""input03.txt""]","[""input04.txt"", ""input05.txt"", ""input06.txt"", ""input07.txt"", ""input08.txt"", ""input09.txt"", ""input10.txt"", ""input11.txt"", ""input12.txt"", ""input13.txt"", ""input14.txt"", ""input15.txt"", ""input16.txt"", ""input17.txt"", ""input18.txt"", ""input19.txt"", ""input20.txt"", ""input21.txt""]","[""input04.txt"", ""input05.txt"", ""input06.txt"", ""input07.txt"", ""input08.txt"", ""input09.txt"", ""input10.txt"", ""input11.txt"", ""input12.txt"", ""input13.txt"", ""input14.txt"", ""input15.txt"", ""input16.txt"", ""input17.txt"", ""input18.txt"", ""input19.txt"", ""input20.txt"", ""input21.txt""]",[],54.628788,2.483127,3.0
organizare-mafiota,1333773505,user_0041,5.0,cpp,unknown,1323398709,0.0,0.954007,1.0,0.386202,0.322295,0.063907,low,22,4,18,18.18,0,18,0,False,"[""input00.txt"", ""input01.txt"", ""input02.txt"", ""input03.txt""]","[""input04.txt"", ""input05.txt"", ""input06.txt"", ""input07.txt"", ""input08.txt"", ""input09.txt"", ""input10.txt"", ""input11.txt"", ""input12.txt"", ""input13.txt"", ""input14.txt"", ""input15.txt"", ""input16.txt"", ""input17.txt"", ""input18.txt"", ""input19.txt"", ""input20.txt"", ""input21.txt""]","[""input04.txt"", ""input05.txt"", ""input06.txt"", ""input07.txt"", ""input08.txt"", ""input09.txt"", ""input10.txt"", ""input11.txt"", ""input12.txt"", ""input13.txt"", ""input14.txt"", ""input15.txt"", ""input16.txt"", ""input17.txt"", ""input18.txt"", ""input19.txt"", ""input20.txt"", ""input21.txt""]",[],54.655489,2.48434,3.0
organizare-mafiota,1333773627,user_0041,5.0,cpp,unknown,1323398709,0.0,0.955166,1.0,0.38655,0.319045,0.067505,low,22,4,18,18.18,0,18,0,False,"[""input00.txt"", ""input01.txt"", ""input02.txt"", ""input03.txt""]","[""input04.txt"", ""input05.txt"", ""input06.txt"", ""input07.txt"", ""input08.txt"", ""input09.txt"", ""input10.txt"", ""input11.txt"", ""input12.txt"", ""input13.txt"", ""input14.txt"", ""input15.txt"", ""input16.txt"", ""input17.txt"", ""input18.txt"", ""input19.txt"", ""input20.txt"", ""input21.txt""]","[""input04.txt"", ""input05.txt"", ""input06.txt"", ""input07.txt"", ""input08.txt"", ""input09.txt"", ""input10.txt"", ""input11.txt"", ""input12.txt"", ""input13.txt"", ""input14.txt"", ""input15.txt"", ""input16.txt"", ""input17.txt"", ""input18.txt"", ""input19.txt"", ""input20.txt"", ""input21.txt""]",[],54.468685,2.475849,3.0
organizare-mafiota,1333803013,user_0005,5.0,java,graph_reachability,1314236028,0.391061,0.921854,1.0,0.611193,0.0,0.611193,medium,22,4,18,18.18,0,18,0,False,"[""input00.txt"", ""input01.txt"", ""input02.txt"", ""input03.txt""]","[""input04.txt"", ""input05.txt"", ""input06.txt"", ""input07.txt"", ""input08.txt"", ""input09.txt"", ""input10.txt"", ""input11.txt"", ""input12.txt"", ""input13.txt"", ""input14.txt"", ""input15.txt"", ""input16.txt"", ""input17.txt"", ""input18.txt"", ""input19.txt"", ""input20.txt"", ""input21.txt""]","[""input04.txt"", ""input05.txt"", ""input06.txt"", ""input07.txt"", ""input08.txt"", ""input09.txt"", ""input10.txt"", ""input11.txt"", ""input12.txt"", ""input13.txt"", ""input14.txt"", ""input15.txt"", ""input16.txt"", ""input17.txt"", ""input18.txt"", ""input19.txt"", ""input20.txt"", ""input21.txt""]",[],55.571789,2.52599,3.0
organizare-mafiota,1344489937,user_0018,5.0,java,graph_reachability,1314236028,0.322222,0.888281,1.0,0.559818,0.0,0.559818,medium,22,3,19,13.64,2,17,0,False,"[""input00.txt"", ""input01.txt"", ""input03.txt""]","[""input02.txt"", ""input04.txt"", ""input05.txt"", ""input06.txt"", ""input07.txt"", ""input08.txt"", ""input09.txt"", ""input10.txt"", ""input11.txt"", ""input12.txt"", ""input13.txt"", ""input14.txt"", ""input15.txt"", ""input16.txt"", ""input17.txt"", ""input18.txt"", ""input19.txt"", ""input20.txt"", ""input21.txt""]","[""input05.txt"", ""input06.txt"", ""input07.txt"", ""input08.txt"", ""input09.txt"", ""input10.txt"", ""input11.txt"", ""input12.txt"", ""input13.txt"", ""input14.txt"", ""input15.txt"", ""input16.txt"", ""input17.txt"", ""input18.txt"", ""input19.txt"", ""input20.txt"", ""input21.txt""]",[],53.47419,2.430645,3.0
organizare-mafiota,1378126300,user_0037,5.0,java,graph_reachability,1314236028,0.35589,0.903653,1.0,0.58463,0.0,0.58463,medium,22,4,18,18.18,0,18,0,False,"[""input00.txt"", ""input01.txt"", ""input02.txt"", ""input03.txt""]","[""input04.txt"", ""input05.txt"", ""input06.txt"", ""input07.txt"", ""input08.txt"", ""input09.txt"", ""input10.txt"", ""input11.txt"", ""input12.txt"", ""input13.txt"", ""input14.txt"", ""input15.txt"", ""input16.txt"", ""input17.txt"", ""input18.txt"", ""input19.txt"", ""input20.txt"", ""input21.txt""]","[""input04.txt"", ""input05.txt"", ""input06.txt"", ""input07.txt"", ""input08.txt"", ""input09.txt"", ""input10.txt"", ""input11.txt"", ""input12.txt"", ""input13.txt"", ""input14.txt"", ""input15.txt"", ""input16.txt"", ""input17.txt"", ""input18.txt"", ""input19.txt"", ""input20.txt"", ""input21.txt""]",[],56.495982,2.567999,3.0
organizare-mafiota,1314236520,user_0052,7.5,java,unknown,1314236028,0.081761,0.910655,0.95,0.417253,0.0,0.417253,low,0,0,0,0.0,0,0,0,True,[],[],[],[],0.0,0.0,0.0
organizare-mafiota,1314236712,user_0035,7.5,cpp,unknown,1323398709,0.0,0.847425,0.95,0.349227,0.313733,0.035494,low,22,5,17,22.73,0,17,0,False,"[""input00.txt"", ""input01.txt"", ""input02.txt"", ""input03.txt"", ""input04.txt""]","[""input05.txt"", ""input06.txt"", ""input07.txt"", ""input08.txt"", ""input09.txt"", ""input10.txt"", ""input11.txt"", ""input12.txt"", ""input13.txt"", ""input14.txt"", ""input15.txt"", ""input16.txt"", ""input17.txt"", ""input18.txt"", ""input19.txt"", ""input20.txt"", ""input21.txt""]","[""input05.txt"", ""input06.txt"", ""input07.txt"", ""input08.txt"", ""input09.txt"", ""input10.txt"", ""input11.txt"", ""input12.txt"", ""input13.txt"", ""input14.txt"", ""input15.txt"", ""input16.txt"", ""input17.txt"", ""input18.txt"", ""input19.txt"", ""input20.txt"", ""input21.txt""]",[],52.30664,2.377575,3.0
organizare-mafiota,1314236829,user_0035,7.5,cpp,unknown,1323398709,0.0,0.847425,0.95,0.349227,0.313733,0.035494,low,22,5,17,22.73,0,17,0,False,"[""input00.txt"", ""input01.txt"", ""input02.txt"", ""input03.txt"", ""input04.txt""]","[""input05.txt"", ""input06.txt"", ""input07.txt"", ""input08.txt"", ""input09.txt"", ""input10.txt"", ""input11.txt"", ""input12.txt"", ""input13.txt"", ""input14.txt"", ""input15.txt"", ""input16.txt"", ""input17.txt"", ""input18.txt"", ""input19.txt"", ""input20.txt"", ""input21.txt""]","[""input05.txt"", ""input06.txt"", ""input07.txt"", ""input08.txt"", ""input09.txt"", ""input10.txt"", ""input11.txt"", ""input12.txt"", ""input13.txt"", ""input14.txt"", ""input15.txt"", ""input16.txt"", ""input17.txt"", ""input18.txt"", ""input19.txt"", ""input20.txt"", ""input21.txt""]",[],51.544421,2.342928,3.0
organizare-mafiota,1314237053,user_0012,7.5,java,graph_reachability,1314236028,0.329545,0.970121,0.95,0.583763,0.0,0.583763,medium,22,5,17,22.73,0,13,4,False,"[""input00.txt"", ""input01.txt"", ""input02.txt"", ""input03.txt"", ""input04.txt""]","[""input05.txt"", ""input06.txt"", ""input07.txt"", ""input08.txt"", ""input09.txt"", ""input10.txt"", ""input11.txt"", ""input12.txt"", ""input13.txt"", ""input14.txt"", ""input15.txt"", ""input16.txt"", ""input17.txt"", ""input18.txt"", ""input19.txt"", ""input20.txt"", ""input21.txt""]","[""input05.txt"", ""input06.txt"", ""input07.txt"", ""input08.txt"", ""input09.txt"", ""input10.txt"", ""input11.txt"", ""input12.txt"", ""input13.txt"", ""input18.txt"", ""input19.txt"", ""input20.txt"", ""input21.txt""]","[""input14.txt"", ""input15.txt"", ""input16.txt"", ""input17.txt""]",51.439268,2.338149,3.042384
organizare-mafiota,1314237264,user_0035,7.5,cpp,unknown,1323398709,0.0,0.835722,0.95,0.345716,0.306728,0.038989,low,22,5,17,22.73,0,17,0,False,"[""input00.txt"", ""input01.txt"", ""input02.txt"", ""input03.txt"", ""input04.txt""]","[""input05.txt"", ""input06.txt"", ""input07.txt"", ""input08.txt"", ""input09.txt"", ""input10.txt"", ""input11.txt"", ""input12.txt"", ""input13.txt"", ""input14.txt"", ""input15.txt"", ""input16.txt"", ""input17.txt"", ""input18.txt"", ""input19.txt"", ""input20.txt"", ""input21.txt""]","[""input05.txt"", ""input06.txt"", ""input07.txt"", ""input08.txt"", ""input09.txt"", ""input10.txt"", ""input11.txt"", ""input12.txt"", ""input13.txt"", ""input14.txt"", ""input15.txt"", ""input16.txt"", ""input17.txt"", ""input18.txt"", ""input19.txt"", ""input20.txt"", ""input21.txt""]",[],51.650451,2.347748,3.0
organizare-mafiota,1314237503,user_0007,7.5,java,graph_reachability,1314236028,0.461078,0.906639,0.95,0.643638,0.0,0.643638,medium,22,5,17,22.73,0,17,0,False,"[""input00.txt"", ""input01.txt"", ""input02.txt"", ""input03.txt"", ""input04.txt""]","[""input05.txt"", ""input06.txt"", ""input07.txt"", ""input08.txt"", ""input09.txt"", ""input10.txt"", ""input11.txt"", ""input12.txt"", ""input13.txt"", ""input14.txt"", ""input15.txt"", ""input16.txt"", ""input17.txt"", ""input18.txt"", ""input19.txt"", ""input20.txt"", ""input21.txt""]","[""input05.txt"", ""input06.txt"", ""input07.txt"", ""input08.txt"", ""input09.txt"", ""input10.txt"", ""input11.txt"", ""input12.txt"", ""input13.txt"", ""input14.txt"", ""input15.txt"", ""input16.txt"", ""input17.txt"", ""input18.txt"", ""input19.txt"", ""input20.txt"", ""input21.txt""]",[],53.35394,2.425179,3.0
organizare-mafiota,1314237561,user_0009,7.5,java,graph_reachability,1314236028,0.421053,0.841323,0.95,0.600028,0.0,0.600028,medium,22,5,17,22.73,0,17,0,False,"[""input00.txt"", ""input01.txt"", ""input02.txt"", ""input03.txt"", ""input04.txt""]","[""input05.txt"", ""input06.txt"", ""input07.txt"", ""input08.txt"", ""input09.txt"", ""input10.txt"", ""input11.txt"", ""input12.txt"", ""input13.txt"", ""input14.txt"", ""input15.txt"", ""input16.txt"", ""input17.txt"", ""input18.txt"", ""input19.txt"", ""input20.txt"", ""input21.txt""]","[""input05.txt"", ""input06.txt"", ""input07.txt"", ""input08.txt"", ""input09.txt"", ""input10.txt"", ""input11.txt"", ""input12.txt"", ""input13.txt"", ""input14.txt"", ""input15.txt"", ""input16.txt"", ""input17.txt"", ""input18.txt"", ""input19.txt"", ""input20.txt"", ""input21.txt""]",[],54.454877,2.475222,3.0
organizare-mafiota,1323079843,user_0011,7.5,cpp,unknown,1323398709,0.0,0.872407,0.95,0.356722,0.317479,0.039243,low,22,0,22,0.0,0,15,7,False,[],"[""input00.txt"", ""input01.txt"", ""input02.txt"", ""input03.txt"", ""input04.txt"", ""input05.txt"", ""input06.txt"", ""input07.txt"", ""input08.txt"", ""input09.txt"", ""input10.txt"", ""input11.txt"", ""input12.txt"", ""input13.txt"", ""input14.txt"", ""input15.txt"", ""input16.txt"", ""input17.txt"", ""input18.txt"", ""input19.txt"", ""input20.txt"", ""input21.txt""]","[""input00.txt"", ""input01.txt"", ""input09.txt"", ""input10.txt"", ""input11.txt"", ""input12.txt"", ""input13.txt"", ""input14.txt"", ""input15.txt"", ""input16.txt"", ""input17.txt"", ""input18.txt"", ""input19.txt"", ""input20.txt"", ""input21.txt""]","[""input02.txt"", ""input03.txt"", ""input04.txt"", ""input05.txt"", ""input06.txt"", ""input07.txt"", ""input08.txt""]",46.266544,2.103025,3.0
organizare-mafiota,1323079981,user_0032,7.5,cpp,unknown,1323398709,0.0,0.904551,0.95,0.366365,0.296823,0.069542,low,22,5,17,22.73,0,17,0,False,"[""input00.txt"", ""input01.txt"", ""input02.txt"", ""input03.txt"", ""input04.txt""]","[""input05.txt"", ""input06.txt"", ""input07.txt"", ""input08.txt"", ""input09.txt"", ""input10.txt"", ""input11.txt"", ""input12.txt"", ""input13.txt"", ""input14.txt"", ""input15.txt"", ""input16.txt"", ""input17.txt"", ""input18.txt"", ""input19.txt"", ""input20.txt"", ""input21.txt""]","[""input05.txt"", ""input06.txt"", ""input07.txt"", ""input08.txt"", ""input09.txt"", ""input10.txt"", ""input11.txt"", ""input12.txt"", ""input13.txt"", ""input14.txt"", ""input15.txt"", ""input16.txt"", ""input17.txt"", ""input18.txt"", ""input19.txt"", ""input20.txt"", ""input21.txt""]",[],51.76244,2.352838,3.0
organizare-mafiota,1323105206,user_0006,7.5,java,graph_reachability,1314236028,0.302872,0.880976,0.95,0.541016,0.0,0.541016,medium,22,4,18,18.18,0,18,0,False,"[""input00.txt"", ""input01.txt"", ""input02.txt"", ""input03.txt""]","[""input04.txt"", ""input05.txt"", ""input06.txt"", ""input07.txt"", ""input08.txt"", ""input09.txt"", ""input10.txt"", ""input11.txt"", ""input12.txt"", ""input13.txt"", ""input14.txt"", ""input15.txt"", ""input16.txt"", ""input17.txt"", ""input18.txt"", ""input19.txt"", ""input20.txt"", ""input21.txt""]","[""input04.txt"", ""input05.txt"", ""input06.txt"", ""input07.txt"", ""input08.txt"", ""input09.txt"", ""input10.txt"", ""input11.txt"", ""input12.txt"", ""input13.txt"", ""input14.txt"", ""input15.txt"", ""input16.txt"", ""input17.txt"", ""input18.txt"", ""input19.txt"", ""input20.txt"", ""input21.txt""]",[],55.346504,2.51575,3.0
organizare-mafiota,1314236638,user_0003,10.0,java,graph_reachability,1314236028,0.398827,0.931977,0.9,0.608889,0.0,0.608889,medium,22,6,16,27.27,0,16,0,False,"[""input00.txt"", ""input01.txt"", ""input02.txt"", ""input03.txt"", ""input04.txt"", ""input05.txt""]","[""input06.txt"", ""input07.txt"", ""input08.txt"", ""input09.txt"", ""input10.txt"", ""input11.txt"", ""input12.txt"", ""input13.txt"", ""input14.txt"", ""input15.txt"", ""input16.txt"", ""input17.txt"", ""input18.txt"", ""input19.txt"", ""input20.txt"", ""input21.txt""]","[""input06.txt"", ""input07.txt"", ""input08.txt"", ""input09.txt"", ""input10.txt"", ""input11.txt"", ""input12.txt"", ""input13.txt"", ""input14.txt"", ""input15.txt"", ""input16.txt"", ""input17.txt"", ""input18.txt"", ""input19.txt"", ""input20.txt"", ""input21.txt""]",[],50.027812,2.273991,3.0
organizare-mafiota,1314236771,user_0049,10.0,java,graph_reachability,1314236028,0.327684,0.879786,0.9,0.550546,0.0,0.550546,medium,22,5,17,22.73,0,17,0,False,"[""input00.txt"", ""input01.txt"", ""input02.txt"", ""input03.txt"", ""input04.txt""]","[""input05.txt"", ""input06.txt"", ""input07.txt"", ""input08.txt"", ""input09.txt"", ""input10.txt"", ""input11.txt"", ""input12.txt"", ""input13.txt"", ""input14.txt"", ""input15.txt"", ""input16.txt"", ""input17.txt"", ""input18.txt"", ""input19.txt"", ""input20.txt"", ""input21.txt""]","[""input05.txt"", ""input06.txt"", ""input07.txt"", ""input08.txt"", ""input09.txt"", ""input10.txt"", ""input11.txt"", ""input12.txt"", ""input13.txt"", ""input14.txt"", ""input15.txt"", ""input16.txt"", ""input17.txt"", ""input18.txt"", ""input19.txt"", ""input20.txt"", ""input21.txt""]",[],53.075694,2.412532,3.0
organizare-mafiota,1314236817,user_0007,10.0,java,graph_reachability,1314236028,0.468085,0.91026,0.9,0.643929,0.0,0.643929,medium,22,5,17,22.73,0,10,7,False,"[""input00.txt"", ""input01.txt"", ""input02.txt"", ""input03.txt"", ""input04.txt""]","[""input05.txt"", ""input06.txt"", ""input07.txt"", ""input08.txt"", ""input09.txt"", ""input10.txt"", ""input11.txt"", ""input12.txt"", ""input13.txt"", ""input14.txt"", ""input15.txt"", ""input16.txt"", ""input17.txt"", ""input18.txt"", ""input19.txt"", ""input20.txt"", ""input21.txt""]","[""input05.txt"", ""input06.txt"", ""input07.txt"", ""input08.txt"", ""input09.txt"", ""input10.txt"", ""input11.txt"", ""input19.txt"", ""input20.txt"", ""input21.txt""]","[""input12.txt"", ""input13.txt"", ""input14.txt"", ""input15.txt"", ""input16.txt"", ""input17.txt"", ""input18.txt""]",49.105395,2.232063,3.0
organizare-mafiota,1314236969,user_0030,10.0,java,graph_reachability,1314236028,0.395415,0.918739,0.9,0.602871,0.0,0.602871,medium,22,6,16,27.27,0,16,0,False,"[""input00.txt"", ""input01.txt"", ""input02.txt"", ""input03.txt"", ""input04.txt"", ""input05.txt""]","[""input06.txt"", ""input07.txt"", ""input08.txt"", ""input09.txt"", ""input10.txt"", ""input11.txt"", ""input12.txt"", ""input13.txt"", ""input14.txt"", ""input15.txt"", ""input16.txt"", ""input17.txt"", ""input18.txt"", ""input19.txt"", ""input20.txt"", ""input21.txt""]","[""input06.txt"", ""input07.txt"", ""input08.txt"", ""input09.txt"", ""input10.txt"", ""input11.txt"", ""input12.txt"", ""input13.txt"", ""input14.txt"", ""input15.txt"", ""input16.txt"", ""input17.txt"", ""input18.txt"", ""input19.txt"", ""input20.txt"", ""input21.txt""]",[],52.711756,2.395989,3.0
organizare-mafiota,1314237095,user_0007,10.0,java,graph_reachability,1314236028,0.465257,0.911001,0.9,0.642454,0.0,0.642454,medium,22,5,17,22.73,0,17,0,False,"[""input00.txt"", ""input01.txt"", ""input02.txt"", ""input03.txt"", ""input04.txt""]","[""input05.txt"", ""input06.txt"", ""input07.txt"", ""input08.txt"", ""input09.txt"", ""input10.txt"", ""input11.txt"", ""input12.txt"", ""input13.txt"", ""input14.txt"", ""input15.txt"", ""input16.txt"", ""input17.txt"", ""input18.txt"", ""input19.txt"", ""input20.txt"", ""input21.txt""]","[""input05.txt"", ""input06.txt"", ""input07.txt"", ""input08.txt"", ""input09.txt"", ""input10.txt"", ""input11.txt"", ""input12.txt"", ""input13.txt"", ""input14.txt"", ""input15.txt"", ""input16.txt"", ""input17.txt"", ""input18.txt"", ""input19.txt"", ""input20.txt"", ""input21.txt""]",[],53.648337,2.438561,3.0
organizare-mafiota,1314237119,user_0045,10.0,cpp,unknown,1314212329,0.0,0.95614,0.7,0.356842,0.344356,0.012486,low,22,6,16,27.27,0,16,0,False,"[""input00.txt"", ""input01.txt"", ""input02.txt"", ""input03.txt"", ""input04.txt"", ""input05.txt""]","[""input06.txt"", ""input07.txt"", ""input08.txt"", ""input09.txt"", ""input10.txt"", ""input11.txt"", ""input12.txt"", ""input13.txt"", ""input14.txt"", ""input15.txt"", ""input16.txt"", ""input17.txt"", ""input18.txt"", ""input19.txt"", ""input20.txt"", ""input21.txt""]","[""input06.txt"", ""input07.txt"", ""input08.txt"", ""input09.txt"", ""input10.txt"", ""input11.txt"", ""input12.txt"", ""input13.txt"", ""input14.txt"", ""input15.txt"", ""input16.txt"", ""input17.txt"", ""input18.txt"", ""input19.txt"", ""input20.txt"", ""input21.txt""]",[],49.67799,2.25809,3.0
organizare-mafiota,1314237178,user_0038,10.0,cpp,unknown,1323398709,0.0,0.781093,0.9,0.324328,0.304879,0.019449,low,22,4,18,18.18,0,17,1,False,"[""input00.txt"", ""input01.txt"", ""input04.txt"", ""input05.txt""]","[""input02.txt"", ""input03.txt"", ""input06.txt"", ""input07.txt"", ""input08.txt"", ""input09.txt"", ""input10.txt"", ""input11.txt"", ""input12.txt"", ""input13.txt"", ""input14.txt"", ""input15.txt"", ""input16.txt"", ""input17.txt"", ""input18.txt"", ""input19.txt"", ""input20.txt"", ""input21.txt""]","[""input02.txt"", ""input06.txt"", ""input07.txt"", ""input08.txt"", ""input09.txt"", ""input10.txt"", ""input11.txt"", ""input12.txt"", ""input13.txt"", ""input14.txt"", ""input15.txt"", ""input16.txt"", ""input17.txt"", ""input18.txt"", ""input19.txt"", ""input20.txt"", ""input21.txt""]","[""input03.txt""]",54.61547,2.482521,3.0
organizare-mafiota,1314237611,user_0007,10.0,java,graph_reachability,1314236028,0.457831,0.905946,0.9,0.636483,0.0,0.636483,medium,22,5,17,22.73,0,9,8,False,"[""input00.txt"", ""input01.txt"", ""input02.txt"", ""input03.txt"", ""input04.txt""]","[""input05.txt"", ""input06.txt"", ""input07.txt"", ""input08.txt"", ""input09.txt"", ""input10.txt"", ""input11.txt"", ""input12.txt"", ""input13.txt"", ""input14.txt"", ""input15.txt"", ""input16.txt"", ""input17.txt"", ""input18.txt"", ""input19.txt"", ""input20.txt"", ""input21.txt""]","[""input05.txt"", ""input06.txt"", ""input07.txt"", ""input08.txt"", ""input09.txt"", ""input10.txt"", ""input11.txt"", ""input12.txt"", ""input13.txt""]","[""input14.txt"", ""input15.txt"", ""input16.txt"", ""input17.txt"", ""input18.txt"", ""input19.txt"", ""input20.txt"", ""input21.txt""]",48.94813,2.224915,3.0
organizare-mafiota,1323398884,user_0002,10.0,cpp,greedy,1323398709,1.0,1.0,0.9,0.99,0.317903,0.672097,high,22,5,17,22.73,0,17,0,False,"[""input00.txt"", ""input01.txt"", ""input02.txt"", ""input03.txt"", ""input04.txt""]","[""input05.txt"", ""input06.txt"", ""input07.txt"", ""input08.txt"", ""input09.txt"", ""input10.txt"", ""input11.txt"", ""input12.txt"", ""input13.txt"", ""input14.txt"", ""input15.txt"", ""input16.txt"", ""input17.txt"", ""input18.txt"", ""input19.txt"", ""input20.txt"", ""input21.txt""]","[""input05.txt"", ""input06.txt"", ""input07.txt"", ""input08.txt"", ""input09.txt"", ""input10.txt"", ""input11.txt"", ""input12.txt"", ""input13.txt"", ""input14.txt"", ""input15.txt"", ""input16.txt"", ""input17.txt"", ""input18.txt"", ""input19.txt"", ""input20.txt"", ""input21.txt""]",[],51.549638,2.343165,3.0
organizare-mafiota,1314222962,user_0053,12.5,java,graph_reachability,1314236028,0.403509,0.877852,0.85,0.590461,0.0,0.590461,medium,22,6,16,27.27,0,8,8,False,"[""input00.txt"", ""input01.txt"", ""input02.txt"", ""input03.txt"", ""input04.txt"", ""input05.txt""]","[""input06.txt"", ""input07.txt"", ""input08.txt"", ""input09.txt"", ""input10.txt"", ""input11.txt"", ""input12.txt"", ""input13.txt"", ""input14.txt"", ""input15.txt"", ""input16.txt"", ""input17.txt"", ""input18.txt"", ""input19.txt"", ""input20.txt"", ""input21.txt""]","[""input06.txt"", ""input07.txt"", ""input08.txt"", ""input09.txt"", ""input10.txt"", ""input11.txt"", ""input20.txt"", ""input21.txt""]","[""input12.txt"", ""input13.txt"", ""input14.txt"", ""input15.txt"", ""input16.txt"", ""input17.txt"", ""input18.txt"", ""input19.txt""]",46.038137,2.092643,3.0
organizare-mafiota,1314236901,user_0010,12.5,cpp,unknown,1314212329,0.0,0.939212,0.75,0.356764,0.347591,0.009172,low,22,7,15,31.82,1,8,6,False,"[""input00.txt"", ""input01.txt"", ""input02.txt"", ""input03.txt"", ""input05.txt"", ""input06.txt"", ""input07.txt""]","[""input04.txt"", ""input08.txt"", ""input09.txt"", ""input10.txt"", ""input11.txt"", ""input12.txt"", ""input13.txt"", ""input14.txt"", ""input15.txt"", ""input16.txt"", ""input17.txt"", ""input18.txt"", ""input19.txt"", ""input20.txt"", ""input21.txt""]","[""input08.txt"", ""input09.txt"", ""input10.txt"", ""input11.txt"", ""input13.txt"", ""input15.txt"", ""input16.txt"", ""input18.txt""]","[""input12.txt"", ""input14.txt"", ""input17.txt"", ""input19.txt"", ""input20.txt"", ""input21.txt""]",37.636216,1.710737,3.0
organizare-mafiota,1314237041,user_0046,12.5,cpp,unknown,1314212329,0.0,0.967163,0.75,0.365149,0.343245,0.021904,low,22,7,15,31.82,0,15,0,False,"[""input00.txt"", ""input01.txt"", ""input02.txt"", ""input03.txt"", ""input04.txt"", ""input05.txt"", ""input06.txt""]","[""input07.txt"", ""input08.txt"", ""input09.txt"", ""input10.txt"", ""input11.txt"", ""input12.txt"", ""input13.txt"", ""input14.txt"", ""input15.txt"", ""input16.txt"", ""input17.txt"", ""input18.txt"", ""input19.txt"", ""input20.txt"", ""input21.txt""]","[""input07.txt"", ""input08.txt"", ""input09.txt"", ""input10.txt"", ""input11.txt"", ""input12.txt"", ""input13.txt"", ""input14.txt"", ""input15.txt"", ""input16.txt"", ""input17.txt"", ""input18.txt"", ""input19.txt"", ""input20.txt"", ""input21.txt""]",[],46.991734,2.135988,3.0
organizare-mafiota,1314237143,user_0046,12.5,cpp,unknown,1314212329,0.0,0.967058,0.75,0.365117,0.343748,0.021369,low,22,7,15,31.82,0,15,0,False,"[""input00.txt"", ""input01.txt"", ""input02.txt"", ""input03.txt"", ""input04.txt"", ""input05.txt"", ""input06.txt""]","[""input07.txt"", ""input08.txt"", ""input09.txt"", ""input10.txt"", ""input11.txt"", ""input12.txt"", ""input13.txt"", ""input14.txt"", ""input15.txt"", ""input16.txt"", ""input17.txt"", ""input18.txt"", ""input19.txt"", ""input20.txt"", ""input21.txt""]","[""input07.txt"", ""input08.txt"", ""input09.txt"", ""input10.txt"", ""input11.txt"", ""input12.txt"", ""input13.txt"", ""input14.txt"", ""input15.txt"", ""input16.txt"", ""input17.txt"", ""input18.txt"", ""input19.txt"", ""input20.txt"", ""input21.txt""]",[],46.801168,2.127326,3.0
organizare-mafiota,1314237394,user_0046,12.5,cpp,unknown,1314212329,0.0,0.966933,0.75,0.36508,0.343273,0.021807,low,22,7,15,31.82,0,15,0,False,"[""input00.txt"", ""input01.txt"", ""input02.txt"", ""input03.txt"", ""input04.txt"", ""input05.txt"", ""input06.txt""]","[""input07.txt"", ""input08.txt"", ""input09.txt"", ""input10.txt"", ""input11.txt"", ""input12.txt"", ""input13.txt"", ""input14.txt"", ""input15.txt"", ""input16.txt"", ""input17.txt"", ""input18.txt"", ""input19.txt"", ""input20.txt"", ""input21.txt""]","[""input07.txt"", ""input08.txt"", ""input09.txt"", ""input10.txt"", ""input11.txt"", ""input12.txt"", ""input13.txt"", ""input14.txt"", ""input15.txt"", ""input16.txt"", ""input17.txt"", ""input18.txt"", ""input19.txt"", ""input20.txt"", ""input21.txt""]",[],46.759773,2.125444,3.0
organizare-mafiota,1314237440,user_0052,12.5,java,unknown,1314236028,0.070652,0.929352,0.85,0.406197,0.0,0.406197,low,0,0,0,0.0,0,0,0,True,[],[],[],[],0.0,0.0,0.0
organizare-mafiota,1323078705,user_0011,12.5,cpp,unknown,1323398709,0.0,0.873061,0.85,0.346918,0.313834,0.033084,low,22,0,22,0.0,0,2,20,False,[],"[""input00.txt"", ""input01.txt"", ""input02.txt"", ""input03.txt"", ""input04.txt"", ""input05.txt"", ""input06.txt"", ""input07.txt"", ""input08.txt"", ""input09.txt"", ""input10.txt"", ""input11.txt"", ""input12.txt"", ""input13.txt"", ""input14.txt"", ""input15.txt"", ""input16.txt"", ""input17.txt"", ""input18.txt"", ""input19.txt"", ""input20.txt"", ""input21.txt""]","[""input00.txt"", ""input01.txt""]","[""input02.txt"", ""input03.txt"", ""input04.txt"", ""input05.txt"", ""input06.txt"", ""input07.txt"", ""input08.txt"", ""input09.txt"", ""input10.txt"", ""input11.txt"", ""input12.txt"", ""input13.txt"", ""input14.txt"", ""input15.txt"", ""input16.txt"", ""input17.txt"", ""input18.txt"", ""input19.txt"", ""input20.txt"", ""input21.txt""]",9.678077,0.439913,3.0
organizare-mafiota,1323079709,user_0025,12.5,java,graph_reachability,1314236028,0.344214,0.841992,0.85,0.544126,0.0,0.544126,medium,22,5,17,22.73,2,15,0,False,"[""input00.txt"", ""input02.txt"", ""input03.txt"", ""input05.txt"", ""input06.txt""]","[""input01.txt"", ""input04.txt"", ""input07.txt"", ""input08.txt"", ""input09.txt"", ""input10.txt"", ""input11.txt"", ""input12.txt"", ""input13.txt"", ""input14.txt"", ""input15.txt"", ""input16.txt"", ""input17.txt"", ""input18.txt"", ""input19.txt"", ""input20.txt"", ""input21.txt""]","[""input07.txt"", ""input08.txt"", ""input09.txt"", ""input10.txt"", ""input11.txt"", ""input12.txt"", ""input13.txt"", ""input14.txt"", ""input15.txt"", ""input16.txt"", ""input17.txt"", ""input18.txt"", ""input19.txt"", ""input20.txt"", ""input21.txt""]",[],49.459893,2.248177,3.0
organizare-mafiota,1323449697,user_0013,12.5,java,graph_reachability,1314236028,0.522667,0.844366,0.85,0.65191,0.0,0.65191,medium,0,0,0,0.0,0,0,0,True,[],[],[],[],0.0,0.0,0.0
organizare-mafiota,1378143030,user_0037,12.5,java,graph_reachability,1314236028,0.380048,0.930793,0.85,0.592266,0.0,0.592266,medium,22,5,17,22.73,1,16,0,False,"[""input00.txt"", ""input01.txt"", ""input02.txt"", ""input03.txt"", ""input05.txt""]","[""input04.txt"", ""input06.txt"", ""input07.txt"", ""input08.txt"", ""input09.txt"", ""input10.txt"", ""input11.txt"", ""input12.txt"", ""input13.txt"", ""input14.txt"", ""input15.txt"", ""input16.txt"", ""input17.txt"", ""input18.txt"", ""input19.txt"", ""input20.txt"", ""input21.txt""]","[""input06.txt"", ""input07.txt"", ""input08.txt"", ""input09.txt"", ""input10.txt"", ""input11.txt"", ""input12.txt"", ""input13.txt"", ""input14.txt"", ""input15.txt"", ""input16.txt"", ""input17.txt"", ""input18.txt"", ""input19.txt"", ""input20.txt"", ""input21.txt""]",[],51.903198,2.359236,3.0
organizare-mafiota,1391831540,user_0050,12.5,java,graph_reachability,1314236028,0.381766,0.848705,0.85,0.568671,0.0,0.568671,medium,22,6,16,27.27,0,16,0,False,"[""input00.txt"", ""input01.txt"", ""input02.txt"", ""input03.txt"", ""input04.txt"", ""input05.txt""]","[""input06.txt"", ""input07.txt"", ""input08.txt"", ""input09.txt"", ""input10.txt"", ""input11.txt"", ""input12.txt"", ""input13.txt"", ""input14.txt"", ""input15.txt"", ""input16.txt"", ""input17.txt"", ""input18.txt"", ""input19.txt"", ""input20.txt"", ""input21.txt""]","[""input06.txt"", ""input07.txt"", ""input08.txt"", ""input09.txt"", ""input10.txt"", ""input11.txt"", ""input12.txt"", ""input13.txt"", ""input14.txt"", ""input15.txt"", ""input16.txt"", ""input17.txt"", ""input18.txt"", ""input19.txt"", ""input20.txt"", ""input21.txt""]",[],51.414332,2.337015,3.0
organizare-mafiota,1314237712,user_0009,15.0,java,graph_reachability,1314236028,0.478261,0.873987,0.8,0.629153,0.0,0.629153,medium,22,6,16,27.27,0,16,0,False,"[""input00.txt"", ""input01.txt"", ""input02.txt"", ""input03.txt"", ""input04.txt"", ""input05.txt""]","[""input06.txt"", ""input07.txt"", ""input08.txt"", ""input09.txt"", ""input10.txt"", ""input11.txt"", ""input12.txt"", ""input13.txt"", ""input14.txt"", ""input15.txt"", ""input16.txt"", ""input17.txt"", ""input18.txt"", ""input19.txt"", ""input20.txt"", ""input21.txt""]","[""input06.txt"", ""input07.txt"", ""input08.txt"", ""input09.txt"", ""input10.txt"", ""input11.txt"", ""input12.txt"", ""input13.txt"", ""input14.txt"", ""input15.txt"", ""input16.txt"", ""input17.txt"", ""input18.txt"", ""input19.txt"", ""input20.txt"", ""input21.txt""]",[],49.761386,2.261881,3.0
organizare-mafiota,1323374501,user_0026,15.0,java,unknown,1314236028,0.092643,0.897567,0.8,0.404856,0.0,0.404856,low,0,0,0,0.0,0,0,0,True,[],[],[],[],0.0,0.0,0.0
organizare-mafiota,1323388419,user_0027,15.0,cpp,unknown,1323398709,0.0,0.916306,0.8,0.354892,0.311992,0.0429,low,0,0,0,0.0,0,0,0,True,[],[],[],[],0.0,0.0,0.0
organizare-mafiota,1323449733,user_0013,15.0,java,graph_reachability,1314236028,0.53406,0.840767,0.8,0.652666,0.0,0.652666,medium,0,0,0,0.0,0,0,0,True,[],[],[],[],0.0,0.0,0.0
organizare-mafiota,1323449824,user_0022,15.0,cpp,unknown,1314212329,0.0,0.971261,0.8,0.371378,0.343444,0.027934,low,22,7,15,31.82,0,15,0,False,"[""input00.txt"", ""input01.txt"", ""input02.txt"", ""input03.txt"", ""input04.txt"", ""input05.txt"", ""input06.txt""]","[""input07.txt"", ""input08.txt"", ""input09.txt"", ""input10.txt"", ""input11.txt"", ""input12.txt"", ""input13.txt"", ""input14.txt"", ""input15.txt"", ""input16.txt"", ""input17.txt"", ""input18.txt"", ""input19.txt"", ""input20.txt"", ""input21.txt""]","[""input07.txt"", ""input08.txt"", ""input09.txt"", ""input10.txt"", ""input11.txt"", ""input12.txt"", ""input13.txt"", ""input14.txt"", ""input15.txt"", ""input16.txt"", ""input17.txt"", ""input18.txt"", ""input19.txt"", ""input20.txt"", ""input21.txt""]",[],47.856356,2.175289,3.0
organizare-mafiota,1391864412,user_0033,15.0,cpp,unknown,1314212329,0.0,0.948054,0.8,0.364416,0.341528,0.022888,low,22,7,15,31.82,0,15,0,False,"[""input00.txt"", ""input01.txt"", ""input02.txt"", ""input03.txt"", ""input04.txt"", ""input05.txt"", ""input06.txt""]","[""input07.txt"", ""input08.txt"", ""input09.txt"", ""input10.txt"", ""input11.txt"", ""input12.txt"", ""input13.txt"", ""input14.txt"", ""input15.txt"", ""input16.txt"", ""input17.txt"", ""input18.txt"", ""input19.txt"", ""input20.txt"", ""input21.txt""]","[""input07.txt"", ""input08.txt"", ""input09.txt"", ""input10.txt"", ""input11.txt"", ""input12.txt"", ""input13.txt"", ""input14.txt"", ""input15.txt"", ""input16.txt"", ""input17.txt"", ""input18.txt"", ""input19.txt"", ""input20.txt"", ""input21.txt""]",[],48.890182,2.222281,3.0
organizare-mafiota,1391864462,user_0036,15.0,cpp,unknown,1323398709,0.0,0.913057,0.8,0.353917,0.320928,0.032989,low,22,6,16,27.27,0,16,0,False,"[""input00.txt"", ""input01.txt"", ""input02.txt"", ""input03.txt"", ""input04.txt"", ""input05.txt""]","[""input06.txt"", ""input07.txt"", ""input08.txt"", ""input09.txt"", ""input10.txt"", ""input11.txt"", ""input12.txt"", ""input13.txt"", ""input14.txt"", ""input15.txt"", ""input16.txt"", ""input17.txt"", ""input18.txt"", ""input19.txt"", ""input20.txt"", ""input21.txt""]","[""input06.txt"", ""input07.txt"", ""input08.txt"", ""input09.txt"", ""input10.txt"", ""input11.txt"", ""input12.txt"", ""input13.txt"", ""input14.txt"", ""input15.txt"", ""input16.txt"", ""input17.txt"", ""input18.txt"", ""input19.txt"", ""input20.txt"", ""input21.txt""]",[],49.086138,2.231188,3.0
organizare-mafiota,1314184031,user_0047,22.5,java,graph_reachability,1314236028,0.42623,0.891682,0.65,0.588242,0.0,0.588242,medium,22,5,17,22.73,0,17,0,False,"[""input00.txt"", ""input01.txt"", ""input02.txt"", ""input03.txt"", ""input04.txt""]","[""input05.txt"", ""input06.txt"", ""input07.txt"", ""input08.txt"", ""input09.txt"", ""input10.txt"", ""input11.txt"", ""input12.txt"", ""input13.txt"", ""input14.txt"", ""input15.txt"", ""input16.txt"", ""input17.txt"", ""input18.txt"", ""input19.txt"", ""input20.txt"", ""input21.txt""]","[""input05.txt"", ""input06.txt"", ""input07.txt"", ""input08.txt"", ""input09.txt"", ""input10.txt"", ""input11.txt"", ""input12.txt"", ""input13.txt"", ""input14.txt"", ""input15.txt"", ""input16.txt"", ""input17.txt"", ""input18.txt"", ""input19.txt"", ""input20.txt"", ""input21.txt""]",[],52.469681,2.384985,3.0
organizare-mafiota,1314184304,user_0047,25.0,java,graph_reachability,1314236028,0.403509,0.877852,0.6,0.565461,0.0,0.565461,medium,22,7,15,31.82,0,13,2,False,"[""input00.txt"", ""input01.txt"", ""input02.txt"", ""input03.txt"", ""input04.txt"", ""input05.txt"", ""input06.txt""]","[""input07.txt"", ""input08.txt"", ""input09.txt"", ""input10.txt"", ""input11.txt"", ""input12.txt"", ""input13.txt"", ""input14.txt"", ""input15.txt"", ""input16.txt"", ""input17.txt"", ""input18.txt"", ""input19.txt"", ""input20.txt"", ""input21.txt""]","[""input07.txt"", ""input08.txt"", ""input09.txt"", ""input10.txt"", ""input11.txt"", ""input12.txt"", ""input13.txt"", ""input14.txt"", ""input15.txt"", ""input16.txt"", ""input17.txt"", ""input18.txt"", ""input21.txt""]","[""input19.txt"", ""input20.txt""]",48.931231,2.224147,3.0
organizare-mafiota,1314212329,user_0048,25.0,cpp,graph_reachability,1314212329,1.0,1.0,1.0,1.0,1.0,0.0,reference,22,8,14,36.36,0,14,0,False,"[""input00.txt"", ""input01.txt"", ""input02.txt"", ""input03.txt"", ""input04.txt"", ""input05.txt"", ""input06.txt"", ""input07.txt""]","[""input08.txt"", ""input09.txt"", ""input10.txt"", ""input11.txt"", ""input12.txt"", ""input13.txt"", ""input14.txt"", ""input15.txt"", ""input16.txt"", ""input17.txt"", ""input18.txt"", ""input19.txt"", ""input20.txt"", ""input21.txt""]","[""input08.txt"", ""input09.txt"", ""input10.txt"", ""input11.txt"", ""input12.txt"", ""input13.txt"", ""input14.txt"", ""input15.txt"", ""input16.txt"", ""input17.txt"", ""input18.txt"", ""input19.txt"", ""input20.txt"", ""input21.txt""]",[],43.919585,1.996345,3.0
organizare-mafiota,1314158843,user_0053,45.0,cpp,unknown,1391688758,0.0,0.954335,0.9,0.3763,0.368679,0.007621,low,22,8,14,36.36,0,14,0,False,"[""input00.txt"", ""input01.txt"", ""input02.txt"", ""input03.txt"", ""input04.txt"", ""input05.txt"", ""input06.txt"", ""input07.txt""]","[""input08.txt"", ""input09.txt"", ""input10.txt"", ""input11.txt"", ""input12.txt"", ""input13.txt"", ""input14.txt"", ""input15.txt"", ""input16.txt"", ""input17.txt"", ""input18.txt"", ""input19.txt"", ""input20.txt"", ""input21.txt""]","[""input08.txt"", ""input09.txt"", ""input10.txt"", ""input11.txt"", ""input12.txt"", ""input13.txt"", ""input14.txt"", ""input15.txt"", ""input16.txt"", ""input17.txt"", ""input18.txt"", ""input19.txt"", ""input20.txt"", ""input21.txt""]",[],45.949095,2.088595,3.0
organizare-mafiota,1391779860,user_0034,45.0,cpp,unknown,1391779874,0.0,0.994334,0.95,0.3933,0.37914,0.01416,low,22,6,16,27.27,2,14,0,False,"[""input00.txt"", ""input01.txt"", ""input03.txt"", ""input05.txt"", ""input06.txt"", ""input07.txt""]","[""input02.txt"", ""input04.txt"", ""input08.txt"", ""input09.txt"", ""input10.txt"", ""input11.txt"", ""input12.txt"", ""input13.txt"", ""input14.txt"", ""input15.txt"", ""input16.txt"", ""input17.txt"", ""input18.txt"", ""input19.txt"", ""input20.txt"", ""input21.txt""]","[""input08.txt"", ""input09.txt"", ""input10.txt"", ""input11.txt"", ""input12.txt"", ""input13.txt"", ""input14.txt"", ""input15.txt"", ""input16.txt"", ""input17.txt"", ""input18.txt"", ""input19.txt"", ""input20.txt"", ""input21.txt""]",[],46.524143,2.114734,3.0
organizare-mafiota,1314158851,user_0053,47.5,cpp,unknown,1391688758,0.0,0.954335,0.95,0.3813,0.373679,0.007621,low,22,9,13,40.91,0,13,0,False,"[""input00.txt"", ""input01.txt"", ""input02.txt"", ""input03.txt"", ""input04.txt"", ""input05.txt"", ""input06.txt"", ""input07.txt"", ""input08.txt""]","[""input09.txt"", ""input10.txt"", ""input11.txt"", ""input12.txt"", ""input13.txt"", ""input14.txt"", ""input15.txt"", ""input16.txt"", ""input17.txt"", ""input18.txt"", ""input19.txt"", ""input20.txt"", ""input21.txt""]","[""input09.txt"", ""input10.txt"", ""input11.txt"", ""input12.txt"", ""input13.txt"", ""input14.txt"", ""input15.txt"", ""input16.txt"", ""input17.txt"", ""input18.txt"", ""input19.txt"", ""input20.txt"", ""input21.txt""]",[],45.380367,2.062744,3.0
organizare-mafiota,1314236163,user_0014,47.5,cpp,unknown,1391779874,0.0,0.917192,1.0,0.375158,0.361065,0.014093,low,22,9,13,40.91,1,12,0,False,"[""input00.txt"", ""input01.txt"", ""input02.txt"", ""input03.txt"", ""input05.txt"", ""input06.txt"", ""input07.txt"", ""input08.txt"", ""input12.txt""]","[""input04.txt"", ""input09.txt"", ""input10.txt"", ""input11.txt"", ""input13.txt"", ""input14.txt"", ""input15.txt"", ""input16.txt"", ""input17.txt"", ""input18.txt"", ""input19.txt"", ""input20.txt"", ""input21.txt""]","[""input09.txt"", ""input10.txt"", ""input11.txt"", ""input13.txt"", ""input14.txt"", ""input15.txt"", ""input16.txt"", ""input17.txt"", ""input18.txt"", ""input19.txt"", ""input20.txt"", ""input21.txt""]",[],44.505122,2.02296,3.001728
organizare-mafiota,1314236204,user_0010,47.5,cpp,unknown,1323409209,0.0,0.964721,1.0,0.389416,0.349156,0.04026,low,22,8,14,36.36,1,7,6,False,"[""input00.txt"", ""input01.txt"", ""input02.txt"", ""input03.txt"", ""input05.txt"", ""input06.txt"", ""input07.txt"", ""input08.txt""]","[""input04.txt"", ""input09.txt"", ""input10.txt"", ""input11.txt"", ""input12.txt"", ""input13.txt"", ""input14.txt"", ""input15.txt"", ""input16.txt"", ""input17.txt"", ""input18.txt"", ""input19.txt"", ""input20.txt"", ""input21.txt""]","[""input09.txt"", ""input10.txt"", ""input11.txt"", ""input14.txt"", ""input17.txt"", ""input18.txt"", ""input19.txt""]","[""input12.txt"", ""input13.txt"", ""input15.txt"", ""input16.txt"", ""input20.txt"", ""input21.txt""]",36.422765,1.65558,3.0
organizare-mafiota,1314236379,user_0010,47.5,cpp,unknown,1323409209,0.0,0.947534,1.0,0.38426,0.341942,0.042318,low,22,8,14,36.36,1,5,8,False,"[""input00.txt"", ""input01.txt"", ""input02.txt"", ""input03.txt"", ""input05.txt"", ""input06.txt"", ""input07.txt"", ""input08.txt""]","[""input04.txt"", ""input09.txt"", ""input10.txt"", ""input11.txt"", ""input12.txt"", ""input13.txt"", ""input14.txt"", ""input15.txt"", ""input16.txt"", ""input17.txt"", ""input18.txt"", ""input19.txt"", ""input20.txt"", ""input21.txt""]","[""input09.txt"", ""input10.txt"", ""input11.txt"", ""input16.txt"", ""input17.txt""]","[""input12.txt"", ""input13.txt"", ""input14.txt"", ""input15.txt"", ""input18.txt"", ""input19.txt"", ""input20.txt"", ""input21.txt""]",36.566382,1.662108,3.0
organizare-mafiota,1314236788,user_0010,47.5,cpp,unknown,1323409209,0.0,0.951771,1.0,0.385531,0.34563,0.039901,low,22,8,14,36.36,1,5,8,False,"[""input00.txt"", ""input01.txt"", ""input02.txt"", ""input03.txt"", ""input05.txt"", ""input06.txt"", ""input07.txt"", ""input08.txt""]","[""input04.txt"", ""input09.txt"", ""input10.txt"", ""input11.txt"", ""input12.txt"", ""input13.txt"", ""input14.txt"", ""input15.txt"", ""input16.txt"", ""input17.txt"", ""input18.txt"", ""input19.txt"", ""input20.txt"", ""input21.txt""]","[""input09.txt"", ""input10.txt"", ""input13.txt"", ""input17.txt"", ""input20.txt""]","[""input11.txt"", ""input12.txt"", ""input14.txt"", ""input15.txt"", ""input16.txt"", ""input18.txt"", ""input19.txt"", ""input21.txt""]",34.247905,1.556723,3.0
organizare-mafiota,1314236920,user_0010,47.5,cpp,unknown,1323409209,0.0,0.950071,1.0,0.385021,0.345104,0.039917,low,22,8,14,36.36,1,7,6,False,"[""input00.txt"", ""input01.txt"", ""input02.txt"", ""input03.txt"", ""input05.txt"", ""input06.txt"", ""input07.txt"", ""input08.txt""]","[""input04.txt"", ""input09.txt"", ""input10.txt"", ""input11.txt"", ""input12.txt"", ""input13.txt"", ""input14.txt"", ""input15.txt"", ""input16.txt"", ""input17.txt"", ""input18.txt"", ""input19.txt"", ""input20.txt"", ""input21.txt""]","[""input09.txt"", ""input10.txt"", ""input11.txt"", ""input13.txt"", ""input18.txt"", ""input19.txt"", ""input21.txt""]","[""input12.txt"", ""input14.txt"", ""input15.txt"", ""input16.txt"", ""input17.txt"", ""input20.txt""]",36.711429,1.668701,3.0
organizare-mafiota,1314237062,user_0019,47.5,cpp,unknown,1323409209,0.0,0.859572,1.0,0.357872,0.33161,0.026261,low,22,14,8,63.64,2,6,0,False,"[""input00.txt"", ""input02.txt"", ""input03.txt"", ""input05.txt"", ""input06.txt"", ""input07.txt"", ""input08.txt"", ""input10.txt"", ""input12.txt"", ""input13.txt"", ""input14.txt"", ""input15.txt"", ""input17.txt"", ""input19.txt""]","[""input01.txt"", ""input04.txt"", ""input09.txt"", ""input11.txt"", ""input16.txt"", ""input18.txt"", ""input20.txt"", ""input21.txt""]","[""input09.txt"", ""input11.txt"", ""input16.txt"", ""input18.txt"", ""input20.txt"", ""input21.txt""]",[],39.526842,1.796675,3.005191
organizare-mafiota,1314237580,user_0014,47.5,cpp,unknown,1391779874,0.0,0.926521,1.0,0.377956,0.363798,0.014158,low,22,10,12,45.45,1,11,0,False,"[""input00.txt"", ""input01.txt"", ""input02.txt"", ""input03.txt"", ""input05.txt"", ""input06.txt"", ""input07.txt"", ""input08.txt"", ""input12.txt"", ""input15.txt""]","[""input04.txt"", ""input09.txt"", ""input10.txt"", ""input11.txt"", ""input13.txt"", ""input14.txt"", ""input16.txt"", ""input17.txt"", ""input18.txt"", ""input19.txt"", ""input20.txt"", ""input21.txt""]","[""input09.txt"", ""input10.txt"", ""input11.txt"", ""input13.txt"", ""input14.txt"", ""input16.txt"", ""input17.txt"", ""input18.txt"", ""input19.txt"", ""input20.txt"", ""input21.txt""]",[],44.249907,2.011359,3.0
organizare-mafiota,1323409209,user_0021,47.5,cpp,dfs,1323409209,1.0,1.0,1.0,1.0,1.0,0.0,reference,22,9,13,40.91,1,12,0,False,"[""input00.txt"", ""input01.txt"", ""input02.txt"", ""input03.txt"", ""input05.txt"", ""input06.txt"", ""input07.txt"", ""input08.txt"", ""input15.txt""]","[""input04.txt"", ""input09.txt"", ""input10.txt"", ""input11.txt"", ""input12.txt"", ""input13.txt"", ""input14.txt"", ""input16.txt"", ""input17.txt"", ""input18.txt"", ""input19.txt"", ""input20.txt"", ""input21.txt""]","[""input09.txt"", ""input10.txt"", ""input11.txt"", ""input12.txt"", ""input13.txt"", ""input14.txt"", ""input16.txt"", ""input17.txt"", ""input18.txt"", ""input19.txt"", ""input20.txt"", ""input21.txt""]",[],44.939157,2.042689,3.0
organizare-mafiota,1323450152,user_0022,47.5,cpp,unknown,1323409209,0.0,0.980354,1.0,0.394106,0.356575,0.037531,low,22,7,15,31.82,2,13,0,False,"[""input00.txt"", ""input03.txt"", ""input04.txt"", ""input05.txt"", ""input06.txt"", ""input07.txt"", ""input08.txt""]","[""input01.txt"", ""input02.txt"", ""input09.txt"", ""input10.txt"", ""input11.txt"", ""input12.txt"", ""input13.txt"", ""input14.txt"", ""input15.txt"", ""input16.txt"", ""input17.txt"", ""input18.txt"", ""input19.txt"", ""input20.txt"", ""input21.txt""]","[""input09.txt"", ""input10.txt"", ""input11.txt"", ""input12.txt"", ""input13.txt"", ""input14.txt"", ""input15.txt"", ""input16.txt"", ""input17.txt"", ""input18.txt"", ""input19.txt"", ""input20.txt"", ""input21.txt""]",[],44.591297,2.026877,3.0
organizare-mafiota,1333805821,user_0043,47.5,cpp,unknown,1391779874,0.0,0.926783,1.0,0.378035,0.363847,0.014188,low,22,9,13,40.91,1,12,0,False,"[""input00.txt"", ""input01.txt"", ""input02.txt"", ""input03.txt"", ""input05.txt"", ""input06.txt"", ""input07.txt"", ""input08.txt"", ""input15.txt""]","[""input04.txt"", ""input09.txt"", ""input10.txt"", ""input11.txt"", ""input12.txt"", ""input13.txt"", ""input14.txt"", ""input16.txt"", ""input17.txt"", ""input18.txt"", ""input19.txt"", ""input20.txt"", ""input21.txt""]","[""input09.txt"", ""input10.txt"", ""input11.txt"", ""input12.txt"", ""input13.txt"", ""input14.txt"", ""input16.txt"", ""input17.txt"", ""input18.txt"", ""input19.txt"", ""input20.txt"", ""input21.txt""]",[],44.192988,2.008772,3.0
organizare-mafiota,1391779874,user_0034,47.5,cpp,greedy,1391779874,1.0,1.0,1.0,1.0,1.0,0.0,reference,22,7,15,31.82,1,14,0,False,"[""input00.txt"", ""input01.txt"", ""input02.txt"", ""input03.txt"", ""input05.txt"", ""input06.txt"", ""input07.txt""]","[""input04.txt"", ""input08.txt"", ""input09.txt"", ""input10.txt"", ""input11.txt"", ""input12.txt"", ""input13.txt"", ""input14.txt"", ""input15.txt"", ""input16.txt"", ""input17.txt"", ""input18.txt"", ""input19.txt"", ""input20.txt"", ""input21.txt""]","[""input08.txt"", ""input09.txt"", ""input10.txt"", ""input11.txt"", ""input12.txt"", ""input13.txt"", ""input14.txt"", ""input15.txt"", ""input16.txt"", ""input17.txt"", ""input18.txt"", ""input19.txt"", ""input20.txt"", ""input21.txt""]",[],46.92349,2.132886,3.0
organizare-mafiota,1314158859,user_0053,50.0,cpp,unknown,1391688758,0.0,0.954335,1.0,0.3863,0.368679,0.017621,low,22,9,13,40.91,0,13,0,False,"[""input00.txt"", ""input01.txt"", ""input02.txt"", ""input03.txt"", ""input04.txt"", ""input05.txt"", ""input06.txt"", ""input07.txt"", ""input08.txt""]","[""input09.txt"", ""input10.txt"", ""input11.txt"", ""input12.txt"", ""input13.txt"", ""input14.txt"", ""input15.txt"", ""input16.txt"", ""input17.txt"", ""input18.txt"", ""input19.txt"", ""input20.txt"", ""input21.txt""]","[""input09.txt"", ""input10.txt"", ""input11.txt"", ""input12.txt"", ""input13.txt"", ""input14.txt"", ""input15.txt"", ""input16.txt"", ""input17.txt"", ""input18.txt"", ""input19.txt"", ""input20.txt"", ""input21.txt""]",[],45.272668,2.057849,3.0
organizare-mafiota,1314158862,user_0053,50.0,cpp,unknown,1344635351,0.0,0.939985,1.0,0.381996,0.36398,0.018015,low,22,8,14,36.36,0,14,0,False,"[""input00.txt"", ""input01.txt"", ""input02.txt"", ""input03.txt"", ""input04.txt"", ""input05.txt"", ""input06.txt"", ""input07.txt""]","[""input08.txt"", ""input09.txt"", ""input10.txt"", ""input11.txt"", ""input12.txt"", ""input13.txt"", ""input14.txt"", ""input15.txt"", ""input16.txt"", ""input17.txt"", ""input18.txt"", ""input19.txt"", ""input20.txt"", ""input21.txt""]","[""input08.txt"", ""input09.txt"", ""input10.txt"", ""input11.txt"", ""input12.txt"", ""input13.txt"", ""input14.txt"", ""input15.txt"", ""input16.txt"", ""input17.txt"", ""input18.txt"", ""input19.txt"", ""input20.txt"", ""input21.txt""]",[],45.858931,2.084497,3.0
organizare-mafiota,1314168969,user_0047,50.0,java,graph_reachability,1314236028,0.379121,0.946735,0.1,0.521493,0.0,0.521493,medium,22,22,0,100.0,0,0,0,False,"[""input00.txt"", ""input01.txt"", ""input02.txt"", ""input03.txt"", ""input04.txt"", ""input05.txt"", ""input06.txt"", ""input07.txt"", ""input08.txt"", ""input09.txt"", ""input10.txt"", ""input11.txt"", ""input12.txt"", ""input13.txt"", ""input14.txt"", ""input15.txt"", ""input16.txt"", ""input17.txt"", ""input18.txt"", ""input19.txt"", ""input20.txt"", ""input21.txt""]",[],[],[],26.678885,1.212677,2.499353
organizare-mafiota,1314186184,user_0023,50.0,cpp,unknown,1344635351,0.0,0.941877,1.0,0.382563,0.360351,0.022212,low,22,22,0,100.0,0,0,0,False,"[""input00.txt"", ""input01.txt"", ""input02.txt"", ""input03.txt"", ""input04.txt"", ""input05.txt"", ""input06.txt"", ""input07.txt"", ""input08.txt"", ""input09.txt"", ""input10.txt"", ""input11.txt"", ""input12.txt"", ""input13.txt"", ""input14.txt"", ""input15.txt"", ""input16.txt"", ""input17.txt"", ""input18.txt"", ""input19.txt"", ""input20.txt"", ""input21.txt""]",[],[],[],14.905101,0.677505,1.589787
organizare-mafiota,1314222956,user_0053,50.0,java,graph_reachability,1314236028,0.379121,0.946735,0.1,0.521493,0.0,0.521493,medium,22,20,2,90.91,0,2,0,False,"[""input00.txt"", ""input01.txt"", ""input02.txt"", ""input03.txt"", ""input04.txt"", ""input05.txt"", ""input06.txt"", ""input07.txt"", ""input08.txt"", ""input09.txt"", ""input10.txt"", ""input11.txt"", ""input12.txt"", ""input13.txt"", ""input15.txt"", ""input16.txt"", ""input17.txt"", ""input18.txt"", ""input19.txt"", ""input20.txt""]","[""input14.txt"", ""input21.txt""]","[""input14.txt"", ""input21.txt""]",[],39.643296,1.801968,3.0
organizare-mafiota,1314235802,user_0056,50.0,cpp,dfs,1344635351,1.0,1.0,1.0,1.0,0.348342,0.651658,high,22,22,0,100.0,0,0,0,False,"[""input00.txt"", ""input01.txt"", ""input02.txt"", ""input03.txt"", ""input04.txt"", ""input05.txt"", ""input06.txt"", ""input07.txt"", ""input08.txt"", ""input09.txt"", ""input10.txt"", ""input11.txt"", ""input12.txt"", ""input13.txt"", ""input14.txt"", ""input15.txt"", ""input16.txt"", ""input17.txt"", ""input18.txt"", ""input19.txt"", ""input20.txt"", ""input21.txt""]",[],[],[],21.658121,0.98446,1.823518
organizare-mafiota,1314236741,user_0003,50.0,java,graph_reachability,1314236028,0.414634,0.92488,0.1,0.536245,0.0,0.536245,medium,22,22,0,100.0,0,0,0,False,"[""input00.txt"", ""input01.txt"", ""input02.txt"", ""input03.txt"", ""input04.txt"", ""input05.txt"", ""input06.txt"", ""input07.txt"", ""input08.txt"", ""input09.txt"", ""input10.txt"", ""input11.txt"", ""input12.txt"", ""input13.txt"", ""input14.txt"", ""input15.txt"", ""input16.txt"", ""input17.txt"", ""input18.txt"", ""input19.txt"", ""input20.txt"", ""input21.txt""]",[],[],[],22.618242,1.028102,2.002898
organizare-mafiota,1323374677,user_0026,50.0,java,unknown,1314236028,0.097701,0.896297,0.1,0.33751,0.0,0.33751,low,0,0,0,0.0,0,0,0,True,[],[],[],[],0.0,0.0,0.0
organizare-mafiota,1323410048,user_0021,50.0,cpp,unknown,1323409209,0.152047,0.996641,0.95,0.48522,0.343022,0.142198,low,22,9,13,40.91,0,13,0,False,"[""input00.txt"", ""input01.txt"", ""input02.txt"", ""input03.txt"", ""input04.txt"", ""input05.txt"", ""input06.txt"", ""input07.txt"", ""input08.txt""]","[""input09.txt"", ""input10.txt"", ""input11.txt"", ""input12.txt"", ""input13.txt"", ""input14.txt"", ""input15.txt"", ""input16.txt"", ""input17.txt"", ""input18.txt"", ""input19.txt"", ""input20.txt"", ""input21.txt""]","[""input09.txt"", ""input10.txt"", ""input11.txt"", ""input12.txt"", ""input13.txt"", ""input14.txt"", ""input15.txt"", ""input16.txt"", ""input17.txt"", ""input18.txt"", ""input19.txt"", ""input20.txt"", ""input21.txt""]",[],45.14745,2.052157,3.0
organizare-mafiota,1323414901,user_0028,50.0,cpp,unknown,1391688758,0.0,0.936706,1.0,0.381012,0.37019,0.010822,low,22,10,12,45.45,0,12,0,False,"[""input00.txt"", ""input01.txt"", ""input02.txt"", ""input03.txt"", ""input04.txt"", ""input05.txt"", ""input06.txt"", ""input07.txt"", ""input08.txt"", ""input15.txt""]","[""input09.txt"", ""input10.txt"", ""input11.txt"", ""input12.txt"", ""input13.txt"", ""input14.txt"", ""input16.txt"", ""input17.txt"", ""input18.txt"", ""input19.txt"", ""input20.txt"", ""input21.txt""]","[""input09.txt"", ""input10.txt"", ""input11.txt"", ""input12.txt"", ""input13.txt"", ""input14.txt"", ""input16.txt"", ""input17.txt"", ""input18.txt"", ""input19.txt"", ""input20.txt"", ""input21.txt""]",[],44.49153,2.022342,3.0
organizare-mafiota,1323431344,user_0031,50.0,cpp,unknown,1344635351,0.0,0.952093,1.0,0.385628,0.362781,0.022847,low,22,9,13,40.91,0,13,0,False,"[""input00.txt"", ""input01.txt"", ""input02.txt"", ""input03.txt"", ""input04.txt"", ""input05.txt"", ""input06.txt"", ""input07.txt"", ""input15.txt""]","[""input08.txt"", ""input09.txt"", ""input10.txt"", ""input11.txt"", ""input12.txt"", ""input13.txt"", ""input14.txt"", ""input16.txt"", ""input17.txt"", ""input18.txt"", ""input19.txt"", ""input20.txt"", ""input21.txt""]","[""input08.txt"", ""input09.txt"", ""input10.txt"", ""input11.txt"", ""input12.txt"", ""input13.txt"", ""input14.txt"", ""input16.txt"", ""input17.txt"", ""input18.txt"", ""input19.txt"", ""input20.txt"", ""input21.txt""]",[],45.444344,2.065652,3.0
organizare-mafiota,1333777242,user_0004,50.0,cpp,unknown,1391688758,0.0,0.965249,1.0,0.389575,0.37559,0.013985,low,22,10,12,45.45,0,12,0,False,"[""input00.txt"", ""input01.txt"", ""input02.txt"", ""input03.txt"", ""input04.txt"", ""input05.txt"", ""input06.txt"", ""input07.txt"", ""input08.txt"", ""input15.txt""]","[""input09.txt"", ""input10.txt"", ""input11.txt"", ""input12.txt"", ""input13.txt"", ""input14.txt"", ""input16.txt"", ""input17.txt"", ""input18.txt"", ""input19.txt"", ""input20.txt"", ""input21.txt""]","[""input09.txt"", ""input10.txt"", ""input11.txt"", ""input12.txt"", ""input13.txt"", ""input14.txt"", ""input16.txt"", ""input17.txt"", ""input18.txt"", ""input19.txt"", ""input20.txt"", ""input21.txt""]",[],44.929634,2.042256,3.0
organizare-mafiota,1333787279,user_0016,50.0,cpp,unknown,1391688758,0.0,0.874673,1.0,0.362402,0.357894,0.004508,low,22,9,13,40.91,0,13,0,False,"[""input00.txt"", ""input01.txt"", ""input02.txt"", ""input03.txt"", ""input04.txt"", ""input05.txt"", ""input06.txt"", ""input07.txt"", ""input08.txt""]","[""input09.txt"", ""input10.txt"", ""input11.txt"", ""input12.txt"", ""input13.txt"", ""input14.txt"", ""input15.txt"", ""input16.txt"", ""input17.txt"", ""input18.txt"", ""input19.txt"", ""input20.txt"", ""input21.txt""]","[""input09.txt"", ""input10.txt"", ""input11.txt"", ""input12.txt"", ""input13.txt"", ""input14.txt"", ""input15.txt"", ""input16.txt"", ""input17.txt"", ""input18.txt"", ""input19.txt"", ""input20.txt"", ""input21.txt""]",[],45.104107,2.050187,3.0
organizare-mafiota,1333788831,user_0017,50.0,java,graph_reachability,1314236028,0.417178,0.888481,0.1,0.526851,0.0,0.526851,medium,22,21,1,95.45,0,1,0,False,"[""input00.txt"", ""input01.txt"", ""input02.txt"", ""input03.txt"", ""input04.txt"", ""input05.txt"", ""input06.txt"", ""input07.txt"", ""input08.txt"", ""input09.txt"", ""input10.txt"", ""input12.txt"", ""input13.txt"", ""input14.txt"", ""input15.txt"", ""input16.txt"", ""input17.txt"", ""input18.txt"", ""input19.txt"", ""input20.txt"", ""input21.txt""]","[""input11.txt""]","[""input11.txt""]",[],33.913008,1.5415,3.0
organizare-mafiota,1333799188,user_0015,50.0,cpp,unknown,1323409209,0.0,0.95971,0.95,0.382913,0.358685,0.024228,low,22,10,12,45.45,0,12,0,False,"[""input00.txt"", ""input01.txt"", ""input02.txt"", ""input03.txt"", ""input04.txt"", ""input05.txt"", ""input06.txt"", ""input07.txt"", ""input08.txt"", ""input15.txt""]","[""input09.txt"", ""input10.txt"", ""input11.txt"", ""input12.txt"", ""input13.txt"", ""input14.txt"", ""input16.txt"", ""input17.txt"", ""input18.txt"", ""input19.txt"", ""input20.txt"", ""input21.txt""]","[""input09.txt"", ""input10.txt"", ""input11.txt"", ""input12.txt"", ""input13.txt"", ""input14.txt"", ""input16.txt"", ""input17.txt"", ""input18.txt"", ""input19.txt"", ""input20.txt"", ""input21.txt""]",[],44.773825,2.035174,3.0
organizare-mafiota,1344573200,user_0024,50.0,cpp,topological_sort,1391688758,0.224299,0.952632,1.0,0.520369,0.367047,0.153322,medium,22,9,13,40.91,0,13,0,False,"[""input00.txt"", ""input01.txt"", ""input02.txt"", ""input03.txt"", ""input04.txt"", ""input05.txt"", ""input06.txt"", ""input07.txt"", ""input08.txt""]","[""input09.txt"", ""input10.txt"", ""input11.txt"", ""input12.txt"", ""input13.txt"", ""input14.txt"", ""input15.txt"", ""input16.txt"", ""input17.txt"", ""input18.txt"", ""input19.txt"", ""input20.txt"", ""input21.txt""]","[""input09.txt"", ""input10.txt"", ""input11.txt"", ""input12.txt"", ""input13.txt"", ""input14.txt"", ""input15.txt"", ""input16.txt"", ""input17.txt"", ""input18.txt"", ""input19.txt"", ""input20.txt"", ""input21.txt""]",[],44.797872,2.036267,3.0
organizare-mafiota,1344629085,user_0044,50.0,cpp,unknown,1344635351,0.0,0.945821,1.0,0.383746,0.352044,0.031702,low,22,8,14,36.36,0,14,0,False,"[""input00.txt"", ""input01.txt"", ""input02.txt"", ""input03.txt"", ""input04.txt"", ""input05.txt"", ""input06.txt"", ""input07.txt""]","[""input08.txt"", ""input09.txt"", ""input10.txt"", ""input11.txt"", ""input12.txt"", ""input13.txt"", ""input14.txt"", ""input15.txt"", ""input16.txt"", ""input17.txt"", ""input18.txt"", ""input19.txt"", ""input20.txt"", ""input21.txt""]","[""input08.txt"", ""input09.txt"", ""input10.txt"", ""input11.txt"", ""input12.txt"", ""input13.txt"", ""input14.txt"", ""input15.txt"", ""input16.txt"", ""input17.txt"", ""input18.txt"", ""input19.txt"", ""input20.txt"", ""input21.txt""]",[],47.005563,2.136617,3.0
organizare-mafiota,1344635351,user_0008,50.0,cpp,dfs,1344635351,1.0,1.0,1.0,1.0,1.0,0.0,reference,22,20,2,90.91,0,2,0,False,"[""input00.txt"", ""input01.txt"", ""input02.txt"", ""input03.txt"", ""input04.txt"", ""input05.txt"", ""input06.txt"", ""input07.txt"", ""input08.txt"", ""input10.txt"", ""input12.txt"", ""input13.txt"", ""input14.txt"", ""input15.txt"", ""input16.txt"", ""input17.txt"", ""input18.txt"", ""input19.txt"", ""input20.txt"", ""input21.txt""]","[""input09.txt"", ""input11.txt""]","[""input09.txt"", ""input11.txt""]",[],34.40873,1.564033,3.0
organizare-mafiota,1359952643,user_0001,50.0,cpp,dfs,1344635351,0.478261,0.929475,1.0,0.665799,0.324205,0.341594,medium,22,8,14,36.36,0,14,0,False,"[""input00.txt"", ""input01.txt"", ""input02.txt"", ""input03.txt"", ""input04.txt"", ""input05.txt"", ""input06.txt"", ""input07.txt""]","[""input08.txt"", ""input09.txt"", ""input10.txt"", ""input11.txt"", ""input12.txt"", ""input13.txt"", ""input14.txt"", ""input15.txt"", ""input16.txt"", ""input17.txt"", ""input18.txt"", ""input19.txt"", ""input20.txt"", ""input21.txt""]","[""input08.txt"", ""input09.txt"", ""input10.txt"", ""input11.txt"", ""input12.txt"", ""input13.txt"", ""input14.txt"", ""input15.txt"", ""input16.txt"", ""input17.txt"", ""input18.txt"", ""input19.txt"", ""input20.txt"", ""input21.txt""]",[],48.12824,2.187647,3.0
organizare-mafiota,1360496791,user_0001,50.0,cpp,unknown,1391688758,0.214286,0.886596,1.0,0.49455,0.34924,0.14531,low,22,8,14,36.36,0,14,0,False,"[""input00.txt"", ""input01.txt"", ""input02.txt"", ""input03.txt"", ""input04.txt"", ""input05.txt"", ""input06.txt"", ""input07.txt""]","[""input08.txt"", ""input09.txt"", ""input10.txt"", ""input11.txt"", ""input12.txt"", ""input13.txt"", ""input14.txt"", ""input15.txt"", ""input16.txt"", ""input17.txt"", ""input18.txt"", ""input19.txt"", ""input20.txt"", ""input21.txt""]","[""input08.txt"", ""input09.txt"", ""input10.txt"", ""input11.txt"", ""input12.txt"", ""input13.txt"", ""input14.txt"", ""input15.txt"", ""input16.txt"", ""input17.txt"", ""input18.txt"", ""input19.txt"", ""input20.txt"", ""input21.txt""]",[],47.699579,2.168163,3.0
organizare-mafiota,1370607970,user_0055,50.0,cpp,unknown,1391688758,0.0,0.945417,1.0,0.383625,0.37185,0.011775,low,22,8,14,36.36,0,14,0,False,"[""input00.txt"", ""input01.txt"", ""input02.txt"", ""input03.txt"", ""input04.txt"", ""input05.txt"", ""input06.txt"", ""input07.txt""]","[""input08.txt"", ""input09.txt"", ""input10.txt"", ""input11.txt"", ""input12.txt"", ""input13.txt"", ""input14.txt"", ""input15.txt"", ""input16.txt"", ""input17.txt"", ""input18.txt"", ""input19.txt"", ""input20.txt"", ""input21.txt""]","[""input08.txt"", ""input09.txt"", ""input10.txt"", ""input11.txt"", ""input12.txt"", ""input13.txt"", ""input14.txt"", ""input15.txt"", ""input16.txt"", ""input17.txt"", ""input18.txt"", ""input19.txt"", ""input20.txt"", ""input21.txt""]",[],47.333447,2.15152,3.0
organizare-mafiota,1378138561,user_0040,50.0,java,graph_reachability,1314236028,0.369048,0.920249,0.1,0.507503,0.0,0.507503,medium,0,0,0,0.0,0,0,0,True,[],[],[],[],0.0,0.0,0.0
organizare-mafiota,1378139766,user_0039,50.0,cpp,unknown,1391688758,0.2,0.898254,1.0,0.489476,0.448474,0.041002,low,22,8,14,36.36,0,14,0,False,"[""input00.txt"", ""input01.txt"", ""input02.txt"", ""input03.txt"", ""input04.txt"", ""input05.txt"", ""input06.txt"", ""input07.txt""]","[""input08.txt"", ""input09.txt"", ""input10.txt"", ""input11.txt"", ""input12.txt"", ""input13.txt"", ""input14.txt"", ""input15.txt"", ""input16.txt"", ""input17.txt"", ""input18.txt"", ""input19.txt"", ""input20.txt"", ""input21.txt""]","[""input08.txt"", ""input09.txt"", ""input10.txt"", ""input11.txt"", ""input12.txt"", ""input13.txt"", ""input14.txt"", ""input15.txt"", ""input16.txt"", ""input17.txt"", ""input18.txt"", ""input19.txt"", ""input20.txt"", ""input21.txt""]",[],46.996699,2.136214,3.0
organizare-mafiota,1378150681,user_0042,50.0,cpp,unknown,1391688758,0.0,0.943127,1.0,0.382938,0.369565,0.013373,low,22,8,14,36.36,0,14,0,False,"[""input00.txt"", ""input01.txt"", ""input02.txt"", ""input03.txt"", ""input04.txt"", ""input05.txt"", ""input06.txt"", ""input07.txt""]","[""input08.txt"", ""input09.txt"", ""input10.txt"", ""input11.txt"", ""input12.txt"", ""input13.txt"", ""input14.txt"", ""input15.txt"", ""input16.txt"", ""input17.txt"", ""input18.txt"", ""input19.txt"", ""input20.txt"", ""input21.txt""]","[""input08.txt"", ""input09.txt"", ""input10.txt"", ""input11.txt"", ""input12.txt"", ""input13.txt"", ""input14.txt"", ""input15.txt"", ""input16.txt"", ""input17.txt"", ""input18.txt"", ""input19.txt"", ""input20.txt"", ""input21.txt""]",[],46.875407,2.1307,3.0
organizare-mafiota,1378150766,user_0042,50.0,cpp,unknown,1391688758,0.0,0.967944,1.0,0.390383,0.376206,0.014177,low,22,8,14,36.36,0,14,0,False,"[""input00.txt"", ""input01.txt"", ""input02.txt"", ""input03.txt"", ""input04.txt"", ""input05.txt"", ""input06.txt"", ""input07.txt""]","[""input08.txt"", ""input09.txt"", ""input10.txt"", ""input11.txt"", ""input12.txt"", ""input13.txt"", ""input14.txt"", ""input15.txt"", ""input16.txt"", ""input17.txt"", ""input18.txt"", ""input19.txt"", ""input20.txt"", ""input21.txt""]","[""input08.txt"", ""input09.txt"", ""input10.txt"", ""input11.txt"", ""input12.txt"", ""input13.txt"", ""input14.txt"", ""input15.txt"", ""input16.txt"", ""input17.txt"", ""input18.txt"", ""input19.txt"", ""input20.txt"", ""input21.txt""]",[],46.803009,2.12741,3.0
organizare-mafiota,1391186585,user_0020,50.0,cpp,topological_sort,1391688758,0.224,0.98577,1.0,0.530131,0.382185,0.147946,medium,22,22,0,100.0,0,0,0,False,"[""input00.txt"", ""input01.txt"", ""input02.txt"", ""input03.txt"", ""input04.txt"", ""input05.txt"", ""input06.txt"", ""input07.txt"", ""input08.txt"", ""input09.txt"", ""input10.txt"", ""input11.txt"", ""input12.txt"", ""input13.txt"", ""input14.txt"", ""input15.txt"", ""input16.txt"", ""input17.txt"", ""input18.txt"", ""input19.txt"", ""input20.txt"", ""input21.txt""]",[],[],[],25.166992,1.143954,2.757126
organizare-mafiota,1391688758,user_0054,50.0,cpp,topological_sort,1391688758,1.0,1.0,1.0,1.0,1.0,0.0,reference,22,22,0,100.0,0,0,0,False,"[""input00.txt"", ""input01.txt"", ""input02.txt"", ""input03.txt"", ""input04.txt"", ""input05.txt"", ""input06.txt"", ""input07.txt"", ""input08.txt"", ""input09.txt"", ""input10.txt"", ""input11.txt"", ""input12.txt"", ""input13.txt"", ""input14.txt"", ""input15.txt"", ""input16.txt"", ""input17.txt"", ""input18.txt"", ""input19.txt"", ""input20.txt"", ""input21.txt""]",[],[],[],25.121797,1.1419,2.476412
organizare-mafiota,1391740445,user_0051,50.0,java,graph_reachability,1314236028,0.414634,0.923534,0.1,0.535841,0.0,0.535841,medium,22,22,0,100.0,0,0,0,False,"[""input00.txt"", ""input01.txt"", ""input02.txt"", ""input03.txt"", ""input04.txt"", ""input05.txt"", ""input06.txt"", ""input07.txt"", ""input08.txt"", ""input09.txt"", ""input10.txt"", ""input11.txt"", ""input12.txt"", ""input13.txt"", ""input14.txt"", ""input15.txt"", ""input16.txt"", ""input17.txt"", ""input18.txt"", ""input19.txt"", ""input20.txt"", ""input21.txt""]",[],[],[],27.486727,1.249397,2.350324
organizare-mafiota,1391779888,user_0034,50.0,cpp,greedy,1391779874,0.392523,0.989027,0.95,0.627222,0.38804,0.239182,medium,22,8,14,36.36,0,14,0,False,"[""input00.txt"", ""input01.txt"", ""input02.txt"", ""input03.txt"", ""input04.txt"", ""input05.txt"", ""input06.txt"", ""input07.txt""]","[""input08.txt"", ""input09.txt"", ""input10.txt"", ""input11.txt"", ""input12.txt"", ""input13.txt"", ""input14.txt"", ""input15.txt"", ""input16.txt"", ""input17.txt"", ""input18.txt"", ""input19.txt"", ""input20.txt"", ""input21.txt""]","[""input08.txt"", ""input09.txt"", ""input10.txt"", ""input11.txt"", ""input12.txt"", ""input13.txt"", ""input14.txt"", ""input15.txt"", ""input16.txt"", ""input17.txt"", ""input18.txt"", ""input19.txt"", ""input20.txt"", ""input21.txt""]",[],47.820663,2.173666,3.0
organizare-mafiota,1391831565,user_0050,50.0,java,graph_reachability,1314236028,0.414634,0.92488,0.1,0.536245,0.0,0.536245,medium,22,22,0,100.0,0,0,0,False,"[""input00.txt"", ""input01.txt"", ""input02.txt"", ""input03.txt"", ""input04.txt"", ""input05.txt"", ""input06.txt"", ""input07.txt"", ""input08.txt"", ""input09.txt"", ""input10.txt"", ""input11.txt"", ""input12.txt"", ""input13.txt"", ""input14.txt"", ""input15.txt"", ""input16.txt"", ""input17.txt"", ""input18.txt"", ""input19.txt"", ""input20.txt"", ""input21.txt""]",[],[],[],19.798974,0.899953,1.844647
organizare-mafiota,1391864553,user_0036,50.0,cpp,unknown,1391688758,0.280374,0.996932,1.0,0.567304,0.531098,0.036205,low,22,8,14,36.36,0,14,0,False,"[""input00.txt"", ""input01.txt"", ""input02.txt"", ""input03.txt"", ""input04.txt"", ""input05.txt"", ""input06.txt"", ""input07.txt""]","[""input08.txt"", ""input09.txt"", ""input10.txt"", ""input11.txt"", ""input12.txt"", ""input13.txt"", ""input14.txt"", ""input15.txt"", ""input16.txt"", ""input17.txt"", ""input18.txt"", ""input19.txt"", ""input20.txt"", ""input21.txt""]","[""input08.txt"", ""input09.txt"", ""input10.txt"", ""input11.txt"", ""input12.txt"", ""input13.txt"", ""input14.txt"", ""input15.txt"", ""input16.txt"", ""input17.txt"", ""input18.txt"", ""input19.txt"", ""input20.txt"", ""input21.txt""]",[],46.791418,2.126883,3.0
organizare-mafiota,1391864700,user_0033,50.0,cpp,topological_sort,1391688758,0.366972,0.993022,1.0,0.61809,0.383944,0.234146,medium,22,8,14,36.36,0,14,0,False,"[""input00.txt"", ""input01.txt"", ""input02.txt"", ""input03.txt"", ""input04.txt"", ""input05.txt"", ""input06.txt"", ""input07.txt""]","[""input08.txt"", ""input09.txt"", ""input10.txt"", ""input11.txt"", ""input12.txt"", ""input13.txt"", ""input14.txt"", ""input15.txt"", ""input16.txt"", ""input17.txt"", ""input18.txt"", ""input19.txt"", ""input20.txt"", ""input21.txt""]","[""input08.txt"", ""input09.txt"", ""input10.txt"", ""input11.txt"", ""input12.txt"", ""input13.txt"", ""input14.txt"", ""input15.txt"", ""input16.txt"", ""input17.txt"", ""input18.txt"", ""input19.txt"", ""input20.txt"", ""input21.txt""]",[],46.569173,2.116781,3.0
