submission_id,gold,prediction,correct,extraction_source,raw_output
1408417181,BFS_DISTANCE_ARRAY,BFS_DISTANCE_ARRAY,True,final,"<|channel|>analysis<|message|>We need to classify the algorithmic strategy. The code uses BFS from node 1. It uses a queue of nodes only, not storing time. It uses array d to store distances. It sets d[1] initially? Wait d[1] is initially 0. They push 1. In loop, for each neighbor u, if d[u] is non-zero continue. So they skip visited nodes. They set d[u] = d[node] + 1. So they compute distances. They track sol = max distance. This is BFS_DISTANCE_ARRAY. They don't use queue.size() to process levels. They don't store time in queue. So label BFS_DISTANCE_ARRAY.<|end|><|start|>assistant<|channel|>final<|message|>BFS_DISTANCE_ARRAY<|return|><|endoftext|><|endoftext|><|endoftext|><|endoftext|><|endoftext|><|endoftext|><|endoftext|><|endoftext|><|endoftext|><|endoftext|><|endoftext|><|endoftext|><|endoftext|><|endoftext|><|endoftext|><|endoftext|><|endoftext|><|endoftext|><|endoftext|><|endoftext|><|endoftext|><|endoftext|><|endoftext|><|endoftext|><|endoftext|><|endoftext|><|endoftext|><|endoftext|><|endoftext|><|endoftext|><|endoftext|><|endoftext|><|endoftext|><|endoftext|><|endoftext|><|endoftext|><|endoftext|><|endoftext|><|endoftext|><|endoftext|><|endoftext|><|endoftext|><|endoftext|><|endoftext|><|endoftext|><|endoftext|><|endoftext|><|endoftext|><|endoftext|><|endoftext|><|endoftext|><|endoftext|><|endoftext|><|endoftext|><|endoftext|><|endoftext|><|endoftext|><|endoftext|><|endoftext|><|endoftext|><|endoftext|><|endoftext|><|endoftext|><|endoftext|><|endoftext|><|endoftext|><|endoftext|><|endoftext|><|endoftext|><|endoftext|><|endoftext|><|endoftext|><|endoftext|><|endoftext|><|endoftext|><|endoftext|><|endoftext|><|endoftext|><|endoftext|><|endoftext|><|endoftext|><|endoftext|><|endoftext|><|endoftext|><|endoftext|><|endoftext|><|endoftext|><|endoftext|><|endoftext|><|endoftext|><|endoftext|><|endoftext|><|endoftext|><|endoftext|><|endoftext|><|endoftext|><|endoftext|><|endoftext|><|endoftext|><|endoftext|><|endoftext|><|endoftext|><|endoftext|><|endoftext|><|endoftext|><|endoftext|><|endoftext|><|endoftext|><|endoftext|><|endoftext|><|endoftext|>"
1378090891,BFS_DISTANCE_ARRAY,BFS_DISTANCE_ARRAY,True,final,"<|channel|>analysis<|message|>We need to classify the algorithmic strategy. The code uses BFS from node 1, storing distance array. It uses queue, and updates dist[neigh] = dist[node] + 1. After BFS, it outputs max distance. This matches BFS_DISTANCE_ARRAY. It does not use frontier processing or explicit time in queue. So label: BFS_DISTANCE_ARRAY.<|end|><|start|>assistant<|channel|>final<|message|>BFS_DISTANCE_ARRAY<|return|><|endoftext|><|endoftext|><|endoftext|><|endoftext|><|endoftext|><|endoftext|><|endoftext|><|endoftext|><|endoftext|><|endoftext|><|endoftext|><|endoftext|><|endoftext|><|endoftext|><|endoftext|><|endoftext|><|endoftext|><|endoftext|><|endoftext|><|endoftext|><|endoftext|><|endoftext|><|endoftext|><|endoftext|><|endoftext|><|endoftext|><|endoftext|><|endoftext|><|endoftext|><|endoftext|><|endoftext|><|endoftext|><|endoftext|><|endoftext|><|endoftext|><|endoftext|><|endoftext|><|endoftext|><|endoftext|><|endoftext|><|endoftext|><|endoftext|><|endoftext|><|endoftext|><|endoftext|><|endoftext|><|endoftext|><|endoftext|><|endoftext|><|endoftext|><|endoftext|><|endoftext|><|endoftext|><|endoftext|><|endoftext|><|endoftext|><|endoftext|><|endoftext|><|endoftext|><|endoftext|><|endoftext|><|endoftext|><|endoftext|><|endoftext|><|endoftext|><|endoftext|><|endoftext|><|endoftext|><|endoftext|><|endoftext|><|endoftext|><|endoftext|><|endoftext|><|endoftext|><|endoftext|><|endoftext|><|endoftext|><|endoftext|><|endoftext|><|endoftext|><|endoftext|><|endoftext|><|endoftext|><|endoftext|><|endoftext|><|endoftext|><|endoftext|><|endoftext|><|endoftext|><|endoftext|><|endoftext|><|endoftext|><|endoftext|><|endoftext|><|endoftext|><|endoftext|><|endoftext|><|endoftext|><|endoftext|><|endoftext|><|endoftext|><|endoftext|><|endoftext|><|endoftext|><|endoftext|><|endoftext|><|endoftext|><|endoftext|><|endoftext|><|endoftext|><|endoftext|><|endoftext|><|endoftext|><|endoftext|><|endoftext|><|endoftext|><|endoftext|><|endoftext|><|endoftext|><|endoftext|><|endoftext|><|endoftext|><|endoftext|><|endoftext|><|endoftext|><|endoftext|><|endoftext|><|endoftext|><|endoftext|><|endoftext|><|endoftext|><|endoftext|><|endoftext|><|endoftext|><|endoftext|><|endoftext|><|endoftext|><|endoftext|><|endoftext|><|endoftext|><|endoftext|><|endoftext|><|endoftext|><|endoftext|><|endoftext|><|endoftext|><|endoftext|><|endoftext|><|endoftext|><|endoftext|><|endoftext|><|endoftext|><|endoftext|><|endoftext|><|endoftext|><|endoftext|><|endoftext|><|endoftext|><|endoftext|><|endoftext|><|endoftext|><|endoftext|><|endoftext|><|endoftext|><|endoftext|><|endoftext|><|endoftext|><|endoftext|><|endoftext|><|endoftext|><|endoftext|><|endoftext|><|endoftext|><|endoftext|><|endoftext|>"
1314213226,BFS_DISTANCE_ARRAY,BFS_DISTANCE_ARRAY,True,final,"<|channel|>analysis<|message|>We need to classify the algorithmic strategy. The code uses BFS from node 0 (node 1 in problem). It uses a queue of nodes only, not storing time. It uses dist array to store distances. It sets dist[v] = dist[u] + 1. After BFS, it outputs max distance. This matches BFS_DISTANCE_ARRAY. It is not BFS_LEVEL_ORDER_TIMER because it doesn't process frontier by size. It's not BFS_EXPLICIT_TIME_IN_QUEUE because queue elements are just node. It's not DIJKSTRA_UNIT_WEIGHT. So label: BFS_DISTANCE_ARRAY.<|end|><|start|>assistant<|channel|>final<|message|>BFS_DISTANCE_ARRAY<|return|><|endoftext|><|endoftext|><|endoftext|><|endoftext|><|endoftext|><|endoftext|><|endoftext|><|endoftext|><|endoftext|><|endoftext|><|endoftext|><|endoftext|><|endoftext|><|endoftext|><|endoftext|><|endoftext|><|endoftext|><|endoftext|><|endoftext|><|endoftext|><|endoftext|><|endoftext|><|endoftext|><|endoftext|><|endoftext|><|endoftext|><|endoftext|><|endoftext|><|endoftext|><|endoftext|><|endoftext|><|endoftext|><|endoftext|><|endoftext|><|endoftext|><|endoftext|><|endoftext|><|endoftext|><|endoftext|><|endoftext|><|endoftext|><|endoftext|><|endoftext|><|endoftext|><|endoftext|><|endoftext|><|endoftext|><|endoftext|><|endoftext|><|endoftext|><|endoftext|><|endoftext|><|endoftext|><|endoftext|><|endoftext|><|endoftext|><|endoftext|><|endoftext|><|endoftext|><|endoftext|><|endoftext|><|endoftext|><|endoftext|><|endoftext|><|endoftext|><|endoftext|><|endoftext|><|endoftext|><|endoftext|><|endoftext|><|endoftext|><|endoftext|><|endoftext|><|endoftext|><|endoftext|><|endoftext|><|endoftext|><|endoftext|><|endoftext|><|endoftext|><|endoftext|><|endoftext|><|endoftext|><|endoftext|><|endoftext|><|endoftext|><|endoftext|><|endoftext|><|endoftext|><|endoftext|><|endoftext|><|endoftext|><|endoftext|><|endoftext|><|endoftext|><|endoftext|><|endoftext|><|endoftext|><|endoftext|><|endoftext|><|endoftext|><|endoftext|><|endoftext|><|endoftext|><|endoftext|><|endoftext|><|endoftext|><|endoftext|><|endoftext|><|endoftext|><|endoftext|><|endoftext|><|endoftext|><|endoftext|><|endoftext|><|endoftext|><|endoftext|><|endoftext|><|endoftext|><|endoftext|><|endoftext|><|endoftext|><|endoftext|><|endoftext|><|endoftext|><|endoftext|><|endoftext|><|endoftext|><|endoftext|><|endoftext|><|endoftext|><|endoftext|><|endoftext|>"
1391862501,BFS_LEVEL_ORDER_TIMER,BFS_LEVEL_ORDER_TIMER,True,final,"<|channel|>analysis<|message|>We need to classify the algorithmic strategy. Let's read code.

They read n, m, adjacency list. visited array. queue q. push 1, visited[1] = true. t = -1. While !q.empty(): size = q.size(); while size--: pop node, for neighbors if not visited, mark visited, push. After inner loop, ++t. So they process level by level. t starts -1, increments after each level. So after first level (just node 1), t becomes 0. After second level, t becomes 1, etc. So t ends up being number of levels minus 1? Actually if only node 1, t becomes 0. That matches distance from node 1 to itself is 0. So t is maximum distance. So algorithm is BFS_LEVEL_ORDER_TIMER: uses queue.size() to process frontier, increments timer after each frontier. Yes.

Check other labels: BFS_DISTANCE_ARRAY would store distance array. Not present. BFS_EXPLICIT_TIME_IN_QUEUE would store time in queue. Not present. DIJKSTRA_UNIT_WEIGHT not used. DFS not used. Floyd not used. So correct label: BFS_LEVEL_ORDER_TIMER.

Return exactly that.<|end|><|start|>assistant<|channel|>final<|message|>BFS_LEVEL_ORDER_TIMER<|return|>"
1408492735,BFS_LEVEL_ORDER_TIMER,BFS_LEVEL_ORDER_TIMER,True,final,"<|channel|>analysis<|message|>We need to classify the algorithmic strategy. Let's read code.

They read n, m, build adjacency list in unordered_map<int, vector<int>> graph. Then queue<int> q; vector<int> visited(n,0); int timer=0; q.push(0); while(!q.empty()){ int sz = q.size(); for(int j=0;j<sz;++j){ int curr = q.front(); q.pop(); for(int nei: graph[curr]){ if(!visited[nei]){ q.push(nei); visited[nei] = 1; } } } timer++; } cout << --timer;

They use BFS level order timer: they process frontier by size, increment timer after each level. They don't store distance array. They don't store time in queue. So classification: BFS_LEVEL_ORDER_TIMER.

Check: They don't mark visited[0] initially? They push 0 but visited[0] remains 0. But they don't check visited[0] before pushing. But visited[0] remains 0, but they don't push again. But they don't mark visited[0] as visited. But that doesn't matter for classification.

Thus label: BFS_LEVEL_ORDER_TIMER.<|end|><|start|>assistant<|channel|>final<|message|>BFS_LEVEL_ORDER_TIMER<|return|><|endoftext|><|endoftext|><|endoftext|><|endoftext|><|endoftext|><|endoftext|><|endoftext|><|endoftext|><|endoftext|><|endoftext|><|endoftext|><|endoftext|><|endoftext|><|endoftext|><|endoftext|><|endoftext|><|endoftext|><|endoftext|><|endoftext|><|endoftext|><|endoftext|><|endoftext|><|endoftext|><|endoftext|><|endoftext|><|endoftext|><|endoftext|><|endoftext|><|endoftext|><|endoftext|><|endoftext|><|endoftext|><|endoftext|><|endoftext|><|endoftext|><|endoftext|><|endoftext|><|endoftext|><|endoftext|><|endoftext|><|endoftext|><|endoftext|><|endoftext|><|endoftext|><|endoftext|><|endoftext|><|endoftext|><|endoftext|><|endoftext|><|endoftext|><|endoftext|><|endoftext|><|endoftext|><|endoftext|><|endoftext|><|endoftext|><|endoftext|><|endoftext|><|endoftext|><|endoftext|><|endoftext|><|endoftext|><|endoftext|><|endoftext|><|endoftext|><|endoftext|><|endoftext|><|endoftext|><|endoftext|><|endoftext|><|endoftext|><|endoftext|><|endoftext|><|endoftext|><|endoftext|><|endoftext|><|endoftext|><|endoftext|><|endoftext|><|endoftext|><|endoftext|><|endoftext|><|endoftext|><|endoftext|>"
1391862949,BFS_LEVEL_ORDER_TIMER,BFS_LEVEL_ORDER_TIMER,True,final,"<|channel|>analysis<|message|>We need to classify the algorithmic strategy. Let's read code.

They read n, m. Build adjacency list. visited array. queue q. push 1, visited[1] = 1. While !q.empty(): len = q.size(); for i in 0..len-1: pop node, for each neighbor if not visited: push, visited=1. After processing all nodes in current frontier, ++t. After loop, output --t.

This is BFS level order timer: they process frontier by size, increment timer after each level. They don't store distances array. They don't store time in queue. So classification: BFS_LEVEL_ORDER_TIMER.

Check labels: BFS_LEVEL_ORDER_TIMER. Yes.

Return exactly that.<|end|><|start|>assistant<|channel|>final<|message|>BFS_LEVEL_ORDER_TIMER<|return|><|endoftext|><|endoftext|><|endoftext|><|endoftext|><|endoftext|><|endoftext|><|endoftext|><|endoftext|><|endoftext|><|endoftext|><|endoftext|><|endoftext|><|endoftext|><|endoftext|><|endoftext|><|endoftext|><|endoftext|><|endoftext|><|endoftext|><|endoftext|><|endoftext|><|endoftext|><|endoftext|><|endoftext|><|endoftext|><|endoftext|><|endoftext|><|endoftext|><|endoftext|><|endoftext|><|endoftext|><|endoftext|><|endoftext|><|endoftext|><|endoftext|><|endoftext|><|endoftext|><|endoftext|><|endoftext|><|endoftext|><|endoftext|><|endoftext|><|endoftext|><|endoftext|><|endoftext|><|endoftext|><|endoftext|><|endoftext|><|endoftext|><|endoftext|><|endoftext|><|endoftext|><|endoftext|><|endoftext|><|endoftext|><|endoftext|><|endoftext|><|endoftext|><|endoftext|><|endoftext|><|endoftext|><|endoftext|><|endoftext|><|endoftext|><|endoftext|><|endoftext|><|endoftext|><|endoftext|><|endoftext|><|endoftext|><|endoftext|><|endoftext|><|endoftext|><|endoftext|><|endoftext|><|endoftext|><|endoftext|><|endoftext|><|endoftext|><|endoftext|><|endoftext|><|endoftext|><|endoftext|><|endoftext|><|endoftext|><|endoftext|><|endoftext|><|endoftext|><|endoftext|><|endoftext|><|endoftext|><|endoftext|><|endoftext|><|endoftext|><|endoftext|><|endoftext|><|endoftext|><|endoftext|><|endoftext|><|endoftext|><|endoftext|><|endoftext|><|endoftext|><|endoftext|><|endoftext|><|endoftext|><|endoftext|><|endoftext|><|endoftext|><|endoftext|><|endoftext|><|endoftext|><|endoftext|><|endoftext|><|endoftext|><|endoftext|><|endoftext|><|endoftext|><|endoftext|><|endoftext|><|endoftext|><|endoftext|><|endoftext|><|endoftext|><|endoftext|><|endoftext|><|endoftext|><|endoftext|><|endoftext|><|endoftext|><|endoftext|><|endoftext|><|endoftext|><|endoftext|><|endoftext|><|endoftext|><|endoftext|><|endoftext|><|endoftext|><|endoftext|><|endoftext|><|endoftext|><|endoftext|><|endoftext|><|endoftext|><|endoftext|><|endoftext|><|endoftext|><|endoftext|><|endoftext|><|endoftext|><|endoftext|><|endoftext|><|endoftext|><|endoftext|><|endoftext|><|endoftext|><|endoftext|><|endoftext|><|endoftext|><|endoftext|><|endoftext|><|endoftext|><|endoftext|><|endoftext|><|endoftext|><|endoftext|><|endoftext|><|endoftext|><|endoftext|><|endoftext|><|endoftext|><|endoftext|><|endoftext|><|endoftext|><|endoftext|><|endoftext|>"
1314235879,BFS_DISTANCE_ARRAY,BFS_DISTANCE_ARRAY,True,final,"<|channel|>analysis<|message|>We need to classify the algorithmic strategy used in this Java code. Let's analyze.

The code reads graph, adjacency list. Then in getResult:

- d[] distances, c[] colors: ""alb"" (white), ""gri"" (gray), ""negru"" (black). Standard BFS.

- d[1] = 0; c[1] = ""gri""; queue q = new LinkedList<>(); q.add(1);

- while !q.isEmpty():
    int u = ((LinkedList<Integer>) q).getFirst();
    for each neighbor v:
        if c[v] == ""alb"":
            d[v] = d[u] + 1;
            c[v] = ""gri"";
            q.add(v);
    c[u] = ""negru"";
    ((LinkedList<Integer>) q).removeFirst();

So they use queue but they manually getFirst and removeFirst. They don't use queue.size() to process level by level. They store distance array d[] and update d[v] = d[u] + 1. So this is BFS_DISTANCE_ARRAY. They don't use explicit time in queue. They don't use priority queue. So label BFS_DISTANCE_ARRAY.

Check if any nuance: They use LinkedList cast to getFirst and removeFirst. But still BFS. So BFS_DISTANCE_ARRAY.

Return exactly that.<|end|><|start|>assistant<|channel|>final<|message|>BFS_DISTANCE_ARRAY<|return|><|endoftext|><|endoftext|><|endoftext|><|endoftext|><|endoftext|><|endoftext|><|endoftext|><|endoftext|><|endoftext|><|endoftext|><|endoftext|><|endoftext|><|endoftext|><|endoftext|><|endoftext|><|endoftext|><|endoftext|><|endoftext|><|endoftext|><|endoftext|><|endoftext|><|endoftext|><|endoftext|><|endoftext|><|endoftext|><|endoftext|><|endoftext|><|endoftext|><|endoftext|><|endoftext|><|endoftext|><|endoftext|><|endoftext|><|endoftext|><|endoftext|><|endoftext|><|endoftext|><|endoftext|><|endoftext|><|endoftext|><|endoftext|><|endoftext|><|endoftext|><|endoftext|><|endoftext|><|endoftext|><|endoftext|><|endoftext|><|endoftext|><|endoftext|><|endoftext|>"
1314234521,BFS_EXPLICIT_TIME_IN_QUEUE,BFS_EXPLICIT_TIME_IN_QUEUE,True,final,"<|channel|>analysis<|message|>We need to classify the algorithmic strategy used in the provided Java code. Let's analyze.

The problem: compute maximum shortest-path distance from node 1 in an undirected unweighted graph. Implementation uses BFS.

Let's examine code:

- readInput: builds adjacency list with Edge objects containing node and time. time is always 0 because edges are unweighted. They store time but not used.

- getResult: uses boolean visited array. time variable. visited[1] = true.

- Queue<Edge> queue = new LinkedList<>();

- For each edge e in adj[1], they add new Edge(e.node, e.time+1). e.time is 0, so they add Edge(node, 1). visited[e.node] = true.

- While queue not empty: poll curr. time = curr.time. For each neighbor e of curr.node: if not visited, visited = true; queue.add(new Edge(e.node, time + 1));

Thus they store time in queue elements. They don't use a separate level counter or queue.size() to process frontier. They explicitly store time in each queue element. That matches BFS_EXPLICIT_TIME_IN_QUEUE.

Check other labels: BFS_DISTANCE_ARRAY would store distance array and compute distance[u] + 1. Not used.

BFS_LEVEL_ORDER_TIMER would use queue.size() to process frontier and increment timer. Not used.

DIJKSTRA_UNIT_WEIGHT would use priority queue. Not used.

DFS_DEPTH_TRAVERSAL not used.

FLOYD_WARSHALL not used.

Thus label: BFS_EXPLICIT_TIME_IN_QUEUE.

Return exactly that.<|end|><|start|>assistant<|channel|>final<|message|>BFS_EXPLICIT_TIME_IN_QUEUE<|return|>"
1314235968,DIJKSTRA_UNIT_WEIGHT,DIJKSTRA_UNIT_WEIGHT,True,final,"<|channel|>analysis<|message|>We need to classify the algorithmic strategy used. The code uses Dijkstra with TreeSet priority queue. Edge weights are all 1. So it's Dijkstra unit weight. The classification labels: BFS_DISTANCE_ARRAY, BFS_LEVEL_ORDER_TIMER, BFS_EXPLICIT_TIME_IN_QUEUE, DIJKSTRA_UNIT_WEIGHT, DFS_DEPTH_TRAVERSAL, FLOYD_WARSHALL, UNKNOWN.

The code uses TreeSet as priority queue, with DijkstraNode. So it's DIJKSTRA_UNIT_WEIGHT. It also uses adjacency list. So answer: DIJKSTRA_UNIT_WEIGHT.<|end|><|start|>assistant<|channel|>final<|message|>DIJKSTRA_UNIT_WEIGHT<|return|><|endoftext|><|endoftext|><|endoftext|><|endoftext|><|endoftext|><|endoftext|><|endoftext|><|endoftext|><|endoftext|><|endoftext|><|endoftext|><|endoftext|><|endoftext|><|endoftext|><|endoftext|><|endoftext|><|endoftext|><|endoftext|><|endoftext|><|endoftext|><|endoftext|><|endoftext|><|endoftext|><|endoftext|><|endoftext|><|endoftext|><|endoftext|><|endoftext|><|endoftext|><|endoftext|><|endoftext|><|endoftext|><|endoftext|><|endoftext|><|endoftext|><|endoftext|><|endoftext|><|endoftext|><|endoftext|><|endoftext|><|endoftext|><|endoftext|><|endoftext|><|endoftext|><|endoftext|><|endoftext|><|endoftext|><|endoftext|><|endoftext|><|endoftext|><|endoftext|><|endoftext|><|endoftext|><|endoftext|><|endoftext|><|endoftext|><|endoftext|><|endoftext|><|endoftext|><|endoftext|><|endoftext|><|endoftext|><|endoftext|><|endoftext|><|endoftext|><|endoftext|><|endoftext|><|endoftext|><|endoftext|><|endoftext|><|endoftext|><|endoftext|><|endoftext|><|endoftext|><|endoftext|><|endoftext|><|endoftext|><|endoftext|><|endoftext|><|endoftext|><|endoftext|><|endoftext|><|endoftext|><|endoftext|><|endoftext|><|endoftext|><|endoftext|><|endoftext|><|endoftext|><|endoftext|><|endoftext|><|endoftext|><|endoftext|><|endoftext|><|endoftext|><|endoftext|><|endoftext|><|endoftext|><|endoftext|><|endoftext|><|endoftext|><|endoftext|><|endoftext|><|endoftext|><|endoftext|><|endoftext|><|endoftext|><|endoftext|><|endoftext|><|endoftext|><|endoftext|><|endoftext|><|endoftext|><|endoftext|><|endoftext|><|endoftext|><|endoftext|><|endoftext|><|endoftext|><|endoftext|><|endoftext|><|endoftext|><|endoftext|><|endoftext|><|endoftext|><|endoftext|><|endoftext|><|endoftext|><|endoftext|><|endoftext|><|endoftext|><|endoftext|><|endoftext|><|endoftext|><|endoftext|><|endoftext|><|endoftext|><|endoftext|><|endoftext|><|endoftext|><|endoftext|><|endoftext|>"
1391903457,BFS_LEVEL_ORDER_TIMER,BFS_LEVEL_ORDER_TIMER,True,final,"<|channel|>analysis<|message|>We need to classify the algorithmic strategy. Let's analyze code.

They read graph, adjacency list. BFS from node 1. They use queue. They use frontier processing: while queue not empty, get size sz = q.size(); then for each node in that level, poll and enqueue neighbors. After processing all nodes in current level, increment time. So they use BFS_LEVEL_ORDER_TIMER. They don't store distance array. They don't store time in queue. So label: BFS_LEVEL_ORDER_TIMER.

Check: They use visited array. They don't store distance array. They use queue size to process level. So BFS_LEVEL_ORDER_TIMER. Yes.

Return exactly one allowed label.<|end|><|start|>assistant<|channel|>final<|message|>BFS_LEVEL_ORDER_TIMER<|return|><|endoftext|><|endoftext|><|endoftext|><|endoftext|><|endoftext|><|endoftext|><|endoftext|><|endoftext|><|endoftext|><|endoftext|><|endoftext|><|endoftext|><|endoftext|><|endoftext|><|endoftext|><|endoftext|><|endoftext|><|endoftext|><|endoftext|><|endoftext|><|endoftext|><|endoftext|><|endoftext|><|endoftext|><|endoftext|><|endoftext|><|endoftext|><|endoftext|><|endoftext|><|endoftext|><|endoftext|><|endoftext|><|endoftext|><|endoftext|><|endoftext|><|endoftext|><|endoftext|><|endoftext|><|endoftext|><|endoftext|><|endoftext|><|endoftext|><|endoftext|><|endoftext|><|endoftext|><|endoftext|><|endoftext|><|endoftext|><|endoftext|><|endoftext|><|endoftext|><|endoftext|><|endoftext|><|endoftext|><|endoftext|><|endoftext|><|endoftext|><|endoftext|><|endoftext|><|endoftext|><|endoftext|><|endoftext|><|endoftext|><|endoftext|><|endoftext|><|endoftext|><|endoftext|><|endoftext|><|endoftext|><|endoftext|><|endoftext|><|endoftext|><|endoftext|><|endoftext|><|endoftext|><|endoftext|><|endoftext|><|endoftext|><|endoftext|><|endoftext|><|endoftext|><|endoftext|><|endoftext|><|endoftext|><|endoftext|><|endoftext|><|endoftext|><|endoftext|><|endoftext|><|endoftext|><|endoftext|><|endoftext|><|endoftext|><|endoftext|><|endoftext|><|endoftext|><|endoftext|><|endoftext|><|endoftext|><|endoftext|><|endoftext|><|endoftext|><|endoftext|><|endoftext|><|endoftext|><|endoftext|><|endoftext|><|endoftext|><|endoftext|><|endoftext|><|endoftext|><|endoftext|><|endoftext|><|endoftext|><|endoftext|><|endoftext|><|endoftext|><|endoftext|><|endoftext|><|endoftext|><|endoftext|><|endoftext|>"
1378096692,BFS_DISTANCE_ARRAY,BFS_DISTANCE_ARRAY,True,final,"<|channel|>analysis<|message|>We need to classify the algorithmic strategy. The code uses BFS from node 1, storing distance array timeToKnow. It uses queue of nodes only, not storing time. It updates timeToKnow[friend] = timeToKnow[student] + 1. After BFS, it finds max. This matches BFS_DISTANCE_ARRAY. Not BFS_LEVEL_ORDER_TIMER because no frontier processing. Not BFS_EXPLICIT_TIME_IN_QUEUE because queue elements don't contain time. So label: BFS_DISTANCE_ARRAY.<|end|><|start|>assistant<|channel|>final<|message|>BFS_DISTANCE_ARRAY<|return|><|endoftext|><|endoftext|><|endoftext|><|endoftext|><|endoftext|><|endoftext|><|endoftext|><|endoftext|><|endoftext|><|endoftext|><|endoftext|><|endoftext|><|endoftext|><|endoftext|><|endoftext|><|endoftext|><|endoftext|><|endoftext|><|endoftext|><|endoftext|><|endoftext|><|endoftext|><|endoftext|><|endoftext|><|endoftext|><|endoftext|><|endoftext|><|endoftext|><|endoftext|><|endoftext|><|endoftext|><|endoftext|><|endoftext|><|endoftext|><|endoftext|><|endoftext|><|endoftext|><|endoftext|><|endoftext|><|endoftext|><|endoftext|><|endoftext|><|endoftext|><|endoftext|><|endoftext|><|endoftext|><|endoftext|><|endoftext|><|endoftext|><|endoftext|><|endoftext|><|endoftext|><|endoftext|><|endoftext|><|endoftext|><|endoftext|><|endoftext|><|endoftext|><|endoftext|><|endoftext|><|endoftext|><|endoftext|><|endoftext|><|endoftext|><|endoftext|><|endoftext|><|endoftext|><|endoftext|><|endoftext|><|endoftext|><|endoftext|><|endoftext|><|endoftext|><|endoftext|><|endoftext|><|endoftext|><|endoftext|><|endoftext|><|endoftext|><|endoftext|><|endoftext|><|endoftext|><|endoftext|><|endoftext|><|endoftext|><|endoftext|><|endoftext|><|endoftext|><|endoftext|><|endoftext|><|endoftext|><|endoftext|><|endoftext|><|endoftext|><|endoftext|><|endoftext|><|endoftext|><|endoftext|><|endoftext|><|endoftext|><|endoftext|><|endoftext|><|endoftext|><|endoftext|><|endoftext|><|endoftext|><|endoftext|><|endoftext|><|endoftext|><|endoftext|><|endoftext|><|endoftext|><|endoftext|><|endoftext|><|endoftext|><|endoftext|><|endoftext|><|endoftext|><|endoftext|><|endoftext|><|endoftext|><|endoftext|><|endoftext|><|endoftext|><|endoftext|><|endoftext|><|endoftext|><|endoftext|><|endoftext|><|endoftext|><|endoftext|><|endoftext|><|endoftext|><|endoftext|><|endoftext|><|endoftext|><|endoftext|><|endoftext|><|endoftext|><|endoftext|><|endoftext|><|endoftext|><|endoftext|><|endoftext|><|endoftext|><|endoftext|><|endoftext|><|endoftext|><|endoftext|><|endoftext|><|endoftext|><|endoftext|><|endoftext|><|endoftext|><|endoftext|><|endoftext|><|endoftext|><|endoftext|><|endoftext|>"
1314238913,BFS_DISTANCE_ARRAY,BFS_DISTANCE_ARRAY,True,final,"<|channel|>analysis<|message|>We need to classify the algorithmic strategy used in the provided Java code. The problem: compute maximum shortest-path distance from node 1 in an undirected unweighted graph. The code uses BFS. Let's examine details.

The BFS method:

- visita[] array holds distances, initialized to -1.
- queue = LinkedList<Integer>.
- visita[source] = 0; queue.add(source).
- While queue not empty:
  - source = queue.poll();
  - iterate over neighbors.
  - if visita[data] == -1:
    - visita[data] = visita[source] + 1;
    - queue.add(data);

After BFS, compute max distance: int max = visita[0]; then loop i=1..V, if max < visita[i] max = visita[i]; print max.

Thus BFS uses distance array. It does not use queue.size() frontier processing or explicit time in queue. It uses distance array. So label: BFS_DISTANCE_ARRAY.

Check if any other label fits: BFS_LEVEL_ORDER_TIMER? No, no frontier processing. BFS_EXPLICIT_TIME_IN_QUEUE? No, queue elements are just node ints. DIJKSTRA_UNIT_WEIGHT? No. DFS? No. Floyd? No. So BFS_DISTANCE_ARRAY.

Thus answer: BFS_DISTANCE_ARRAY.<|end|><|start|>assistant<|channel|>final<|message|>BFS_DISTANCE_ARRAY<|return|>"
