submission_id,user_id,score,language,predicted_algorithm,method,probability,second_algorithm,second_probability,margin,manual_reviewed
1314154354,user_0281,50,cpp,MANHATTAN_SCAN,model_final,,,,,FALSE
1314184660,user_0254,50,java,MANHATTAN_SCAN,model_final,,,,,FALSE
1314234360,user_0292,50,cpp,MANHATTAN_SCAN,model_final,,,,,FALSE
1314234384,user_0289,50,cpp,MANHATTAN_SCAN,model_final,,,,,FALSE
1314234411,user_0029,50,cpp,MANHATTAN_SCAN,model_final,,,,,FALSE
1314234433,user_0231,50,java,MANHATTAN_SCAN,model_final,,,,,FALSE
1314234451,user_0071,50,cpp,MANHATTAN_SCAN,model_final,,,,,FALSE
1314234466,user_0280,50,java,MANHATTAN_SCAN,model_final,,,,,FALSE
1314234491,user_0144,50,cpp,BFS_RADIUS,model_final,,,,,FALSE
1314234542,user_0038,14.29,java,BFS_RADIUS,model_final,,,,,FALSE
1314234545,user_0118,50,cpp,MANHATTAN_SCAN,model_final,,,,,FALSE
1314234548,user_0094,50,java,MANHATTAN_SCAN,model_final,,,,,FALSE
1314234559,user_0031,16.07,java,BFS_RADIUS,model_final,,,,,FALSE
1314234561,user_0253,50,cpp,BFS_RADIUS,model_final,,,,,FALSE
1314234563,user_0147,1.79,cpp,UNKNOWN,model_final,,,,,FALSE
1314234576,user_0057,50,java,BFS_RADIUS,model_final,,,,,FALSE
1314234594,user_0041,50,cpp,MANHATTAN_SCAN,model_final,,,,,FALSE
1314234605,user_0266,35.71,java,ROW_BOUNDS_SCAN,model_final,,,,,FALSE
1314234628,user_0103,3.57,java,UNKNOWN,model_final,,,,,FALSE
1314234632,user_0120,42.86,cpp,MANHATTAN_SCAN,model_final,,,,,FALSE
1314234634,user_0240,50,java,MANHATTAN_SCAN,model_final,,,,,FALSE
1314234652,user_0266,41.07,java,ROW_BOUNDS_SCAN,model_final,,,,,FALSE
1314234680,user_0246,1.79,cpp,UNKNOWN,model_final,,,,,FALSE
1314234695,user_0266,41.07,java,ROW_BOUNDS_SCAN,model_final,,,,,FALSE
1314234699,user_0045,41.07,cpp,ROW_BOUNDS_SCAN,model_final,,,,,FALSE
1314234704,user_0038,12.5,java,BFS_RADIUS,model_final,,,,,FALSE
1314234706,user_0034,50,java,BFS_RADIUS,model_final,,,,,FALSE
1314234719,user_0031,16.07,java,BFS_RADIUS,model_final,,,,,FALSE
1314234735,user_0045,39.29,cpp,ROW_BOUNDS_SCAN,model_final,,,,,FALSE
1314234741,user_0090,17.86,cpp,BFS_RADIUS,model_final,,,,,FALSE
1314234743,user_0114,50,java,MANHATTAN_SCAN,model_final,,,,,FALSE
1314234751,user_0045,37.5,cpp,ROW_BOUNDS_SCAN,model_final,,,,,FALSE
1314234757,user_0266,41.07,java,ROW_BOUNDS_SCAN,model_final,,,,,FALSE
1314234759,user_0014,42.86,java,MANHATTAN_SCAN,model_final,,,,,FALSE
1314234772,user_0045,37.5,cpp,ROW_BOUNDS_SCAN,probabilities,0.5703125,BOUNDING_BOX_SCAN,0.185546875,0.384765625,FALSE
1314234782,user_0126,1.79,java,UNKNOWN,model_final,,,,,FALSE
1314234797,user_0116,8.93,java,UNKNOWN,model_final,,,,,FALSE
1314234803,user_0045,41.07,cpp,ROW_BOUNDS_SCAN,model_final,,,,,FALSE
1314234805,user_0040,12.5,java,BFS_RADIUS,model_final,,,,,FALSE
1314234819,user_0261,1.79,java,UNKNOWN,model_final,,,,,FALSE
1314234834,user_0095,1.79,java,UNKNOWN,model_final,,,,,FALSE
1314234837,user_0031,16.07,java,BFS_RADIUS,model_final,,,,,FALSE
1314234838,user_0105,8.93,java,BFS_RADIUS,model_final,,,,,FALSE
1314234839,user_0014,50,java,MANHATTAN_SCAN,model_final,,,,,FALSE
1314234840,user_0045,41.07,cpp,ROW_BOUNDS_SCAN,model_final,,,,,FALSE
1314234854,user_0044,1.79,cpp,UNKNOWN,model_final,,,,,FALSE
1314234858,user_0248,50,java,MANHATTAN_SCAN,model_final,,,,,FALSE
1314234877,user_0095,1.79,java,UNKNOWN,model_final,,,,,FALSE
1314234878,user_0040,5.36,java,BFS_RADIUS,model_final,,,,,FALSE
1314234881,user_0171,3.57,java,UNKNOWN,model_final,,,,,FALSE
1314234882,user_0015,35.71,cpp,MANHATTAN_SCAN,model_final,,,,,FALSE
1314234886,user_0246,1.79,cpp,UNKNOWN,model_final,,,,,FALSE
1314234887,user_0082,50,java,MANHATTAN_SCAN,model_final,,,,,FALSE
1314234890,user_0045,41.07,cpp,ROW_BOUNDS_SCAN,model_final,,,,,FALSE
1314234901,user_0090,3.57,cpp,UNKNOWN,model_final,,,,,FALSE
1314234906,user_0126,1.79,java,UNKNOWN,model_final,,,,,FALSE
1314234907,user_0241,41.07,java,MANHATTAN_SCAN,model_final,,,,,FALSE
1314234927,user_0090,10.71,cpp,ROW_BOUNDS_SCAN,model_final,,,,,FALSE
1314234943,user_0105,8.93,java,BFS_RADIUS,model_final,,,,,FALSE
1314234944,user_0027,12.5,java,BFS_RADIUS,model_final,,,,,FALSE
1314234950,user_0015,41.07,cpp,MANHATTAN_SCAN,model_final,,,,,FALSE
1314234951,user_0153,14.29,cpp,DFS_RADIUS,manual_review,,,,,TRUE
1314234952,user_0044,3.57,cpp,UNKNOWN,model_final,,,,,FALSE
1314234957,user_0045,35.71,cpp,ROW_BOUNDS_SCAN,model_final,,,,,FALSE
1314234969,user_0235,42.86,java,BFS_RADIUS,model_final,,,,,FALSE
1314234980,user_0158,50,c,MANHATTAN_SCAN,model_final,,,,,FALSE
1314234981,user_0103,3.57,java,UNKNOWN,model_final,,,,,FALSE
1314235004,user_0116,8.93,java,UNKNOWN,model_final,,,,,FALSE
1314235007,user_0126,5.36,java,UNKNOWN,model_final,,,,,FALSE
1314235016,user_0015,41.07,cpp,MANHATTAN_SCAN,model_final,,,,,FALSE
1314235026,user_0223,50,java,MANHATTAN_SCAN,model_final,,,,,FALSE
1314235028,user_0027,50,java,MANHATTAN_SCAN,model_final,,,,,FALSE
1314235033,user_0105,12.5,java,UNKNOWN,model_final,,,,,FALSE
1314235040,user_0037,50,cpp,MANHATTAN_SCAN,model_final,,,,,FALSE
1314235042,user_0005,42.86,cpp,ROW_BOUNDS_SCAN,model_final,,,,,FALSE
1314235046,user_0052,1.79,java,UNKNOWN,model_final,,,,,FALSE
1314235048,user_0027,50,java,MANHATTAN_SCAN,model_final,,,,,FALSE
1314235068,user_0126,5.36,java,UNKNOWN,model_final,,,,,FALSE
1314235088,user_0042,35.71,java,MANHATTAN_SCAN,model_final,,,,,FALSE
1314235103,user_0076,12.5,cpp,BFS_RADIUS,model_final,,,,,FALSE
1314235110,user_0123,1.79,java,UNKNOWN,model_final,,,,,FALSE
1314235112,user_0147,1.79,cpp,UNKNOWN,model_final,,,,,FALSE
1314235145,user_0036,50,cpp,MANHATTAN_SCAN,model_final,,,,,FALSE
1314235147,user_0076,50,cpp,BFS_RADIUS,model_final,,,,,FALSE
1314235162,user_0171,1.79,java,UNKNOWN,model_final,,,,,FALSE
1314235171,user_0105,16.07,java,BFS_RADIUS,model_final,,,,,FALSE
1314235196,user_0126,5.36,java,UNKNOWN,model_final,,,,,FALSE
1314235222,user_0182,7.14,java,ROW_BOUNDS_SCAN,model_final,,,,,FALSE
1314235225,user_0031,16.07,java,BFS_RADIUS,model_final,,,,,FALSE
1314235226,user_0040,8.93,java,BFS_RADIUS,model_final,,,,,FALSE
1314235247,user_0103,5.36,java,UNKNOWN,model_final,,,,,FALSE
1314235252,user_0052,1.79,java,UNKNOWN,model_final,,,,,FALSE
1314235265,user_0005,42.86,cpp,ROW_BOUNDS_SCAN,model_final,,,,,FALSE
1314235268,user_0038,17.86,java,BFS_RADIUS,model_final,,,,,FALSE
1314235287,user_0040,14.29,java,BFS_RADIUS,model_final,,,,,FALSE
1314235292,user_0086,3.57,java,UNKNOWN,model_final,,,,,FALSE
1314235296,user_0052,1.79,java,UNKNOWN,model_final,,,,,FALSE
1314235308,user_0145,1.79,java,UNKNOWN,model_final,,,,,FALSE
1314235322,user_0246,5.36,cpp,UNKNOWN,model_final,,,,,FALSE
1314235325,user_0147,30.36,cpp,ROW_BOUNDS_SCAN,model_final,,,,,FALSE
1314235346,user_0180,1.79,cpp,UNKNOWN,model_final,,,,,FALSE
1314235369,user_0275,50,java,MANHATTAN_SCAN,model_final,,,,,FALSE
1314235395,user_0147,41.07,cpp,ROW_BOUNDS_SCAN,model_final,,,,,FALSE
1314235410,user_0158,41.07,java,ROW_BOUNDS_SCAN,model_final,,,,,FALSE
1314235413,user_0132,50,cpp,MANHATTAN_SCAN,model_final,,,,,FALSE
1314235415,user_0105,16.07,java,BFS_RADIUS,model_final,,,,,FALSE
1314235419,user_0158,1.79,cpp,BFS_RADIUS,model_final,,,,,FALSE
1314235422,user_0182,7.14,java,ROW_BOUNDS_SCAN,model_final,,,,,FALSE
1314235427,user_0040,10.71,java,BFS_RADIUS,model_final,,,,,FALSE
1314235446,user_0123,3.57,java,UNKNOWN,model_final,,,,,FALSE
1314235477,user_0050,17.86,java,ROW_BOUNDS_SCAN,model_final,,,,,FALSE
1314235480,user_0145,1.79,java,UNKNOWN,model_final,,,,,FALSE
1314235519,user_0130,5.36,cpp,UNKNOWN,model_final,,,,,FALSE
1314235531,user_0158,1.79,cpp,BFS_RADIUS,model_final,,,,,FALSE
1314235540,user_0038,50,java,BFS_RADIUS,model_final,,,,,FALSE
1314235577,user_0182,16.07,java,BOUNDING_BOX_SCAN,manual_review,,,,,TRUE
1314235579,user_0123,3.57,java,UNKNOWN,model_final,,,,,FALSE
1314235597,user_0180,5.36,cpp,UNKNOWN,model_final,,,,,FALSE
1314235601,user_0040,10.71,java,BFS_RADIUS,model_final,,,,,FALSE
1314235605,user_0244,10.71,cpp,ROW_BOUNDS_SCAN,model_final,,,,,FALSE
1314235622,user_0242,5.36,cpp,UNKNOWN,model_final,,,,,FALSE
1314235628,user_0004,1.79,java,UNKNOWN,model_final,,,,,FALSE
1314235663,user_0158,1.79,cpp,BFS_RADIUS,model_final,,,,,FALSE
1314235667,user_0246,5.36,cpp,UNKNOWN,model_final,,,,,FALSE
1314235686,user_0086,12.5,java,BFS_RADIUS,model_final,,,,,FALSE
1314235692,user_0055,50,java,MANHATTAN_SCAN,model_final,,,,,FALSE
1314235693,user_0116,8.93,java,UNKNOWN,model_final,,,,,FALSE
1314235708,user_0097,1.79,java,UNKNOWN,model_final,,,,,FALSE
1314235709,user_0005,44.64,cpp,ROW_BOUNDS_SCAN,model_final,,,,,FALSE
1314235712,user_0153,10.71,cpp,BFS_RADIUS,model_final,,,,,FALSE
1314235715,user_0158,5.36,cpp,UNKNOWN,model_final,,,,,FALSE
1314235739,user_0035,48.21,java,MANHATTAN_SCAN,model_final,,,,,FALSE
1314235747,user_0261,1.79,java,UNKNOWN,model_final,,,,,FALSE
1314235752,user_0042,35.71,cpp,MANHATTAN_SCAN,model_final,,,,,FALSE
1314235761,user_0005,50,cpp,ROW_BOUNDS_SCAN,model_final,,,,,FALSE
1314235790,user_0005,50,cpp,ROW_BOUNDS_SCAN,model_final,,,,,FALSE
1314235801,user_0182,16.07,java,ROW_BOUNDS_SCAN,model_final,,,,,FALSE
1314235829,user_0049,41.07,java,BFS_RADIUS,model_final,,,,,FALSE
1314235864,user_0021,1.79,java,UNKNOWN,model_final,,,,,FALSE
1314235888,user_0158,1.79,cpp,BFS_RADIUS,model_final,,,,,FALSE
1314235938,user_0145,1.79,java,UNKNOWN,model_final,,,,,FALSE
1314235964,user_0086,10.71,java,UNKNOWN,model_final,,,,,FALSE
1314235969,user_0137,14.29,java,BFS_RADIUS,model_final,,,,,FALSE
1314236008,user_0086,12.5,java,BFS_RADIUS,model_final,,,,,FALSE
1314236045,user_0151,14.29,java,BFS_RADIUS,model_final,,,,,FALSE
1314236105,user_0137,14.29,java,BFS_RADIUS,model_final,,,,,FALSE
1314236118,user_0288,1.79,java,UNKNOWN,model_final,,,,,FALSE
1314236143,user_0081,50,java,MANHATTAN_SCAN,model_final,,,,,FALSE
1314236152,user_0123,1.79,java,UNKNOWN,model_final,,,,,FALSE
1314236172,user_0129,1.79,cpp,UNKNOWN,model_final,,,,,FALSE
1314236223,user_0288,1.79,java,UNKNOWN,model_final,,,,,FALSE
1314236225,user_0047,1.79,java,UNKNOWN,model_final,,,,,FALSE
1314236278,user_0129,3.57,cpp,UNKNOWN,model_final,,,,,FALSE
1314236299,user_0246,5.36,cpp,UNKNOWN,model_final,,,,,FALSE
1314236304,user_0045,41.07,cpp,ROW_BOUNDS_SCAN,model_final,,,,,FALSE
1314236321,user_0004,1.79,java,UNKNOWN,model_final,,,,,FALSE
1314236326,user_0045,41.07,cpp,ROW_BOUNDS_SCAN,model_final,,,,,FALSE
1314236341,user_0045,37.5,cpp,ROW_BOUNDS_SCAN,model_final,,,,,FALSE
1314236354,user_0120,50,cpp,MANHATTAN_SCAN,model_final,,,,,FALSE
1314236366,user_0045,50,cpp,ROW_BOUNDS_SCAN,model_final,,,,,FALSE
1314236392,user_0171,30.36,java,MANHATTAN_SCAN,model_final,,,,,FALSE
1314236430,user_0171,41.07,java,MANHATTAN_SCAN,model_final,,,,,FALSE
1314236432,user_0004,1.79,java,UNKNOWN,model_final,,,,,FALSE
1314236458,user_0157,50,java,BFS_RADIUS,model_final,,,,,FALSE
1314236521,user_0145,1.79,java,UNKNOWN,model_final,,,,,FALSE
1314236523,user_0158,50,java,SORTED_MANHATTAN,manual_review,,,,,TRUE
1314236524,user_0171,41.07,java,MANHATTAN_SCAN,model_final,,,,,FALSE
1314236529,user_0165,3.57,cpp,UNKNOWN,model_final,,,,,FALSE
1314236550,user_0004,5.36,java,UNKNOWN,model_final,,,,,FALSE
1314236555,user_0095,3.57,java,UNKNOWN,model_final,,,,,FALSE
1314236561,user_0233,1.79,cpp,BFS_RADIUS,model_final,,,,,FALSE
1314236604,user_0145,1.79,java,UNKNOWN,model_final,,,,,FALSE
1314236661,user_0246,5.36,cpp,UNKNOWN,model_final,,,,,FALSE
1314236662,user_0004,5.36,java,UNKNOWN,model_final,,,,,FALSE
1314236744,user_0246,7.14,cpp,UNKNOWN,model_final,,,,,FALSE
1314236752,user_0165,3.57,cpp,UNKNOWN,model_final,,,,,FALSE
1314236758,user_0047,50,java,MANHATTAN_SCAN,model_final,,,,,FALSE
1314236780,user_0261,1.79,java,UNKNOWN,model_final,,,,,FALSE
1314236864,user_0235,42.86,java,BFS_RADIUS,model_final,,,,,FALSE
1314236884,user_0246,7.14,cpp,UNKNOWN,model_final,,,,,FALSE
1314236903,user_0047,50,java,MANHATTAN_SCAN,model_final,,,,,FALSE
1314236921,user_0261,5.36,java,UNKNOWN,model_final,,,,,FALSE
1314236923,user_0145,3.57,java,UNKNOWN,model_final,,,,,FALSE
1314236951,user_0151,42.86,java,BFS_RADIUS,model_final,,,,,FALSE
1314236971,user_0145,3.57,java,UNKNOWN,model_final,,,,,FALSE
1314236973,user_0004,5.36,java,UNKNOWN,model_final,,,,,FALSE
1314236997,user_0165,3.57,cpp,UNKNOWN,model_final,,,,,FALSE
1314237030,user_0145,5.36,java,UNKNOWN,model_final,,,,,FALSE
1314237031,user_0048,1.79,cpp,UNKNOWN,model_final,,,,,FALSE
1314237040,user_0165,3.57,cpp,UNKNOWN,model_final,,,,,FALSE
1314237060,user_0062,3.57,cpp,UNKNOWN,model_final,,,,,FALSE
1314237105,user_0261,1.79,java,UNKNOWN,model_final,,,,,FALSE
1314237112,user_0226,5.36,java,UNKNOWN,model_final,,,,,FALSE
1314237177,user_0028,50,cpp,SORTED_MANHATTAN,manual_review,,,,,TRUE
1314237181,user_0062,5.36,cpp,UNKNOWN,model_final,,,,,FALSE
1314237213,user_0226,30.36,java,MANHATTAN_SCAN,model_final,,,,,FALSE
1314237250,user_0062,5.36,cpp,UNKNOWN,model_final,,,,,FALSE
1314237251,user_0147,41.07,cpp,ROW_BOUNDS_SCAN,model_final,,,,,FALSE
1314237280,user_0252,3.57,cpp,UNKNOWN,model_final,,,,,FALSE
1314237283,user_0261,5.36,java,UNKNOWN,model_final,,,,,FALSE
1314237335,user_0048,5.36,cpp,UNKNOWN,model_final,,,,,FALSE
1314237371,user_0102,1.79,java,UNKNOWN,model_final,,,,,FALSE
1314237380,user_0168,1.79,cpp,UNKNOWN,model_final,,,,,FALSE
1314237400,user_0252,3.57,cpp,UNKNOWN,model_final,,,,,FALSE
1314237409,user_0145,14.29,java,RING_SCAN,manual_review,,,,,TRUE
1314237427,user_0252,3.57,cpp,UNKNOWN,model_final,,,,,FALSE
1314237477,user_0168,1.79,cpp,UNKNOWN,model_final,,,,,FALSE
1314237507,user_0077,50,cpp,MANHATTAN_SCAN,model_final,,,,,FALSE
1314237547,user_0095,1.79,java,UNKNOWN,model_final,,,,,FALSE
1314237562,user_0095,1.79,java,UNKNOWN,model_final,,,,,FALSE
1314237582,user_0145,1.79,java,MANHATTAN_SCAN,model_final,,,,,FALSE
1314237598,user_0125,50,java,MANHATTAN_SCAN,model_final,,,,,FALSE
1314237633,user_0021,1.79,java,UNKNOWN,model_final,,,,,FALSE
1314237664,user_0252,3.57,cpp,UNKNOWN,model_final,,,,,FALSE
1314237686,user_0139,3.57,java,UNKNOWN,model_final,,,,,FALSE
1314237710,user_0130,50,cpp,MANHATTAN_SCAN,model_final,,,,,FALSE
1314237741,user_0147,41.07,cpp,ROW_BOUNDS_SCAN,model_final,,,,,FALSE
1314237745,user_0021,1.79,java,UNKNOWN,model_final,,,,,FALSE
1314237765,user_0019,12.5,java,UNKNOWN,model_final,,,,,FALSE
1314237818,user_0139,5.36,java,UNKNOWN,model_final,,,,,FALSE
1314237848,user_0019,8.93,java,BFS_RADIUS,model_final,,,,,FALSE
1314238008,user_0223,8.93,cpp,MANHATTAN_SCAN,model_final,,,,,FALSE
1314238011,user_0223,50,cpp,MANHATTAN_SCAN,model_final,,,,,FALSE
1314265677,user_0134,14.29,c,BFS_RADIUS,model_final,,,,,FALSE
1314265771,user_0134,12.5,c,BFS_RADIUS,model_final,,,,,FALSE
1323070546,user_0115,8.93,cpp,MANHATTAN_SCAN,model_final,,,,,FALSE
1323070598,user_0115,14.29,cpp,MANHATTAN_SCAN,model_final,,,,,FALSE
1323077370,user_0115,12.5,cpp,UNKNOWN,model_final,,,,,FALSE
1323319303,user_0293,50,cpp,MANHATTAN_SCAN,model_final,,,,,FALSE
1323361065,user_0142,50,java,MANHATTAN_SCAN,model_final,,,,,FALSE
1323366910,user_0109,50,java,MANHATTAN_SCAN,model_final,,,,,FALSE
1323367653,user_0023,50,java,MANHATTAN_SCAN,model_final,,,,,FALSE
1323376756,user_0122,1.79,cpp,BFS_RADIUS,model_final,,,,,FALSE
1323376847,user_0122,14.29,cpp,BFS_RADIUS,model_final,,,,,FALSE
1323377102,user_0122,50,cpp,BFS_RADIUS,model_final,,,,,FALSE
1323389180,user_0075,3.57,cpp,UNKNOWN,model_final,,,,,FALSE
1323400210,user_0039,7.14,java,UNKNOWN,model_final,,,,,FALSE
1323401347,user_0108,14.29,cpp,DFS_RADIUS,manual_review,,,,,TRUE
1323401607,user_0108,19.64,cpp,DFS_RADIUS,manual_review,,,,,TRUE
1323404029,user_0228,3.57,java,UNKNOWN,model_final,,,,,FALSE
1323404045,user_0228,5.36,java,UNKNOWN,model_final,,,,,FALSE
1323404065,user_0228,5.36,java,UNKNOWN,model_final,,,,,FALSE
1323404068,user_0238,41.07,cpp,MANHATTAN_SCAN,model_final,,,,,FALSE
1323404104,user_0238,41.07,cpp,MANHATTAN_SCAN,model_final,,,,,FALSE
1323404127,user_0238,50,cpp,MANHATTAN_SCAN,model_final,,,,,FALSE
1323404596,user_0088,50,cpp,MANHATTAN_SCAN,model_final,,,,,FALSE
1323404825,user_0054,5.36,java,BFS_RADIUS,model_final,,,,,FALSE
1323404864,user_0054,7.14,java,BFS_RADIUS,model_final,,,,,FALSE
1323404910,user_0054,30.36,java,BFS_RADIUS,model_final,,,,,FALSE
1323404960,user_0054,37.5,java,BFS_RADIUS,model_final,,,,,FALSE
1323404984,user_0054,33.93,java,BFS_RADIUS,model_final,,,,,FALSE
1323405139,user_0054,37.5,java,BFS_RADIUS,model_final,,,,,FALSE
1323405516,user_0033,14.29,cpp,BFS_RADIUS,model_final,,,,,FALSE
1323405525,user_0154,3.57,cpp,BFS_RADIUS,model_final,,,,,FALSE
1323405532,user_0033,8.93,cpp,BFS_RADIUS,model_final,,,,,FALSE
1323405550,user_0154,3.57,cpp,BFS_RADIUS,model_final,,,,,FALSE
1323405634,user_0154,12.5,cpp,BFS_RADIUS,model_final,,,,,FALSE
1323405696,user_0154,41.07,cpp,BFS_RADIUS,model_final,,,,,FALSE
1323405756,user_0154,8.93,cpp,BFS_RADIUS,model_final,,,,,FALSE
1323405769,user_0154,41.07,cpp,BFS_RADIUS,model_final,,,,,FALSE
1323406003,user_0154,44.64,cpp,BFS_RADIUS,model_final,,,,,FALSE
1323406060,user_0154,50,cpp,BFS_RADIUS,model_final,,,,,FALSE
1323415763,user_0033,50,cpp,MANHATTAN_SCAN,model_final,,,,,FALSE
1323416016,user_0156,1.79,c,UNKNOWN,model_final,,,,,FALSE
1323416404,user_0127,42.86,cpp,MANHATTAN_SCAN,model_final,,,,,FALSE
1323416560,user_0127,50,cpp,MANHATTAN_SCAN,model_final,,,,,FALSE
1323416777,user_0013,50,cpp,MANHATTAN_SCAN,model_final,,,,,FALSE
1323418080,user_0138,14.29,java,BFS_RADIUS,model_final,,,,,FALSE
1323418578,user_0138,8.93,java,BFS_RADIUS,model_final,,,,,FALSE
1323420938,user_0093,7.14,cpp,BFS_RADIUS,model_final,,,,,FALSE
1323421018,user_0093,7.14,cpp,BFS_RADIUS,model_final,,,,,FALSE
1323421310,user_0065,5.36,java,UNKNOWN,model_final,,,,,FALSE
1323421354,user_0138,8.93,java,UNKNOWN,model_final,,,,,FALSE
1323422331,user_0110,50,java,MANHATTAN_SCAN,model_final,,,,,FALSE
1323422341,user_0138,10.71,java,BFS_RADIUS,model_final,,,,,FALSE
1323423070,user_0093,48.21,cpp,BFS_RADIUS,model_final,,,,,FALSE
1323423196,user_0093,50,cpp,BFS_RADIUS,model_final,,,,,FALSE
1323423471,user_0237,50,cpp,BFS_RADIUS,model_final,,,,,FALSE
1323423511,user_0269,14.29,java,BFS_RADIUS,model_final,,,,,FALSE
1323424047,user_0225,50,cpp,BFS_RADIUS,model_final,,,,,FALSE
1323425617,user_0008,50,java,MANHATTAN_SCAN,model_final,,,,,FALSE
1323426687,user_0146,46.43,cpp,BFS_RADIUS,model_final,,,,,FALSE
1323428875,user_0146,50,cpp,BFS_RADIUS,model_final,,,,,FALSE
1323445852,user_0091,50,cpp,MANHATTAN_SCAN,model_final,,,,,FALSE
1323447222,user_0046,30.36,cpp,BFS_RADIUS,model_final,,,,,FALSE
1323447383,user_0046,35.71,cpp,BFS_RADIUS,model_final,,,,,FALSE
1323447453,user_0046,37.5,cpp,BFS_RADIUS,model_final,,,,,FALSE
1323447461,user_0026,1.79,cpp,BFS_RADIUS,model_final,,,,,FALSE
1323447535,user_0046,41.07,cpp,BFS_RADIUS,model_final,,,,,FALSE
1323447645,user_0112,50,java,MANHATTAN_SCAN,model_final,,,,,FALSE
1323447806,user_0046,41.07,cpp,BFS_RADIUS,model_final,,,,,FALSE
1323448135,user_0046,41.07,cpp,BFS_RADIUS,model_final,,,,,FALSE
1323448212,user_0046,41.07,cpp,BFS_RADIUS,model_final,,,,,FALSE
1323448310,user_0138,8.93,java,UNKNOWN,model_final,,,,,FALSE
1323448728,user_0269,23.21,java,BFS_RADIUS,model_final,,,,,FALSE
1323448964,user_0269,39.29,java,BFS_RADIUS,model_final,,,,,FALSE
1323449070,user_0269,50,java,BFS_RADIUS,model_final,,,,,FALSE
1323449662,user_0167,14.29,cpp,BFS_RADIUS,model_final,,,,,FALSE
1323449703,user_0167,12.5,cpp,BFS_RADIUS,model_final,,,,,FALSE
1323450102,user_0138,14.29,java,BFS_RADIUS,model_final,,,,,FALSE
1323450110,user_0078,23.21,cpp,BFS_RADIUS,model_final,,,,,FALSE
1323450132,user_0078,30.36,cpp,BFS_RADIUS,model_final,,,,,FALSE
1323450205,user_0078,30.36,cpp,BFS_RADIUS,model_final,,,,,FALSE
1323450288,user_0046,41.07,cpp,BFS_RADIUS,model_final,,,,,FALSE
1323450354,user_0046,41.07,cpp,BFS_RADIUS,model_final,,,,,FALSE
1323450425,user_0046,41.07,cpp,BFS_RADIUS,model_final,,,,,FALSE
1323450542,user_0138,50,java,MANHATTAN_SCAN,model_final,,,,,FALSE
1323450618,user_0084,50,cpp,MANHATTAN_SCAN,model_final,,,,,FALSE
1323451749,user_0085,3.57,cpp,UNKNOWN,model_final,,,,,FALSE
1323451802,user_0100,50,cpp,MANHATTAN_SCAN,model_final,,,,,FALSE
1323451826,user_0085,5.36,cpp,BFS_RADIUS,model_final,,,,,FALSE
1323451903,user_0065,10.71,java,BFS_RADIUS,model_final,,,,,FALSE
1323452118,user_0065,14.29,java,BFS_RADIUS,model_final,,,,,FALSE
1323452268,user_0065,8.93,java,BFS_RADIUS,model_final,,,,,FALSE
1323452275,user_0085,5.36,cpp,BFS_RADIUS,model_final,,,,,FALSE
1323452315,user_0065,8.93,java,BFS_RADIUS,model_final,,,,,FALSE
1323452434,user_0065,50,java,BFS_RADIUS,model_final,,,,,FALSE
1323452987,user_0012,50,cpp,MANHATTAN_SCAN,model_final,,,,,FALSE
1323453087,user_0039,50,java,MANHATTAN_SCAN,model_final,,,,,FALSE
1323453409,user_0085,50,cpp,MANHATTAN_SCAN,model_final,,,,,FALSE
1323453655,user_0109,50,java,BFS_RADIUS,model_final,,,,,FALSE
1323454400,user_0072,50,java,MANHATTAN_SCAN,model_final,,,,,FALSE
1323454413,user_0133,50,java,MANHATTAN_SCAN,model_final,,,,,FALSE
1323454699,user_0124,50,java,MANHATTAN_SCAN,model_final,,,,,FALSE
1323455233,user_0067,1.79,java,BFS_RADIUS,model_final,,,,,FALSE
1323455316,user_0067,3.57,java,BFS_RADIUS,model_final,,,,,FALSE
1323455420,user_0067,10.71,java,BFS_RADIUS,model_final,,,,,FALSE
1323456288,user_0056,5.36,java,UNKNOWN,model_final,,,,,FALSE
1323456318,user_0056,1.79,java,UNKNOWN,model_final,,,,,FALSE
1323456381,user_0067,50,java,BFS_RADIUS,model_final,,,,,FALSE
1323456385,user_0056,5.36,java,UNKNOWN,model_final,,,,,FALSE
1323456575,user_0067,50,java,BFS_RADIUS,model_final,,,,,FALSE
1323508018,user_0152,8.93,cpp,BFS_RADIUS,model_final,,,,,FALSE
1331754089,user_0173,50,cpp,BFS_RADIUS,model_final,,,,,FALSE
1332140866,user_0073,50,java,ROW_BOUNDS_SCAN,model_final,,,,,FALSE
1332268022,user_0016,50,cpp,MANHATTAN_SCAN,model_final,,,,,FALSE
1332321086,user_0018,46.43,java,ROW_BOUNDS_SCAN,model_final,,,,,FALSE
1332321125,user_0018,46.43,java,ROW_BOUNDS_SCAN,model_final,,,,,FALSE
1332321160,user_0018,50,java,MANHATTAN_SCAN,model_final,,,,,FALSE
1332386790,user_0079,5.36,cpp,UNKNOWN,model_final,,,,,FALSE
1332417615,user_0030,50,cpp,MANHATTAN_SCAN,model_final,,,,,FALSE
1332417755,user_0030,50,cpp,MANHATTAN_SCAN,model_final,,,,,FALSE
1332549435,user_0024,50,java,MANHATTAN_SCAN,model_final,,,,,FALSE
1332550913,user_0074,50,cpp,MANHATTAN_SCAN,model_final,,,,,FALSE
1332558574,user_0158,50,cpp,MANHATTAN_SCAN,model_final,,,,,FALSE
1332601901,user_0083,50,cpp,MANHATTAN_SCAN,model_final,,,,,FALSE
1332609417,user_0260,7.14,cpp,BFS_RADIUS,model_final,,,,,FALSE
1332615765,user_0032,7.14,java,UNKNOWN,model_final,,,,,FALSE
1332615936,user_0032,42.86,java,MANHATTAN_SCAN,model_final,,,,,FALSE
1332616033,user_0032,50,java,MANHATTAN_SCAN,model_final,,,,,FALSE
1332619959,user_0257,50,java,MANHATTAN_SCAN,model_final,,,,,FALSE
1332621134,user_0064,50,cpp,MANHATTAN_SCAN,model_final,,,,,FALSE
1332626136,user_0069,12.5,java,UNKNOWN,model_final,,,,,FALSE
1332661224,user_0069,37.5,java,MANHATTAN_SCAN,model_final,,,,,FALSE
1332673192,user_0068,8.93,java,UNKNOWN,model_final,,,,,FALSE
1332673197,user_0068,14.29,java,BOUNDING_BOX_SCAN,manual_review,,,,,TRUE
1332673206,user_0068,8.93,java,UNKNOWN,model_final,,,,,FALSE
1332673226,user_0068,3.57,java,ROW_BOUNDS_SCAN,model_final,,,,,FALSE
1332673234,user_0068,5.36,java,ROW_BOUNDS_SCAN,model_final,,,,,FALSE
1332673244,user_0068,10.71,java,UNKNOWN,model_final,,,,,FALSE
1332673446,user_0068,37.5,java,ROW_BOUNDS_SCAN,model_final,,,,,FALSE
1332673995,user_0022,50,cpp,MANHATTAN_SCAN,model_final,,,,,FALSE
1332674020,user_0148,50,cpp,MANHATTAN_SCAN,model_final,,,,,FALSE
1332711292,user_0069,37.5,java,MANHATTAN_SCAN,model_final,,,,,FALSE
1332711394,user_0069,37.5,java,MANHATTAN_SCAN,model_final,,,,,FALSE
1332711589,user_0069,50,java,MANHATTAN_SCAN,model_final,,,,,FALSE
1332720002,user_0229,50,cpp,MANHATTAN_SCAN,model_final,,,,,FALSE
1332720852,user_0175,50,cpp,MANHATTAN_SCAN,model_final,,,,,FALSE
1332733002,user_0183,50,cpp,MANHATTAN_SCAN,model_final,,,,,FALSE
1332751885,user_0121,50,cpp,MANHATTAN_SCAN,model_final,,,,,FALSE
1332753124,user_0007,50,cpp,MANHATTAN_SCAN,model_final,,,,,FALSE
1332753487,user_0053,41.07,cpp,BFS_RADIUS,model_final,,,,,FALSE
1332753509,user_0053,41.07,cpp,BFS_RADIUS,model_final,,,,,FALSE
1332755147,user_0017,50,cpp,MANHATTAN_SCAN,model_final,,,,,FALSE
1332757017,user_0131,14.29,cpp,BFS_RADIUS,model_final,,,,,FALSE
1332757491,user_0131,50,cpp,MANHATTAN_SCAN,model_final,,,,,FALSE
1332758280,user_0063,50,cpp,MANHATTAN_SCAN,model_final,,,,,FALSE
1332758508,user_0181,50,java,MANHATTAN_SCAN,model_final,,,,,FALSE
1332762230,user_0264,50,cpp,MANHATTAN_SCAN,model_final,,,,,FALSE
1332763523,user_0107,7.14,cpp,BFS_RADIUS,model_final,,,,,FALSE
1332763749,user_0107,16.07,cpp,BFS_RADIUS,model_final,,,,,FALSE
1332763819,user_0107,50,cpp,MANHATTAN_SCAN,model_final,,,,,FALSE
1332763863,user_0117,7.14,java,UNKNOWN,model_final,,,,,FALSE
1332764012,user_0267,50,cpp,MANHATTAN_SCAN,model_final,,,,,FALSE
1332764503,user_0179,41.07,cpp,MANHATTAN_SCAN,model_final,,,,,FALSE
1332764544,user_0179,41.07,cpp,RING_SCAN,probabilities,0.875,BOUNDING_BOX_SCAN,0.043701172,0.831298828,FALSE
1332764572,user_0179,41.07,cpp,MANHATTAN_SCAN,model_final,,,,,FALSE
1332764573,user_0006,50,cpp,MANHATTAN_SCAN,model_final,,,,,FALSE
1332764584,user_0179,50,cpp,MANHATTAN_SCAN,model_final,,,,,FALSE
1333751390,user_0260,1.79,cpp,UNKNOWN,model_final,,,,,FALSE
1333751432,user_0260,50,cpp,BFS_RADIUS,model_final,,,,,FALSE
1333796493,user_0141,37.5,cpp,BFS_RADIUS,model_final,,,,,FALSE
1333802598,user_0051,1.79,cpp,BFS_RADIUS,model_final,,,,,FALSE
1333803659,user_0051,8.93,cpp,UNKNOWN,model_final,,,,,FALSE
1333804011,user_0128,44.64,java,ROW_BOUNDS_SCAN,model_final,,,,,FALSE
1333804032,user_0128,44.64,java,ROW_BOUNDS_SCAN,model_final,,,,,FALSE
1333804206,user_0150,50,cpp,MANHATTAN_SCAN,model_final,,,,,FALSE
1333804278,user_0051,8.93,cpp,BFS_RADIUS,model_final,,,,,FALSE
1333804295,user_0051,50,cpp,MANHATTAN_SCAN,model_final,,,,,FALSE
1333805066,user_0247,35.71,java,BFS_RADIUS,model_final,,,,,FALSE
1333805488,user_0232,14.29,cpp,BFS_RADIUS,model_final,,,,,FALSE
1333805519,user_0232,14.29,cpp,BFS_RADIUS,model_final,,,,,FALSE
1333805547,user_0232,30.36,cpp,BFS_RADIUS,model_final,,,,,FALSE
1333805552,user_0232,35.71,cpp,BFS_RADIUS,model_final,,,,,FALSE
1333805554,user_0232,50,cpp,BFS_RADIUS,model_final,,,,,FALSE
1342818952,user_0092,50,cpp,MANHATTAN_SCAN,model_final,,,,,FALSE
1344329182,user_0058,50,cpp,MANHATTAN_SCAN,model_final,,,,,FALSE
1344372748,user_0259,8.93,cpp,UNKNOWN,model_final,,,,,FALSE
1344373500,user_0259,39.29,cpp,ROW_BOUNDS_SCAN,model_final,,,,,FALSE
1344373888,user_0259,50,cpp,MANHATTAN_SCAN,model_final,,,,,FALSE
1344527645,user_0111,50,cpp,MANHATTAN_SCAN,model_final,,,,,FALSE
1344552482,user_0184,1.79,cpp,BFS_RADIUS,model_final,,,,,FALSE
1344552513,user_0184,1.79,cpp,BFS_RADIUS,model_final,,,,,FALSE
1344552601,user_0184,50,cpp,BFS_RADIUS,model_final,,,,,FALSE
1344568192,user_0099,50,cpp,BFS_RADIUS,model_final,,,,,FALSE
1344568379,user_0099,50,cpp,MANHATTAN_SCAN,model_final,,,,,FALSE
1344586503,user_0011,1.79,java,UNKNOWN,model_final,,,,,FALSE
1344594910,user_0155,14.29,java,BOUNDING_BOX_SCAN,manual_review,,,,,TRUE
1344595072,user_0155,50,java,MANHATTAN_SCAN,model_final,,,,,FALSE
1344603567,user_0113,50,cpp,MANHATTAN_SCAN,model_final,,,,,FALSE
1344603953,user_0119,12.5,java,BFS_RADIUS,model_final,,,,,FALSE
1344604046,user_0119,10.71,java,BFS_RADIUS,model_final,,,,,FALSE
1344604075,user_0119,10.71,java,BFS_RADIUS,model_final,,,,,FALSE
1344604177,user_0119,16.07,java,BFS_RADIUS,model_final,,,,,FALSE
1344604498,user_0119,50,java,MANHATTAN_SCAN,model_final,,,,,FALSE
1344618946,user_0135,50,cpp,MANHATTAN_SCAN,model_final,,,,,FALSE
1344621492,user_0101,50,cpp,BFS_RADIUS,model_final,,,,,FALSE
1344624289,user_0149,50,cpp,MANHATTAN_SCAN,model_final,,,,,FALSE
1344626355,user_0096,50,cpp,MANHATTAN_SCAN,model_final,,,,,FALSE
1344626377,user_0043,12.5,java,UNKNOWN,model_final,,,,,FALSE
1344626582,user_0043,5.36,java,BFS_RADIUS,model_final,,,,,FALSE
1344628662,user_0025,50,cpp,MANHATTAN_SCAN,model_final,,,,,FALSE
1344635137,user_0189,3.57,cpp,BFS_RADIUS,model_final,,,,,FALSE
1344635640,user_0010,5.36,cpp,UNKNOWN,model_final,,,,,FALSE
1344635891,user_0020,50,cpp,MANHATTAN_SCAN,model_final,,,,,FALSE
1344636577,user_0106,50,cpp,MANHATTAN_SCAN,model_final,,,,,FALSE
1344637288,user_0009,5.36,cpp,UNKNOWN,model_final,,,,,FALSE
1344637296,user_0009,5.36,cpp,UNKNOWN,model_final,,,,,FALSE
1344637424,user_0009,1.79,cpp,UNKNOWN,model_final,,,,,FALSE
1344637468,user_0009,1.79,cpp,UNKNOWN,model_final,,,,,FALSE
1344637638,user_0098,50,cpp,MANHATTAN_SCAN,model_final,,,,,FALSE
1344637913,user_0089,41.07,java,ROW_BOUNDS_SCAN,model_final,,,,,FALSE
1344637964,user_0089,50,java,MANHATTAN_SCAN,model_final,,,,,FALSE
1344667416,user_0070,1.79,cpp,BFS_RADIUS,model_final,,,,,FALSE
1344667444,user_0070,5.36,cpp,UNKNOWN,model_final,,,,,FALSE
1344667888,user_0070,12.5,cpp,UNKNOWN,model_final,,,,,FALSE
1344668157,user_0070,14.29,cpp,DFS_RADIUS,manual_review,,,,,TRUE
1344694827,user_0161,30.36,cpp,ROW_BOUNDS_SCAN,model_final,,,,,FALSE
1344694860,user_0161,30.36,cpp,ROW_BOUNDS_SCAN,model_final,,,,,FALSE
1344697187,user_0161,39.29,cpp,RING_SCAN,manual_review,,,,,TRUE
1344697220,user_0161,10.71,cpp,UNKNOWN,model_final,,,,,FALSE
1344697577,user_0070,35.71,cpp,BFS_RADIUS,model_final,,,,,FALSE
1344697704,user_0070,50,cpp,BFS_RADIUS,model_final,,,,,FALSE
1361335121,user_0060,50,cpp,MANHATTAN_SCAN,model_final,,,,,FALSE
1361359788,user_0265,8.93,cpp,UNKNOWN,model_final,,,,,FALSE
1361359794,user_0265,50,cpp,MANHATTAN_SCAN,model_final,,,,,FALSE
1361579499,user_0230,14.29,cpp,BFS_RADIUS,model_final,,,,,FALSE
1361579636,user_0080,50,cpp,MANHATTAN_SCAN,model_final,,,,,FALSE
1361579640,user_0230,14.29,cpp,BFS_RADIUS,model_final,,,,,FALSE
1361579737,user_0230,50,cpp,BFS_RADIUS,model_final,,,,,FALSE
1361579968,user_0191,50,cpp,MANHATTAN_SCAN,model_final,,,,,FALSE
1361589824,user_0002,50,cpp,MANHATTAN_SCAN,model_final,,,,,FALSE
1361600291,user_0234,50,cpp,MANHATTAN_SCAN,model_final,,,,,FALSE
1361652717,user_0186,48.21,cpp,MANHATTAN_SCAN,model_final,,,,,FALSE
1361652769,user_0186,50,cpp,MANHATTAN_SCAN,model_final,,,,,FALSE
1361653778,user_0186,17.86,cpp,BFS_RADIUS,model_final,,,,,FALSE
1361659253,user_0143,50,cpp,MANHATTAN_SCAN,model_final,,,,,FALSE
1361659374,user_0277,14.29,cpp,BFS_RADIUS,model_final,,,,,FALSE
1361701961,user_0061,50,java,MANHATTAN_SCAN,model_final,,,,,FALSE
1361703636,user_0239,50,cpp,MANHATTAN_SCAN,model_final,,,,,FALSE
1361718241,user_0160,50,java,MANHATTAN_SCAN,model_final,,,,,FALSE
1361720927,user_0270,50,cpp,MANHATTAN_SCAN,model_final,,,,,FALSE
1361733211,user_0188,50,cpp,MANHATTAN_SCAN,model_final,,,,,FALSE
1361737162,user_0187,50,cpp,MANHATTAN_SCAN,model_final,,,,,FALSE
1361752573,user_0003,1.79,cpp,BFS_RADIUS,model_final,,,,,FALSE
1361752702,user_0003,50,cpp,BFS_RADIUS,model_final,,,,,FALSE
1361766635,user_0185,50,cpp,BFS_RADIUS,model_final,,,,,FALSE
1361770423,user_0190,8.93,cpp,UNKNOWN,model_final,,,,,FALSE
1361805995,user_0283,14.29,java,BFS_RADIUS,model_final,,,,,FALSE
1361807199,user_0250,50,cpp,MANHATTAN_SCAN,model_final,,,,,FALSE
1361807505,user_0285,50,java,MANHATTAN_SCAN,model_final,,,,,FALSE
1361807834,user_0283,50,java,MANHATTAN_SCAN,model_final,,,,,FALSE
1361810647,user_0001,50,cpp,BFS_RADIUS,model_final,,,,,FALSE
1361864590,user_0286,50,cpp,MANHATTAN_SCAN,model_final,,,,,FALSE
1361869243,user_0136,50,cpp,MANHATTAN_SCAN,model_final,,,,,FALSE
1361892615,user_0104,50,cpp,MANHATTAN_SCAN,model_final,,,,,FALSE
1361899304,user_0066,50,cpp,MANHATTAN_SCAN,model_final,,,,,FALSE
1361901458,user_0159,50,cpp,BFS_RADIUS,model_final,,,,,FALSE
1361903196,user_0227,16.07,cpp,DFS_RADIUS,manual_review,,,,,TRUE
1361903314,user_0170,50,cpp,MANHATTAN_SCAN,model_final,,,,,FALSE
1361903616,user_0227,1.79,cpp,UNKNOWN,model_final,,,,,FALSE
1361903704,user_0227,50,cpp,MANHATTAN_SCAN,model_final,,,,,FALSE
1361904583,user_0066,50,cpp,MANHATTAN_SCAN,model_final,,,,,FALSE
1361910845,user_0262,50,java,MANHATTAN_SCAN,model_final,,,,,FALSE
1370607065,user_0287,50,cpp,MANHATTAN_SCAN,model_final,,,,,FALSE
1378017593,user_0211,48.21,cpp,MANHATTAN_SCAN,model_final,,,,,FALSE
1378034785,user_0222,16.07,cpp,DFS_RADIUS,manual_review,,,,,TRUE
1378035023,user_0222,50,cpp,BFS_RADIUS,model_final,,,,,FALSE
1378040345,user_0210,10.71,cpp,BFS_RADIUS,model_final,,,,,FALSE
1378065070,user_0207,17.86,cpp,BFS_RADIUS,model_final,,,,,FALSE
1378065257,user_0207,50,cpp,BFS_RADIUS,model_final,,,,,FALSE
1378078710,user_0140,12.5,cpp,BFS_RADIUS,model_final,,,,,FALSE
1378078722,user_0140,41.07,cpp,BFS_RADIUS,model_final,,,,,FALSE
1378092165,user_0209,50,cpp,BFS_RADIUS,model_final,,,,,FALSE
1378092207,user_0209,50,cpp,BFS_RADIUS,model_final,,,,,FALSE
1378096573,user_0201,50,java,BFS_RADIUS,model_final,,,,,FALSE
1378112393,user_0213,5.36,java,BFS_RADIUS,model_final,,,,,FALSE
1378112521,user_0213,50,java,BFS_RADIUS,model_final,,,,,FALSE
1378117331,user_0214,16.07,java,BFS_RADIUS,model_final,,,,,FALSE
1378117387,user_0217,14.29,cpp,DFS_RADIUS,manual_review,,,,,TRUE
1378117542,user_0217,50,cpp,BFS_RADIUS,model_final,,,,,FALSE
1378117607,user_0217,10.71,cpp,BFS_RADIUS,model_final,,,,,FALSE
1378117703,user_0214,14.29,java,BFS_RADIUS,model_final,,,,,FALSE
1378117759,user_0217,50,cpp,BFS_RADIUS,model_final,,,,,FALSE
1378117860,user_0214,1.79,java,UNKNOWN,model_final,,,,,FALSE
1378117897,user_0217,16.07,cpp,BFS_RADIUS,model_final,,,,,FALSE
1378118133,user_0214,16.07,java,BFS_RADIUS,model_final,,,,,FALSE
1378120012,user_0204,8.93,cpp,BFS_RADIUS,model_final,,,,,FALSE
1378120312,user_0204,1.79,cpp,ROW_BOUNDS_SCAN,model_final,,,,,FALSE
1378120328,user_0204,35.71,cpp,ROW_BOUNDS_SCAN,model_final,,,,,FALSE
1378120335,user_0204,41.07,cpp,ROW_BOUNDS_SCAN,model_final,,,,,FALSE
1378120748,user_0279,50,java,BFS_RADIUS,model_final,,,,,FALSE
1378121027,user_0210,50,cpp,BFS_RADIUS,model_final,,,,,FALSE
1378121757,user_0206,8.93,java,UNKNOWN,model_final,,,,,FALSE
1378130862,user_0214,50,java,BFS_RADIUS,model_final,,,,,FALSE
1378143318,user_0206,50,java,BFS_RADIUS,model_final,,,,,FALSE
1378146502,user_0208,5.36,java,UNKNOWN,model_final,,,,,FALSE
1378146862,user_0208,50,java,BFS_RADIUS,model_final,,,,,FALSE
1378148212,user_0219,14.29,cpp,BFS_RADIUS,model_final,,,,,FALSE
1378148490,user_0219,14.29,cpp,DFS_RADIUS,manual_review,,,,,TRUE
1378149143,user_0219,14.29,cpp,DFS_RADIUS,manual_review,,,,,TRUE
1378149257,user_0203,50,cpp,BFS_RADIUS,model_final,,,,,FALSE
1378151931,user_0243,50,cpp,BFS_RADIUS,model_final,,,,,FALSE
1378153091,user_0211,50,cpp,MANHATTAN_SCAN,model_final,,,,,FALSE
1378153212,user_0205,50,cpp,MANHATTAN_SCAN,model_final,,,,,FALSE
1378153284,user_0221,50,cpp,MANHATTAN_SCAN,model_final,,,,,FALSE
1378156639,user_0212,50,cpp,MANHATTAN_SCAN,model_final,,,,,FALSE
1378158633,user_0220,50,java,MANHATTAN_SCAN,model_final,,,,,FALSE
1378159087,user_0216,50,c,BFS_RADIUS,model_final,,,,,FALSE
1378159125,user_0215,8.93,cpp,UNKNOWN,model_final,,,,,FALSE
1378159176,user_0215,8.93,cpp,UNKNOWN,model_final,,,,,FALSE
1378159190,user_0215,8.93,cpp,MANHATTAN_SCAN,model_final,,,,,FALSE
1378159204,user_0215,50,cpp,MANHATTAN_SCAN,model_final,,,,,FALSE
1378159378,user_0218,12.5,cpp,UNKNOWN,model_final,,,,,FALSE
1378159448,user_0216,8.93,cpp,BFS_RADIUS,model_final,,,,,FALSE
1378159458,user_0216,50,cpp,BFS_RADIUS,model_final,,,,,FALSE
1378159486,user_0218,14.29,cpp,BFS_RADIUS,model_final,,,,,FALSE
1378159507,user_0218,14.29,cpp,DFS_RADIUS,manual_review,,,,,TRUE
1378159510,user_0218,14.29,cpp,DFS_RADIUS,manual_review,,,,,TRUE
1378159523,user_0218,41.07,cpp,BFS_RADIUS,model_final,,,,,FALSE
1378160109,user_0200,50,cpp,MANHATTAN_SCAN,model_final,,,,,FALSE
1378160444,user_0199,50,cpp,BFS_RADIUS,model_final,,,,,FALSE
1378160778,user_0202,8.93,cpp,UNKNOWN,model_final,,,,,FALSE
1391614243,user_0087,50,cpp,MANHATTAN_SCAN,model_final,,,,,FALSE
1391682518,user_0284,50,cpp,BFS_RADIUS,model_final,,,,,FALSE
1391739609,user_0278,1.79,java,UNKNOWN,model_final,,,,,FALSE
1391739813,user_0278,35.71,java,BFS_RADIUS,model_final,,,,,FALSE
1391739839,user_0278,50,java,BFS_RADIUS,model_final,,,,,FALSE
1391769625,user_0263,50,cpp,BFS_RADIUS,model_final,,,,,FALSE
1391802279,user_0196,14.29,cpp,BFS_RADIUS,model_final,,,,,FALSE
1391802299,user_0196,14.29,cpp,BFS_RADIUS,model_final,,,,,FALSE
1391802353,user_0196,41.07,cpp,ROW_BOUNDS_SCAN,model_final,,,,,FALSE
1391802361,user_0196,50,cpp,ROW_BOUNDS_SCAN,model_final,,,,,FALSE
1391817271,user_0268,50,java,MANHATTAN_SCAN,model_final,,,,,FALSE
1391817300,user_0268,50,java,BFS_RADIUS,model_final,,,,,FALSE
1391820045,user_0268,50,java,BFS_RADIUS,model_final,,,,,FALSE
1391824959,user_0162,5.36,cpp,UNKNOWN,model_final,,,,,FALSE
1391825349,user_0162,23.21,cpp,BFS_RADIUS,model_final,,,,,FALSE
1391825514,user_0258,28.57,cpp,MANHATTAN_SCAN,model_final,,,,,FALSE
1391825589,user_0258,50,cpp,MANHATTAN_SCAN,model_final,,,,,FALSE
1391825752,user_0162,41.07,cpp,MANHATTAN_SCAN,model_final,,,,,FALSE
1391825862,user_0162,50,cpp,ROW_BOUNDS_SCAN,model_final,,,,,FALSE
1391839565,user_0255,1.79,java,UNKNOWN,model_final,,,,,FALSE
1391856174,user_0278,1.79,java,UNKNOWN,model_final,,,,,FALSE
1391856329,user_0278,1.79,java,UNKNOWN,model_final,,,,,FALSE
1391856779,user_0278,32.14,java,BFS_RADIUS,model_final,,,,,FALSE
1391856787,user_0278,35.71,java,BFS_RADIUS,model_final,,,,,FALSE
1391856810,user_0278,41.07,java,BFS_RADIUS,model_final,,,,,FALSE
1391856823,user_0278,50,java,BFS_RADIUS,model_final,,,,,FALSE
1391862369,user_0172,50,cpp,BFS_RADIUS,model_final,,,,,FALSE
1391862758,user_0169,50,cpp,BFS_RADIUS,model_final,,,,,FALSE
1391899262,user_0273,42.86,cpp,BFS_RADIUS,model_final,,,,,FALSE
1391901684,user_0166,50,c,MANHATTAN_SCAN,model_final,,,,,FALSE
1391905393,user_0059,50,cpp,MANHATTAN_SCAN,model_final,,,,,FALSE
1391907417,user_0163,50,java,MANHATTAN_SCAN,model_final,,,,,FALSE
1391927724,user_0198,50,cpp,MANHATTAN_SCAN,model_final,,,,,FALSE
1391933713,user_0224,50,java,MANHATTAN_SCAN,model_final,,,,,FALSE
1391933787,user_0271,39.29,java,RING_SCAN,manual_review,,,,,TRUE
1391933898,user_0271,41.07,java,MANHATTAN_SCAN,model_final,,,,,FALSE
1391933920,user_0271,39.29,java,MANHATTAN_SCAN,model_final,,,,,FALSE
1391934010,user_0271,41.07,java,MANHATTAN_SCAN,model_final,,,,,FALSE
1391934247,user_0271,50,java,MANHATTAN_SCAN,model_final,,,,,FALSE
1391934413,user_0276,1.79,cpp,BFS_RADIUS,model_final,,,,,FALSE
1391934479,user_0276,50,cpp,BFS_RADIUS,model_final,,,,,FALSE
1391934832,user_0290,14.29,cpp,BFS_RADIUS,model_final,,,,,FALSE
1391941229,user_0164,7.14,cpp,UNKNOWN,model_final,,,,,FALSE
1391941265,user_0164,19.64,cpp,ROW_BOUNDS_SCAN,model_final,,,,,FALSE
1391941294,user_0164,19.64,cpp,ROW_BOUNDS_SCAN,model_final,,,,,FALSE
1391941482,user_0164,14.29,cpp,BFS_RADIUS,model_final,,,,,FALSE
1391942478,user_0176,50,cpp,ROW_BOUNDS_SCAN,model_final,,,,,FALSE
1391951011,user_0177,50,cpp,MANHATTAN_SCAN,model_final,,,,,FALSE
1391960389,user_0245,50,java,BFS_RADIUS,model_final,,,,,FALSE
1391962165,user_0272,5.36,c,BFS_RADIUS,model_final,,,,,FALSE
1391962226,user_0272,5.36,c,BFS_RADIUS,model_final,,,,,FALSE
1391964261,user_0194,50,cpp,MANHATTAN_SCAN,model_final,,,,,FALSE
1391964711,user_0178,50,cpp,MANHATTAN_SCAN,model_final,,,,,FALSE
1391967203,user_0197,1.79,cpp,UNKNOWN,model_final,,,,,FALSE
1391970489,user_0192,50,cpp,BFS_RADIUS,model_final,,,,,FALSE
1391970625,user_0192,50,cpp,MANHATTAN_SCAN,model_final,,,,,FALSE
1391971153,user_0192,14.29,cpp,BFS_RADIUS,model_final,,,,,FALSE
1391971205,user_0192,14.29,cpp,BFS_RADIUS,model_final,,,,,FALSE
1391971221,user_0192,50,cpp,BFS_RADIUS,model_final,,,,,FALSE
1391971885,user_0282,14.29,java,BFS_RADIUS,model_final,,,,,FALSE
1391986473,user_0192,50,cpp,MANHATTAN_SCAN,model_final,,,,,FALSE
1391995049,user_0236,50,java,ROW_BOUNDS_SCAN,model_final,,,,,FALSE
1392000917,user_0193,50,cpp,MANHATTAN_SCAN,model_final,,,,,FALSE
1392016149,user_0174,50,java,MANHATTAN_SCAN,model_final,,,,,FALSE
1392033232,user_0195,50,cpp,BFS_RADIUS,model_final,,,,,FALSE
1392034696,user_0274,14.29,cpp,BFS_RADIUS,model_final,,,,,FALSE
1392034728,user_0274,14.29,cpp,BFS_RADIUS,model_final,,,,,FALSE
1408522644,user_0256,14.29,cpp,BFS_RADIUS,model_final,,,,,FALSE
1408522783,user_0256,50,cpp,BFS_RADIUS,model_final,,,,,FALSE
1408560151,user_0291,50,cpp,MANHATTAN_SCAN,model_final,,,,,FALSE
1408569415,user_0249,5.36,cpp,BFS_RADIUS,model_final,,,,,FALSE
1408571299,user_0251,50,cpp,MANHATTAN_SCAN,model_final,,,,,FALSE
