submission_id,user_id,score,language,algorithm,label_type
1359952643,user_0001,50.0,cpp,UNKNOWN,ZERO_SHOT_7B
1360496791,user_0001,50.0,cpp,KAHN,ZERO_SHOT_7B
1314236741,user_0003,50.0,java,KAHN,MANUAL
1333777242,user_0004,50.0,cpp,KAHN,ZERO_SHOT_7B
1344635351,user_0008,50.0,cpp,UNKNOWN,ZERO_SHOT_7B
1333799188,user_0015,50.0,cpp,DFS_TOPOLOGICAL,ZERO_SHOT_7B
1333787279,user_0016,50.0,cpp,DFS_TOPOLOGICAL,MANUAL
1333788831,user_0017,50.0,java,KAHN,MANUAL
1391186585,user_0020,50.0,cpp,KAHN,MANUAL
1323410048,user_0021,50.0,cpp,DFS_TOPOLOGICAL,ZERO_SHOT_7B
1314186184,user_0023,50.0,cpp,DFS_TOPOLOGICAL,MANUAL
1344573200,user_0024,50.0,cpp,KAHN,MANUAL
1323374677,user_0026,50.0,java,KAHN,MANUAL
1323414901,user_0028,50.0,cpp,KAHN,ZERO_SHOT_7B
1323431344,user_0031,50.0,cpp,DFS_TOPOLOGICAL,MANUAL
1391864700,user_0033,50.0,cpp,KAHN,ZERO_SHOT_7B
1391779888,user_0034,50.0,cpp,UNKNOWN,ZERO_SHOT_7B
1391864553,user_0036,50.0,cpp,KAHN,ZERO_SHOT_7B
1378139766,user_0039,50.0,cpp,DFS_TOPOLOGICAL,MANUAL
1378138561,user_0040,50.0,java,KAHN,MANUAL
1378150681,user_0042,50.0,cpp,KAHN,ZERO_SHOT_7B
1378150766,user_0042,50.0,cpp,KAHN,ZERO_SHOT_7B
1344629085,user_0044,50.0,cpp,DFS_TOPOLOGICAL,MANUAL
1314168969,user_0047,50.0,java,KAHN,MANUAL
1391831565,user_0050,50.0,java,KAHN,ZERO_SHOT_7B
1391740445,user_0051,50.0,java,KAHN,ZERO_SHOT_7B
1314158859,user_0053,50.0,cpp,KAHN,ZERO_SHOT_7B
1314158862,user_0053,50.0,cpp,DFS_TOPOLOGICAL,ZERO_SHOT_7B
1314222956,user_0053,50.0,java,KAHN,MANUAL
1391688758,user_0054,50.0,cpp,KAHN,ZERO_SHOT_7B
1370607970,user_0055,50.0,cpp,KAHN,ZERO_SHOT_7B
1314235802,user_0056,50.0,cpp,DFS_TOPOLOGICAL,MANUAL
1314236204,user_0010,47.5,cpp,DEGREE_DFS_REACHABILITY,MANUAL
1314236379,user_0010,47.5,cpp,DEGREE_DFS_REACHABILITY,MANUAL
1314236788,user_0010,47.5,cpp,DEGREE_DFS_REACHABILITY,MANUAL
1314236920,user_0010,47.5,cpp,DEGREE_DFS_REACHABILITY,MANUAL
1314236163,user_0014,47.5,cpp,DEGREE_HEURISTIC,MANUAL
1314237580,user_0014,47.5,cpp,DEGREE_HEURISTIC,MANUAL
1314237062,user_0019,47.5,cpp,DEGREE_BFS_REACHABILITY,MANUAL
1323409209,user_0021,47.5,cpp,DEGREE_DFS_REACHABILITY,MANUAL
1323450152,user_0022,47.5,cpp,BIDIRECTIONAL_DFS_REACHABILITY,MANUAL
1391779874,user_0034,47.5,cpp,DEGREE_HEURISTIC,MANUAL
1333805821,user_0043,47.5,cpp,DEGREE_HEURISTIC,MANUAL
1314158851,user_0053,47.5,cpp,KAHN,MANUAL
1391779860,user_0034,45.0,cpp,DEGREE_HEURISTIC,MANUAL
1314158843,user_0053,45.0,cpp,KAHN,MANUAL
1314184304,user_0047,25.0,java,REPEATED_DFS_REACHABILITY,MANUAL
1314212329,user_0048,25.0,cpp,DFS_TRANSITIVE_CLOSURE,MANUAL
1314184031,user_0047,22.5,java,FLOYD_WARSHALL,MANUAL
1314237712,user_0009,15.0,java,REPEATED_DFS_REACHABILITY,MANUAL
1323449733,user_0013,15.0,java,DFS_TOPOLOGICAL,MANUAL
1323449824,user_0022,15.0,cpp,BIDIRECTIONAL_DFS_REACHABILITY,MANUAL
1323374501,user_0026,15.0,java,KAHN,MANUAL
1323388419,user_0027,15.0,cpp,KAHN,MANUAL
1391864412,user_0033,15.0,cpp,REPEATED_DFS_REACHABILITY,MANUAL
1391864462,user_0036,15.0,cpp,REPEATED_BFS_REACHABILITY,MANUAL
1314236901,user_0010,12.5,cpp,UNKNOWN,ZERO_SHOT_7B
1323078705,user_0011,12.5,cpp,REPEATED_BFS_REACHABILITY,ZERO_SHOT_7B
1323449697,user_0013,12.5,java,UNKNOWN,ZERO_SHOT_7B
1323079709,user_0025,12.5,java,REPEATED_DFS_REACHABILITY,ZERO_SHOT_7B
1378143030,user_0037,12.5,java,UNKNOWN,ZERO_SHOT_7B
1314237041,user_0046,12.5,cpp,BIDIRECTIONAL_DFS_REACHABILITY,ZERO_SHOT_7B
1314237143,user_0046,12.5,cpp,BIDIRECTIONAL_DFS_REACHABILITY,ZERO_SHOT_7B
1314237394,user_0046,12.5,cpp,BIDIRECTIONAL_DFS_REACHABILITY,ZERO_SHOT_7B
1391831540,user_0050,12.5,java,REPEATED_DFS_REACHABILITY,ZERO_SHOT_7B
1314237440,user_0052,12.5,java,BIDIRECTIONAL_DFS_REACHABILITY,ZERO_SHOT_7B
1314222962,user_0053,12.5,java,DFS_TRANSITIVE_CLOSURE,ZERO_SHOT_7B
1323398884,user_0002,10.0,cpp,UNKNOWN,ZERO_SHOT_7B
1314236638,user_0003,10.0,java,KAHN,ZERO_SHOT_7B
1314236817,user_0007,10.0,java,FLOYD_WARSHALL,ZERO_SHOT_7B
1314237095,user_0007,10.0,java,FLOYD_WARSHALL,ZERO_SHOT_7B
1314237611,user_0007,10.0,java,FLOYD_WARSHALL,ZERO_SHOT_7B
1314236969,user_0030,10.0,java,REPEATED_BFS_REACHABILITY,ZERO_SHOT_7B
1314237178,user_0038,10.0,cpp,FLOYD_WARSHALL,ZERO_SHOT_7B
1314237119,user_0045,10.0,cpp,DFS_TRANSITIVE_CLOSURE,ZERO_SHOT_7B
1314236771,user_0049,10.0,java,REPEATED_DFS_REACHABILITY,ZERO_SHOT_7B
1323105206,user_0006,7.5,java,KAHN,ZERO_SHOT_7B
1314237503,user_0007,7.5,java,FLOYD_WARSHALL,ZERO_SHOT_7B
1314237561,user_0009,7.5,java,REPEATED_DFS_REACHABILITY,ZERO_SHOT_7B
1323079843,user_0011,7.5,cpp,UNKNOWN,ZERO_SHOT_7B
1314237053,user_0012,7.5,java,UNKNOWN,ZERO_SHOT_7B
1323079981,user_0032,7.5,cpp,REPEATED_BFS_REACHABILITY,ZERO_SHOT_7B
1314236712,user_0035,7.5,cpp,FLOYD_WARSHALL,ZERO_SHOT_7B
1314236829,user_0035,7.5,cpp,FLOYD_WARSHALL,ZERO_SHOT_7B
1314237264,user_0035,7.5,cpp,FLOYD_WARSHALL,ZERO_SHOT_7B
1314236520,user_0052,7.5,java,UNKNOWN,ZERO_SHOT_7B
1323398709,user_0002,5.0,cpp,UNKNOWN,ZERO_SHOT_7B
1333803013,user_0005,5.0,java,REPEATED_BFS_REACHABILITY,ZERO_SHOT_7B
1344489937,user_0018,5.0,java,DFS_TRANSITIVE_CLOSURE,ZERO_SHOT_7B
1331892309,user_0029,5.0,java,UNKNOWN,ZERO_SHOT_7B
1331892366,user_0029,5.0,java,UNKNOWN,ZERO_SHOT_7B
1331892429,user_0029,5.0,java,UNKNOWN,ZERO_SHOT_7B
1314236028,user_0032,5.0,java,UNKNOWN,ZERO_SHOT_7B
1378126300,user_0037,5.0,java,KAHN,ZERO_SHOT_7B
1333772905,user_0041,5.0,cpp,UNKNOWN,ZERO_SHOT_7B
1333773505,user_0041,5.0,cpp,UNKNOWN,ZERO_SHOT_7B
1333773627,user_0041,5.0,cpp,REPEATED_BFS_REACHABILITY,ZERO_SHOT_7B
1314236693,user_0045,5.0,cpp,REPEATED_DFS_REACHABILITY,ZERO_SHOT_7B
1314236564,user_0010,2.5,cpp,BIDIRECTIONAL_DFS_REACHABILITY,ZERO_SHOT_7B
1314236632,user_0010,2.5,cpp,BIDIRECTIONAL_DFS_REACHABILITY,ZERO_SHOT_7B
1314236683,user_0010,2.5,cpp,BIDIRECTIONAL_DFS_REACHABILITY,ZERO_SHOT_7B
1378130544,user_0037,2.5,java,KAHN,ZERO_SHOT_7B
1314235234,user_0057,2.5,cpp,UNKNOWN,ZERO_SHOT_7B
1314235845,user_0057,2.5,cpp,UNKNOWN,ZERO_SHOT_7B
