submission_id,user_id,score,language,predicted_algorithm,method,probability,second_algorithm,second_probability,margin
1359951515,user_0001,50.0,cpp,DP_POSITION_BATTERY_STATE,probabilities,0.73828125,UNKNOWN,0.240234375,0.498046875
1314235912,user_0002,2.5,cpp,GREEDY_CHEAPEST_AVAILABLE_INCREMENTAL_TRACKING,probabilities,0.361328125,GREEDY_CHEAPEST_AVAILABLE_LINEAR_SCAN,0.28125,0.080078125
1323386252,user_0003,5.0,cpp,UNKNOWN,probabilities,0.84375,DP_POSITION_BATTERY_STATE,0.146484375,0.697265625
1323386334,user_0003,20.0,cpp,UNKNOWN,probabilities,0.72265625,DP_POSITION_BATTERY_STATE,0.265625,0.45703125
1323386957,user_0003,25.0,cpp,DP_POSITION_BATTERY_STATE,probabilities,0.5078125,UNKNOWN,0.44921875,0.05859375
1323387233,user_0003,25.0,cpp,DP_POSITION_BATTERY_STATE,model_final,,,,
1323446269,user_0003,25.0,cpp,UNKNOWN,probabilities,0.890625,DP_POSITION_BATTERY_STATE,0.09423828125,0.79638671875
1323446304,user_0003,50.0,cpp,UNKNOWN,probabilities,0.8203125,DP_POSITION_BATTERY_STATE,0.1611328125,0.6591796875
1323446283,user_0003,25.0,cpp,UNKNOWN,probabilities,0.80078125,DP_POSITION_BATTERY_STATE,0.1787109375,0.6220703125
1314235971,user_0004,7.5,cpp,UNKNOWN,probabilities,0.9609375,GREEDY_CHEAPEST_AVAILABLE_INCREMENTAL_TRACKING,0.0198974609375,0.9410400390625
1314237066,user_0004,7.5,cpp,UNKNOWN,probabilities,0.462890625,GREEDY_CHEAPEST_AVAILABLE_INCREMENTAL_TRACKING,0.2177734375,0.2451171875
1314237596,user_0004,5.0,cpp,UNKNOWN,probabilities,0.6484375,GREEDY_CHEAPEST_AVAILABLE_INCREMENTAL_TRACKING,0.14453125,0.50390625
1323455893,user_0005,22.5,java,GREEDY_PREFIX_MINIMUM_ACCUMULATION,manual_review,,,,
1323426935,user_0006,22.5,cpp,UNKNOWN,probabilities,0.94140625,DP_POSITION_BATTERY_STATE,0.03662109375,0.90478515625
1323427109,user_0006,22.5,cpp,DP_POSITION_BATTERY_STATE,model_final,,,,
1323427765,user_0006,42.5,cpp,DP_POSITION_BATTERY_STATE,probabilities,0.55078125,UNKNOWN,0.427734375,0.123046875
1323429754,user_0006,32.5,cpp,UNKNOWN,probabilities,0.76171875,DP_POSITION_BATTERY_STATE,0.21875,0.54296875
1323429910,user_0006,45.0,cpp,DP_POSITION_BATTERY_STATE,probabilities,0.78515625,UNKNOWN,0.19921875,0.5859375
1323429935,user_0006,50.0,cpp,DP_POSITION_BATTERY_STATE,probabilities,0.8046875,UNKNOWN,0.1796875,0.625
1323455449,user_0006,5.0,cpp,DP_POSITION_BATTERY_STATE,probabilities,0.74609375,UNKNOWN,0.2421875,0.50390625
1323455462,user_0006,50.0,cpp,DP_POSITION_BATTERY_STATE,probabilities,0.7890625,UNKNOWN,0.19921875,0.58984375
1323455455,user_0006,50.0,cpp,DP_POSITION_BATTERY_STATE,probabilities,0.7421875,UNKNOWN,0.2412109375,0.5009765625
1332203404,user_0007,22.5,cpp,GREEDY_PREFIX_MINIMUM_ACCUMULATION,model_final,,,,
1332203430,user_0007,50.0,cpp,SLIDING_WINDOW_MINIMUM_LINEAR_SCAN,probabilities,0.72265625,UNKNOWN,0.1416015625,0.5810546875
1314235808,user_0008,2.5,java,UNKNOWN,probabilities,0.9453125,GREEDY_PREFIX_MINIMUM_ACCUMULATION,0.028564453125,0.916748046875
1332321524,user_0009,25.0,java,GREEDY_NEXT_CHEAPER_LINEAR_SCAN,model_final,,,,
1332376143,user_0009,50.0,java,SLIDING_WINDOW_MINIMUM_LINEAR_SCAN,manual_review,,,,
1332720333,user_0010,5.0,cpp,DP_POSITION_BATTERY_STATE,probabilities,0.5859375,UNKNOWN,0.40234375,0.18359375
1332720368,user_0010,50.0,cpp,UNKNOWN,probabilities,0.51171875,DP_POSITION_BATTERY_STATE,0.451171875,0.060546875
1314237182,user_0011,5.0,java,UNKNOWN,probabilities,0.94140625,GREEDY_PREFIX_MINIMUM_ACCUMULATION,0.01519775390625,0.92620849609375
1332550515,user_0012,30.0,java,GREEDY_CHEAPEST_AVAILABLE_LINEAR_SCAN,manual_review,,,,
1332551583,user_0012,30.0,java,GREEDY_CHEAPEST_AVAILABLE_LINEAR_SCAN,manual_review,,,,
1332551689,user_0012,50.0,java,GREEDY_CHEAPEST_AVAILABLE_LINEAR_SCAN,manual_review,,,,
1344635291,user_0013,50.0,cpp,DP_POSITION_BATTERY_STATE,probabilities,0.6796875,UNKNOWN,0.283203125,0.396484375
1323427915,user_0014,2.5,cpp,DP_POSITION_BATTERY_STATE,probabilities,0.7421875,UNKNOWN,0.240234375,0.501953125
1323427973,user_0014,50.0,cpp,DP_POSITION_BATTERY_STATE,probabilities,0.640625,UNKNOWN,0.34375,0.296875
1314236684,user_0015,25.0,java,GREEDY_CHEAPEST_AVAILABLE_LINEAR_SCAN,model_final,,,,
1314236785,user_0015,25.0,java,DP_POSITION_BATTERY_STATE,probabilities,0.6796875,UNKNOWN,0.283203125,0.396484375
1332760662,user_0016,50.0,cpp,DP_POSITION_BATTERY_STATE,probabilities,0.61328125,UNKNOWN,0.373046875,0.240234375
1314235184,user_0017,50.0,cpp,DP_POSITION_BATTERY_STATE,probabilities,0.6796875,UNKNOWN,0.283203125,0.396484375
1323427238,user_0018,5.0,cpp,GREEDY_CHEAPEST_AVAILABLE_INCREMENTAL_TRACKING,probabilities,0.2890625,UNKNOWN,0.1982421875,0.0908203125
1323427658,user_0018,7.5,cpp,GREEDY_CHEAPEST_AVAILABLE_INCREMENTAL_TRACKING,probabilities,0.33203125,GREEDY_CHEAPEST_AVAILABLE_LINEAR_SCAN,0.2021484375,0.1298828125
1323432332,user_0018,7.5,cpp,GREEDY_CHEAPEST_AVAILABLE_LINEAR_SCAN,model_final,,,,
1323432379,user_0018,7.5,cpp,GREEDY_CHEAPEST_AVAILABLE_INCREMENTAL_TRACKING,probabilities,0.4296875,GREEDY_CHEAPEST_AVAILABLE_LINEAR_SCAN,0.1796875,0.25
1323432495,user_0018,25.0,cpp,GREEDY_CHEAPEST_AVAILABLE_INCREMENTAL_TRACKING,probabilities,0.3671875,UNKNOWN,0.1962890625,0.1708984375
1323432586,user_0018,25.0,cpp,GREEDY_CHEAPEST_AVAILABLE_INCREMENTAL_TRACKING,probabilities,0.369140625,UNKNOWN,0.25390625,0.115234375
1323432645,user_0018,20.0,cpp,GREEDY_CHEAPEST_AVAILABLE_INCREMENTAL_TRACKING,probabilities,0.3125,UNKNOWN,0.2431640625,0.0693359375
1323432665,user_0018,25.0,cpp,GREEDY_CHEAPEST_AVAILABLE_INCREMENTAL_TRACKING,probabilities,0.291015625,UNKNOWN,0.255859375,0.03515625
1323432709,user_0018,22.5,cpp,GREEDY_CHEAPEST_AVAILABLE_INCREMENTAL_TRACKING,probabilities,0.3515625,UNKNOWN,0.2412109375,0.1103515625
1332755494,user_0019,22.5,cpp,DP_POSITION_BATTERY_STATE,model_final,,,,
1332755545,user_0019,17.5,cpp,UNKNOWN,probabilities,0.60546875,DP_POSITION_BATTERY_STATE,0.32421875,0.28125
1332755677,user_0019,25.0,cpp,UNKNOWN,probabilities,0.57421875,DP_POSITION_BATTERY_STATE,0.34765625,0.2265625
1332756043,user_0019,25.0,cpp,DP_POSITION_BATTERY_STATE,probabilities,0.47265625,UNKNOWN,0.416015625,0.056640625
1332756021,user_0019,25.0,cpp,UNKNOWN,probabilities,0.76171875,DP_POSITION_BATTERY_STATE,0.2177734375,0.5439453125
1332763872,user_0020,50.0,cpp,UNKNOWN,probabilities,0.6953125,DP_POSITION_BATTERY_STATE,0.2890625,0.40625
1314236551,user_0021,22.5,java,GREEDY_NEXT_CHEAPER_LINEAR_SCAN,probabilities,0.30078125,GREEDY_CHEAPEST_AVAILABLE_LINEAR_SCAN,0.234375,0.06640625
1314236642,user_0021,50.0,java,GREEDY_NEXT_CHEAPER_LINEAR_SCAN,manual_review,,,,
1344346526,user_0022,25.0,cpp,GREEDY_CHEAPEST_AVAILABLE_INCREMENTAL_TRACKING,probabilities,0.44921875,GREEDY_CHEAPEST_AVAILABLE_LINEAR_SCAN,0.240234375,0.208984375
1391907728,user_0023,35.0,cpp,GREEDY_CHEAPEST_AVAILABLE_INCREMENTAL_TRACKING,manual_review,,,,
1391907768,user_0023,50.0,cpp,GREEDY_CHEAPEST_AVAILABLE_INCREMENTAL_TRACKING,probabilities,0.380859375,GREEDY_CHEAPEST_AVAILABLE_LINEAR_SCAN,0.2314453125,0.1494140625
1314236944,user_0024,2.5,cpp,GREEDY_CHEAPEST_AVAILABLE_LINEAR_SCAN,model_final,,,,
1323455889,user_0025,50.0,cpp,SLIDING_WINDOW_MINIMUM_LINEAR_SCAN,manual_review,,,,
1332757093,user_0026,22.5,cpp,DP_POSITION_BATTERY_STATE,probabilities,0.91015625,UNKNOWN,0.08447265625,0.82568359375
1332757506,user_0026,42.5,cpp,DP_POSITION_BATTERY_STATE,probabilities,0.66796875,UNKNOWN,0.31640625,0.3515625
1344712458,user_0027,5.0,cpp,UNKNOWN,probabilities,0.98828125,DP_POSITION_BATTERY_STATE,0.0040283203125,0.9842529296875
1344719237,user_0027,2.5,cpp,GREEDY_CHEAPEST_AVAILABLE_INCREMENTAL_TRACKING,probabilities,0.486328125,GREEDY_CHEAPEST_AVAILABLE_LINEAR_SCAN,0.2021484375,0.2841796875
1344720163,user_0027,50.0,cpp,GREEDY_CHEAPEST_AVAILABLE_INCREMENTAL_TRACKING,probabilities,0.48046875,SLIDING_WINDOW_MINIMUM_MONOTONIC_DEQUE,0.2001953125,0.2802734375
1323453155,user_0028,22.5,java,UNKNOWN,probabilities,0.97265625,GREEDY_PREFIX_MINIMUM_ACCUMULATION,0.0074462890625,0.9652099609375
1323453212,user_0028,22.5,java,GREEDY_PREFIX_MINIMUM_ACCUMULATION,model_final,,,,
1323453254,user_0028,20.0,java,UNKNOWN,probabilities,0.9296875,GREEDY_PREFIX_MINIMUM_ACCUMULATION,0.019287109375,0.910400390625
1323453404,user_0028,30.0,java,GREEDY_CHEAPEST_AVAILABLE_INCREMENTAL_TRACKING,manual_review,,,,
1323453456,user_0028,30.0,java,GREEDY_CHEAPEST_AVAILABLE_INCREMENTAL_TRACKING,manual_review,,,,
1323453484,user_0028,30.0,java,GREEDY_CHEAPEST_AVAILABLE_INCREMENTAL_TRACKING,manual_review,,,,
1323453501,user_0028,27.5,java,UNKNOWN,probabilities,0.98046875,GREEDY_CHEAPEST_AVAILABLE_INCREMENTAL_TRACKING,0.005126953125,0.975341796875
1323453816,user_0028,2.5,java,UNKNOWN,probabilities,0.984375,GREEDY_CHEAPEST_AVAILABLE_INCREMENTAL_TRACKING,0.0040283203125,0.9803466796875
1323453822,user_0028,30.0,java,GREEDY_CHEAPEST_AVAILABLE_INCREMENTAL_TRACKING,manual_review,,,,
1323430764,user_0029,2.5,java,GREEDY_NEXT_CHEAPER_LINEAR_SCAN,model_final,,,,
1323430867,user_0029,5.0,java,UNKNOWN,probabilities,0.98828125,GREEDY_PREFIX_MINIMUM_ACCUMULATION,0.0024566650390625,0.9858245849609376
1332143427,user_0030,30.0,java,DP_POSITION_BATTERY_STATE,probabilities,0.69140625,UNKNOWN,0.2890625,0.40234375
1332143610,user_0030,42.5,java,DP_POSITION_BATTERY_STATE,probabilities,0.6953125,UNKNOWN,0.291015625,0.404296875
1332143661,user_0030,50.0,java,DP_POSITION_BATTERY_STATE,probabilities,0.640625,UNKNOWN,0.341796875,0.298828125
1332621520,user_0031,50.0,cpp,DP_POSITION_BATTERY_STATE,probabilities,0.55078125,UNKNOWN,0.4296875,0.12109375
1314237108,user_0032,5.0,cpp,UNKNOWN,probabilities,0.99609375,DP_POSITION_BATTERY_STATE,0.0021820068359375,0.9939117431640624
1314237206,user_0032,5.0,cpp,GREEDY_PREFIX_MINIMUM_ACCUMULATION,model_final,,,,
1323445074,user_0033,25.0,java,GREEDY_NEXT_CHEAPER_LINEAR_SCAN,probabilities,0.33984375,GREEDY_CHEAPEST_AVAILABLE_LINEAR_SCAN,0.33984375,0.0
1323456041,user_0034,25.0,cpp,DP_POSITION_BATTERY_STATE,model_final,,,,
1323456140,user_0034,17.5,cpp,DP_POSITION_BATTERY_STATE,probabilities,0.7265625,UNKNOWN,0.162109375,0.564453125
1391614198,user_0035,50.0,cpp,GREEDY_CHEAPEST_AVAILABLE_INCREMENTAL_TRACKING,probabilities,0.734375,GREEDY_CHEAPEST_AVAILABLE_LINEAR_SCAN,0.1279296875,0.6064453125
1323404867,user_0036,50.0,cpp,DP_POSITION_BATTERY_STATE,probabilities,0.69921875,UNKNOWN,0.2275390625,0.4716796875
1323445893,user_0037,50.0,cpp,DP_POSITION_BATTERY_STATE,probabilities,0.640625,UNKNOWN,0.34375,0.296875
1342820236,user_0038,2.5,cpp,UNKNOWN,probabilities,0.84375,GREEDY_CHEAPEST_AVAILABLE_LINEAR_SCAN,0.03271484375,0.81103515625
1342820510,user_0038,25.0,cpp,UNKNOWN,probabilities,0.83984375,GREEDY_CHEAPEST_AVAILABLE_INCREMENTAL_TRACKING,0.04736328125,0.79248046875
1342820740,user_0038,50.0,cpp,GREEDY_NEXT_CHEAPER_LINEAR_SCAN,manual_review,,,,
1314237080,user_0039,5.0,java,DP_POSITION_BATTERY_STATE,model_final,,,,
1314237550,user_0039,5.0,java,DP_POSITION_BATTERY_STATE,probabilities,0.48828125,UNKNOWN,0.431640625,0.056640625
1314237599,user_0039,10.0,java,UNKNOWN,probabilities,0.62890625,DP_POSITION_BATTERY_STATE,0.3359375,0.29296875
1314237704,user_0039,25.0,java,UNKNOWN,probabilities,0.609375,DP_POSITION_BATTERY_STATE,0.287109375,0.322265625
1314236017,user_0040,2.5,java,UNKNOWN,probabilities,0.59765625,DP_POSITION_BATTERY_STATE,0.36328125,0.234375
1314236173,user_0040,5.0,java,UNKNOWN,probabilities,0.56640625,DP_POSITION_BATTERY_STATE,0.388671875,0.177734375
1314236206,user_0040,50.0,java,UNKNOWN,probabilities,0.62109375,DP_POSITION_BATTERY_STATE,0.33203125,0.2890625
1314236300,user_0041,5.0,java,UNKNOWN,probabilities,0.99609375,DP_POSITION_BATTERY_STATE,0.001495361328125,0.994598388671875
1314236358,user_0042,2.5,java,UNKNOWN,probabilities,0.90625,SLIDING_WINDOW_MINIMUM_LINEAR_SCAN,0.024169921875,0.882080078125
1314236485,user_0042,2.5,java,UNKNOWN,probabilities,0.96875,SLIDING_WINDOW_MINIMUM_LINEAR_SCAN,0.00946044921875,0.95928955078125
1314236539,user_0042,2.5,java,UNKNOWN,probabilities,0.98046875,SLIDING_WINDOW_MINIMUM_LINEAR_SCAN,0.005126953125,0.975341796875
1344623009,user_0043,50.0,cpp,DP_POSITION_BATTERY_STATE,probabilities,0.66796875,UNKNOWN,0.27734375,0.390625
1344571199,user_0044,50.0,cpp,DP_POSITION_BATTERY_STATE,probabilities,0.65625,UNKNOWN,0.30859375,0.34765625
1332180233,user_0045,22.5,cpp,DP_POSITION_JUMP_COST,manual_review,,,,
1332180294,user_0045,25.0,cpp,DP_POSITION_JUMP_COST,manual_review,,,,
1332180897,user_0045,22.5,cpp,DP_POSITION_BATTERY_STATE,probabilities,0.7109375,UNKNOWN,0.26171875,0.44921875
1332180910,user_0045,17.5,cpp,DP_POSITION_BATTERY_STATE,probabilities,0.75390625,UNKNOWN,0.2158203125,0.5380859375
1332183204,user_0045,50.0,cpp,SLIDING_WINDOW_MINIMUM_LINEAR_SCAN,probabilities,0.5078125,UNKNOWN,0.30859375,0.19921875
1333813811,user_0046,2.5,cpp,UNKNOWN,probabilities,0.4375,GREEDY_CHEAPEST_AVAILABLE_INCREMENTAL_TRACKING,0.33984375,0.09765625
1344528286,user_0047,50.0,cpp,DP_POSITION_BATTERY_STATE,probabilities,0.78125,UNKNOWN,0.154296875,0.626953125
1323451052,user_0048,5.0,java,GREEDY_NEXT_CHEAPER_LINEAR_SCAN,model_final,,,,
1323451990,user_0048,50.0,java,GREEDY_NEXT_CHEAPER_LINEAR_SCAN,manual_review,,,,
1332755515,user_0049,7.5,cpp,UNKNOWN,probabilities,0.6953125,SLIDING_WINDOW_MINIMUM_LINEAR_SCAN,0.13671875,0.55859375
1332755714,user_0049,25.0,cpp,UNKNOWN,probabilities,0.86328125,SLIDING_WINDOW_MINIMUM_LINEAR_SCAN,0.0625,0.80078125
1332755934,user_0049,10.0,cpp,UNKNOWN,probabilities,0.65625,SLIDING_WINDOW_MINIMUM_LINEAR_SCAN,0.166015625,0.490234375
1332756171,user_0049,25.0,cpp,UNKNOWN,probabilities,0.265625,SLIDING_WINDOW_MINIMUM_LINEAR_SCAN,0.20703125,0.05859375
1332756306,user_0049,22.5,cpp,GREEDY_PREFIX_MINIMUM_ACCUMULATION,probabilities,0.4140625,GREEDY_CHEAPEST_AVAILABLE_INCREMENTAL_TRACKING,0.25,0.1640625
1332756905,user_0049,22.5,cpp,GREEDY_PREFIX_MINIMUM_ACCUMULATION,probabilities,0.265625,UNKNOWN,0.265625,0.0
1332757327,user_0049,30.0,cpp,SLIDING_WINDOW_MINIMUM_LINEAR_SCAN,model_final,,,,
1332757539,user_0049,20.0,cpp,UNKNOWN,probabilities,0.56640625,SLIDING_WINDOW_MINIMUM_LINEAR_SCAN,0.2080078125,0.3583984375
1332757956,user_0049,35.0,cpp,UNKNOWN,probabilities,0.55859375,SLIDING_WINDOW_MINIMUM_LINEAR_SCAN,0.2333984375,0.3251953125
1332758186,user_0049,35.0,cpp,UNKNOWN,probabilities,0.609375,SLIDING_WINDOW_MINIMUM_LINEAR_SCAN,0.1748046875,0.4345703125
1332758469,user_0049,32.5,cpp,UNKNOWN,probabilities,0.68359375,SLIDING_WINDOW_MINIMUM_LINEAR_SCAN,0.134765625,0.548828125
1323453172,user_0050,5.0,java,UNKNOWN,probabilities,0.8671875,GREEDY_CHEAPEST_AVAILABLE_INCREMENTAL_TRACKING,0.08056640625,0.78662109375
1314235903,user_0051,22.5,java,UNKNOWN,probabilities,0.5390625,DP_POSITION_BATTERY_STATE,0.369140625,0.169921875
1314236009,user_0051,22.5,java,GREEDY_PREFIX_MINIMUM_ACCUMULATION,probabilities,0.26171875,UNKNOWN,0.26171875,0.0
1314236248,user_0051,32.5,java,SLIDING_WINDOW_MINIMUM_MONOTONIC_DEQUE,probabilities,0.375,GREEDY_CHEAPEST_AVAILABLE_INCREMENTAL_TRACKING,0.1767578125,0.1982421875
1314236440,user_0051,22.5,java,UNKNOWN,probabilities,0.5546875,SLIDING_WINDOW_MINIMUM_LINEAR_SCAN,0.296875,0.2578125
1314236793,user_0051,50.0,java,UNKNOWN,probabilities,0.671875,SLIDING_WINDOW_MINIMUM_LINEAR_SCAN,0.1923828125,0.4794921875
1324922821,user_0051,50.0,java,UNKNOWN,probabilities,0.5234375,SLIDING_WINDOW_MINIMUM_LINEAR_SCAN,0.248046875,0.275390625
1331964903,user_0052,5.0,cpp,UNKNOWN,probabilities,0.921875,GREEDY_CHEAPEST_AVAILABLE_INCREMENTAL_TRACKING,0.04052734375,0.88134765625
1331965339,user_0052,20.0,cpp,UNKNOWN,probabilities,0.9609375,GREEDY_CHEAPEST_AVAILABLE_INCREMENTAL_TRACKING,0.017578125,0.943359375
1331965868,user_0052,22.5,cpp,SLIDING_WINDOW_MINIMUM_LINEAR_SCAN,probabilities,0.353515625,UNKNOWN,0.2138671875,0.1396484375
1331966085,user_0052,50.0,cpp,SLIDING_WINDOW_MINIMUM_LINEAR_SCAN,model_final,,,,
1314237343,user_0053,7.5,java,UNKNOWN,probabilities,0.9921875,DP_POSITION_BATTERY_STATE,0.0027923583984375,0.9893951416015624
1323452108,user_0054,5.0,java,UNKNOWN,probabilities,0.64453125,GREEDY_CHEAPEST_AVAILABLE_INCREMENTAL_TRACKING,0.1123046875,0.5322265625
1323452771,user_0054,22.5,java,GREEDY_CHEAPEST_AVAILABLE_LINEAR_SCAN,model_final,,,,
1323452822,user_0054,22.5,java,GREEDY_NEXT_CHEAPER_LINEAR_SCAN,model_final,,,,
1323453010,user_0054,25.0,java,GREEDY_NEXT_CHEAPER_LINEAR_SCAN,manual_review,,,,
1378064904,user_0055,7.5,cpp,UNKNOWN,probabilities,0.9921875,DP_POSITION_BATTERY_STATE,0.00457763671875,0.98760986328125
1378065084,user_0055,5.0,cpp,GREEDY_CHEAPEST_AVAILABLE_INCREMENTAL_TRACKING,model_final,,,,
1323455040,user_0056,50.0,cpp,DP_POSITION_BATTERY_STATE,probabilities,0.71875,UNKNOWN,0.265625,0.453125
1323426975,user_0057,2.5,java,UNKNOWN,probabilities,0.53515625,GREEDY_CHEAPEST_AVAILABLE_LINEAR_SCAN,0.1533203125,0.3818359375
1323427082,user_0057,2.5,java,UNKNOWN,probabilities,0.462890625,GREEDY_CHEAPEST_AVAILABLE_LINEAR_SCAN,0.150390625,0.3125
1323427149,user_0057,2.5,java,UNKNOWN,probabilities,0.5546875,GREEDY_CHEAPEST_AVAILABLE_LINEAR_SCAN,0.1396484375,0.4150390625
1323427412,user_0057,10.0,java,UNKNOWN,probabilities,0.67578125,GREEDY_CHEAPEST_AVAILABLE_INCREMENTAL_TRACKING,0.1328125,0.54296875
1323427513,user_0057,10.0,java,UNKNOWN,probabilities,0.80078125,GREEDY_CHEAPEST_AVAILABLE_INCREMENTAL_TRACKING,0.0654296875,0.7353515625
1323427555,user_0057,22.5,java,GREEDY_CHEAPEST_AVAILABLE_INCREMENTAL_TRACKING,model_final,,,,
1323428499,user_0057,22.5,java,UNKNOWN,probabilities,0.40234375,GREEDY_CHEAPEST_AVAILABLE_INCREMENTAL_TRACKING,0.2158203125,0.1865234375
1314237203,user_0058,5.0,java,DP_POSITION_BATTERY_STATE,probabilities,0.625,UNKNOWN,0.3359375,0.2890625
1314237439,user_0058,25.0,java,DP_POSITION_BATTERY_STATE,probabilities,0.62890625,UNKNOWN,0.3359375,0.29296875
1323396504,user_0059,50.0,java,DP_POSITION_BATTERY_STATE,probabilities,0.87109375,UNKNOWN,0.11767578125,0.75341796875
1314235507,user_0060,7.5,java,UNKNOWN,probabilities,0.96484375,DP_POSITION_BATTERY_STATE,0.022705078125,0.942138671875
1314235002,user_0061,50.0,java,GREEDY_NEXT_CHEAPER_LINEAR_SCAN,manual_review,,,,
1323455682,user_0061,50.0,cpp,DP_POSITION_BATTERY_STATE,probabilities,0.734375,UNKNOWN,0.23828125,0.49609375
1332581141,user_0061,50.0,cpp,DP_POSITION_BATTERY_STATE,probabilities,0.58203125,UNKNOWN,0.400390625,0.181640625
1408568888,user_0062,5.0,cpp,DP_POSITION_BATTERY_STATE,probabilities,0.515625,UNKNOWN,0.455078125,0.060546875
1408569671,user_0062,17.5,cpp,UNKNOWN,probabilities,0.6875,DP_POSITION_BATTERY_STATE,0.287109375,0.400390625
1408569744,user_0062,50.0,cpp,UNKNOWN,probabilities,0.87109375,DP_POSITION_BATTERY_STATE,0.11767578125,0.75341796875
1361904834,user_0063,20.0,cpp,GREEDY_NEXT_CHEAPER_LINEAR_SCAN,model_final,,,,
1408490781,user_0064,50.0,cpp,DP_POSITION_BATTERY_STATE,probabilities,0.85546875,UNKNOWN,0.1318359375,0.7236328125
1408567387,user_0065,50.0,cpp,DIJKSTRA_POSITION_BATTERY_STATE,probabilities,0.9765625,UNKNOWN,0.0179443359375,0.9586181640625
1408528181,user_0066,50.0,cpp,GREEDY_NEXT_CHEAPER_LINEAR_SCAN,probabilities,0.6796875,GREEDY_CHEAPEST_AVAILABLE_LINEAR_SCAN,0.171875,0.5078125
1408492477,user_0067,2.5,cpp,GREEDY_CHEAPEST_AVAILABLE_INCREMENTAL_TRACKING,probabilities,0.34375,GREEDY_CHEAPEST_AVAILABLE_LINEAR_SCAN,0.2080078125,0.1357421875
1408492505,user_0067,50.0,cpp,GREEDY_CHEAPEST_AVAILABLE_INCREMENTAL_TRACKING,probabilities,0.330078125,UNKNOWN,0.201171875,0.12890625
1391802530,user_0068,25.0,cpp,DP_POSITION_BATTERY_STATE,probabilities,0.8671875,UNKNOWN,0.11767578125,0.74951171875
1391802591,user_0068,50.0,cpp,SLIDING_WINDOW_MINIMUM_LINEAR_SCAN,probabilities,0.400390625,UNKNOWN,0.3125,0.087890625
1391931169,user_0069,22.5,cpp,UNKNOWN,probabilities,0.51171875,GREEDY_PREFIX_MINIMUM_ACCUMULATION,0.3515625,0.16015625
1391931580,user_0069,7.5,cpp,GREEDY_CHEAPEST_AVAILABLE_INCREMENTAL_TRACKING,model_final,,,,
1391931654,user_0069,7.5,cpp,UNKNOWN,probabilities,0.93359375,GREEDY_PREFIX_MINIMUM_ACCUMULATION,0.02197265625,0.91162109375
1391931719,user_0069,22.5,cpp,GREEDY_CHEAPEST_AVAILABLE_LINEAR_SCAN,model_final,,,,
1391931891,user_0069,50.0,cpp,GREEDY_NEXT_CHEAPER_LINEAR_SCAN,probabilities,0.7265625,GREEDY_CHEAPEST_AVAILABLE_LINEAR_SCAN,0.1435546875,0.5830078125
1408527096,user_0070,50.0,cpp,DP_POSITION_BATTERY_STATE,probabilities,0.8046875,UNKNOWN,0.1796875,0.625
1408521656,user_0071,25.0,cpp,DP_POSITION_BATTERY_STATE,probabilities,0.80859375,UNKNOWN,0.1806640625,0.6279296875
1408532058,user_0072,50.0,java,SLIDING_WINDOW_MINIMUM_LINEAR_SCAN,probabilities,0.8515625,UNKNOWN,0.048095703125,0.803466796875
1408421101,user_0073,50.0,cpp,SLIDING_WINDOW_MINIMUM_LINEAR_SCAN,manual_review,,,,
1323455841,user_0074,50.0,cpp,DP_POSITION_BATTERY_STATE,probabilities,0.4921875,UNKNOWN,0.4921875,0.0
1408406046,user_0075,50.0,cpp,DP_POSITION_BATTERY_STATE,probabilities,0.94140625,UNKNOWN,0.046875,0.89453125
1391863583,user_0076,22.5,cpp,GREEDY_PREFIX_MINIMUM_ACCUMULATION,probabilities,0.58203125,UNKNOWN,0.353515625,0.228515625
1391863884,user_0076,25.0,cpp,SLIDING_WINDOW_MINIMUM_HEAP,model_final,,,,
1391864055,user_0076,25.0,cpp,DP_POSITION_JUMP_COST,manual_review,,,,
1391864073,user_0076,25.0,cpp,DP_POSITION_BATTERY_STATE,probabilities,0.8359375,UNKNOWN,0.1455078125,0.6904296875
1361903669,user_0077,22.5,cpp,GREEDY_PREFIX_MINIMUM_ACCUMULATION,probabilities,0.59375,UNKNOWN,0.2470703125,0.3466796875
1361903931,user_0077,50.0,cpp,SLIDING_WINDOW_MINIMUM_LINEAR_SCAN,probabilities,0.7734375,UNKNOWN,0.07177734375,0.70166015625
1314236007,user_0078,5.0,cpp,UNKNOWN,probabilities,0.9765625,GREEDY_CHEAPEST_AVAILABLE_INCREMENTAL_TRACKING,0.00579833984375,0.97076416015625
1314236025,user_0078,2.5,cpp,UNKNOWN,probabilities,0.98828125,DP_POSITION_BATTERY_STATE,0.0024566650390625,0.9858245849609376
1314236062,user_0078,2.5,cpp,UNKNOWN,probabilities,0.9921875,DP_POSITION_BATTERY_STATE,0.0027923583984375,0.9893951416015624
1314236081,user_0078,2.5,cpp,UNKNOWN,probabilities,0.9921875,DP_POSITION_BATTERY_STATE,0.0024566650390625,0.9897308349609376
1314236932,user_0078,5.0,cpp,DP_POSITION_BATTERY_STATE,model_final,,,,
1314237044,user_0078,2.5,cpp,UNKNOWN,probabilities,0.609375,DP_POSITION_BATTERY_STATE,0.326171875,0.283203125
1314237405,user_0078,20.0,cpp,UNKNOWN,probabilities,0.890625,DP_POSITION_BATTERY_STATE,0.09375,0.796875
1314237460,user_0078,45.0,cpp,UNKNOWN,probabilities,0.890625,DP_POSITION_BATTERY_STATE,0.09375,0.796875
1314237519,user_0078,45.0,cpp,UNKNOWN,probabilities,0.9375,DP_POSITION_BATTERY_STATE,0.052734375,0.884765625
1314237768,user_0078,22.5,cpp,UNKNOWN,probabilities,0.91015625,DP_POSITION_BATTERY_STATE,0.07470703125,0.83544921875
1408485379,user_0079,25.0,cpp,DP_POSITION_BATTERY_STATE,probabilities,0.609375,UNKNOWN,0.326171875,0.283203125
1408485926,user_0079,17.5,cpp,DP_POSITION_BATTERY_STATE,probabilities,0.62890625,UNKNOWN,0.296875,0.33203125
1408486016,user_0079,22.5,cpp,DP_POSITION_BATTERY_STATE,probabilities,0.5859375,UNKNOWN,0.35546875,0.23046875
1408486147,user_0079,25.0,cpp,DP_POSITION_BATTERY_STATE,probabilities,0.58984375,UNKNOWN,0.359375,0.23046875
1408486537,user_0079,25.0,cpp,DP_POSITION_BATTERY_STATE,probabilities,0.69921875,UNKNOWN,0.2578125,0.44140625
1408487459,user_0079,50.0,cpp,SLIDING_WINDOW_MINIMUM_LINEAR_SCAN,probabilities,0.40625,UNKNOWN,0.359375,0.046875
1408519031,user_0080,25.0,cpp,DIJKSTRA_POSITION_BATTERY_STATE,probabilities,0.92578125,UNKNOWN,0.05224609375,0.87353515625
1408520167,user_0080,50.0,cpp,SLIDING_WINDOW_MINIMUM_MONOTONIC_DEQUE,probabilities,0.94921875,UNKNOWN,0.041748046875,0.907470703125
1408432303,user_0081,50.0,cpp,UNKNOWN,probabilities,0.6796875,DP_POSITION_BATTERY_STATE,0.10400390625,0.57568359375
1314236106,user_0082,50.0,cpp,DP_POSITION_BATTERY_STATE,model_final,,,,
1391863607,user_0083,7.5,cpp,GREEDY_CHEAPEST_AVAILABLE_INCREMENTAL_TRACKING,model_final,,,,
1391863997,user_0083,25.0,cpp,GREEDY_NEXT_CHEAPER_LINEAR_SCAN,manual_review,,,,
1391864011,user_0083,25.0,cpp,DP_POSITION_BATTERY_STATE,probabilities,0.5859375,UNKNOWN,0.40234375,0.18359375
1391864074,user_0083,25.0,cpp,DP_POSITION_BATTERY_STATE,probabilities,0.61328125,UNKNOWN,0.373046875,0.240234375
1404837345,user_0083,50.0,cpp,SLIDING_WINDOW_MINIMUM_MONOTONIC_DEQUE,probabilities,0.9609375,UNKNOWN,0.037109375,0.923828125
1404837393,user_0083,50.0,cpp,SLIDING_WINDOW_MINIMUM_MONOTONIC_DEQUE,probabilities,0.94140625,UNKNOWN,0.052978515625,0.888427734375
1331760663,user_0084,22.5,cpp,DP_POSITION_JUMP_COST,manual_review,,,,
1331760896,user_0084,22.5,cpp,UNKNOWN,probabilities,0.76953125,DP_POSITION_BATTERY_STATE,0.220703125,0.548828125
1331760951,user_0084,25.0,cpp,DP_POSITION_BATTERY_STATE,probabilities,0.8359375,UNKNOWN,0.1455078125,0.6904296875
1409032711,user_0085,50.0,cpp,DP_POSITION_BATTERY_STATE,probabilities,0.75390625,UNKNOWN,0.2158203125,0.5380859375
1392018875,user_0086,50.0,java,DP_POSITION_BATTERY_STATE,probabilities,0.93359375,UNKNOWN,0.052734375,0.880859375
1392019086,user_0086,7.5,java,GREEDY_CHEAPEST_AVAILABLE_INCREMENTAL_TRACKING,model_final,,,,
1332764112,user_0087,50.0,cpp,DP_POSITION_BATTERY_STATE,probabilities,0.91796875,UNKNOWN,0.0751953125,0.8427734375
1408522525,user_0088,25.0,cpp,DP_POSITION_BATTERY_STATE,probabilities,0.71875,UNKNOWN,0.263671875,0.455078125
1408523025,user_0088,50.0,cpp,DP_POSITION_BATTERY_STATE,probabilities,0.69921875,UNKNOWN,0.291015625,0.408203125
1378132878,user_0089,50.0,java,DP_POSITION_BATTERY_STATE,probabilities,0.7421875,UNKNOWN,0.2412109375,0.5009765625
1332551848,user_0090,50.0,java,UNKNOWN,probabilities,0.8125,DP_POSITION_BATTERY_STATE,0.1416015625,0.6708984375
1408564316,user_0091,5.0,cpp,DP_POSITION_BATTERY_STATE,probabilities,0.69140625,UNKNOWN,0.2890625,0.40234375
1408564568,user_0091,50.0,cpp,DP_POSITION_BATTERY_STATE,probabilities,0.859375,UNKNOWN,0.1318359375,0.7275390625
1314236594,user_0092,2.5,cpp,UNKNOWN,probabilities,0.96875,GREEDY_CHEAPEST_AVAILABLE_INCREMENTAL_TRACKING,0.005767822265625,0.962982177734375
1314236735,user_0092,2.5,cpp,UNKNOWN,probabilities,0.97265625,GREEDY_CHEAPEST_AVAILABLE_INCREMENTAL_TRACKING,0.0084228515625,0.9642333984375
1314236861,user_0092,5.0,cpp,UNKNOWN,probabilities,0.9453125,GREEDY_CHEAPEST_AVAILABLE_LINEAR_SCAN,0.01531982421875,0.92999267578125
1408435063,user_0093,25.0,cpp,DIJKSTRA_POSITION_BATTERY_STATE,probabilities,0.9375,UNKNOWN,0.052978515625,0.884521484375
1408435214,user_0093,25.0,cpp,DP_POSITION_BATTERY_STATE,model_final,,,,
1408435329,user_0093,22.5,cpp,UNKNOWN,probabilities,0.9609375,SLIDING_WINDOW_MINIMUM_LINEAR_SCAN,0.01373291015625,0.94720458984375
1408435338,user_0093,50.0,cpp,UNKNOWN,probabilities,0.79296875,SLIDING_WINDOW_MINIMUM_MONOTONIC_DEQUE,0.12158203125,0.67138671875
1408435379,user_0093,50.0,cpp,SLIDING_WINDOW_MINIMUM_MONOTONIC_DEQUE,probabilities,0.9609375,UNKNOWN,0.032958984375,0.927978515625
1323454954,user_0094,50.0,cpp,UNKNOWN,probabilities,0.76953125,DP_POSITION_BATTERY_STATE,0.220703125,0.548828125
1331967338,user_0095,5.0,java,UNKNOWN,model_final,,,,
1331968093,user_0095,22.5,java,GREEDY_CHEAPEST_AVAILABLE_LINEAR_SCAN,model_final,,,,
1331968170,user_0095,22.5,java,GREEDY_PREFIX_MINIMUM_ACCUMULATION,manual_review,,,,
1331968391,user_0095,50.0,java,SLIDING_WINDOW_MINIMUM_LINEAR_SCAN,probabilities,0.75390625,SLIDING_WINDOW_MINIMUM_MONOTONIC_DEQUE,0.10205078125,0.65185546875
1332748264,user_0096,5.0,cpp,UNKNOWN,probabilities,0.92578125,DP_POSITION_BATTERY_STATE,0.05908203125,0.86669921875
1332752301,user_0096,50.0,cpp,DP_POSITION_BATTERY_STATE,probabilities,0.7421875,UNKNOWN,0.240234375,0.501953125
1361756817,user_0097,50.0,cpp,DP_POSITION_BATTERY_STATE,probabilities,0.765625,UNKNOWN,0.2197265625,0.5458984375
1391969470,user_0098,7.5,cpp,GREEDY_CHEAPEST_AVAILABLE_INCREMENTAL_TRACKING,probabilities,0.3046875,UNKNOWN,0.3046875,0.0
1391836330,user_0099,25.0,cpp,UNKNOWN,probabilities,0.63671875,DP_POSITION_BATTERY_STATE,0.341796875,0.294921875
1391836785,user_0099,50.0,cpp,DP_POSITION_BATTERY_STATE,probabilities,0.8828125,UNKNOWN,0.10546875,0.77734375
1378157223,user_0100,25.0,cpp,DP_POSITION_BATTERY_STATE,probabilities,0.8203125,UNKNOWN,0.1611328125,0.6591796875
1378157210,user_0100,2.5,cpp,DP_POSITION_BATTERY_STATE,model_final,,,,
1378093199,user_0101,10.0,cpp,SLIDING_WINDOW_MINIMUM_LINEAR_SCAN,model_final,,,,
1378141408,user_0102,5.0,cpp,UNKNOWN,probabilities,0.92578125,GREEDY_CHEAPEST_AVAILABLE_INCREMENTAL_TRACKING,0.0191650390625,0.9066162109375
1378142928,user_0102,22.5,cpp,UNKNOWN,probabilities,0.7890625,GREEDY_PREFIX_MINIMUM_ACCUMULATION,0.12060546875,0.66845703125
1378157514,user_0103,25.0,cpp,GREEDY_CHEAPEST_AVAILABLE_INCREMENTAL_TRACKING,probabilities,0.419921875,GREEDY_CHEAPEST_AVAILABLE_LINEAR_SCAN,0.2890625,0.130859375
1378158787,user_0104,45.0,cpp,DP_POSITION_BATTERY_STATE,probabilities,0.6015625,UNKNOWN,0.36328125,0.23828125
1378158929,user_0104,45.0,cpp,DP_POSITION_BATTERY_STATE,probabilities,0.80859375,UNKNOWN,0.1591796875,0.6494140625
1378159111,user_0104,50.0,cpp,DP_POSITION_BATTERY_STATE,probabilities,0.81640625,UNKNOWN,0.1416015625,0.6748046875
1378156203,user_0105,7.5,cpp,GREEDY_CHEAPEST_AVAILABLE_LINEAR_SCAN,probabilities,0.322265625,GREEDY_NEXT_CHEAPER_LINEAR_SCAN,0.251953125,0.0703125
1378159495,user_0106,22.5,cpp,UNKNOWN,probabilities,0.90234375,SLIDING_WINDOW_MINIMUM_LINEAR_SCAN,0.034912109375,0.867431640625
1378159543,user_0106,5.0,cpp,UNKNOWN,probabilities,0.7734375,GREEDY_CHEAPEST_AVAILABLE_INCREMENTAL_TRACKING,0.0634765625,0.7099609375
1378159834,user_0106,25.0,cpp,UNKNOWN,probabilities,0.9921875,DP_POSITION_BATTERY_STATE,0.0024566650390625,0.9897308349609376
1314235538,user_0107,22.5,java,GREEDY_PREFIX_MINIMUM_ACCUMULATION,probabilities,0.298828125,UNKNOWN,0.232421875,0.06640625
1314237125,user_0107,2.5,java,UNKNOWN,probabilities,0.94921875,DP_POSITION_BATTERY_STATE,0.041748046875,0.907470703125
1314237172,user_0107,2.5,java,UNKNOWN,probabilities,0.9453125,DP_POSITION_BATTERY_STATE,0.047119140625,0.898193359375
1314237306,user_0107,32.5,java,GREEDY_CHEAPEST_AVAILABLE_INCREMENTAL_TRACKING,manual_review,,,,
1314237662,user_0107,22.5,java,SLIDING_WINDOW_MINIMUM_LINEAR_SCAN,model_final,,,,
1314237700,user_0107,45.0,java,UNKNOWN,probabilities,0.82421875,DP_POSITION_BATTERY_STATE,0.0595703125,0.7646484375
1314237835,user_0107,20.0,java,UNKNOWN,probabilities,0.8359375,SLIDING_WINDOW_MINIMUM_LINEAR_SCAN,0.060546875,0.775390625
1408521697,user_0108,50.0,cpp,DP_POSITION_BATTERY_STATE,probabilities,0.7265625,UNKNOWN,0.236328125,0.490234375
1408563409,user_0109,25.0,cpp,GREEDY_PREFIX_MINIMUM_ACCUMULATION,probabilities,0.671875,GREEDY_CHEAPEST_AVAILABLE_INCREMENTAL_TRACKING,0.169921875,0.501953125
1408564202,user_0109,50.0,cpp,DP_POSITION_BATTERY_STATE,probabilities,0.921875,UNKNOWN,0.06689453125,0.85498046875
1408571128,user_0109,50.0,cpp,DP_POSITION_BATTERY_STATE,probabilities,0.7265625,UNKNOWN,0.267578125,0.458984375
1408525900,user_0110,22.5,cpp,UNKNOWN,probabilities,0.68359375,GREEDY_PREFIX_MINIMUM_ACCUMULATION,0.15234375,0.53125
1408525956,user_0110,22.5,cpp,UNKNOWN,probabilities,0.451171875,GREEDY_CHEAPEST_AVAILABLE_INCREMENTAL_TRACKING,0.3984375,0.052734375
1408526002,user_0110,22.5,cpp,GREEDY_CHEAPEST_AVAILABLE_LINEAR_SCAN,model_final,,,,
1408530438,user_0110,50.0,cpp,DP_POSITION_BATTERY_STATE,probabilities,0.78515625,UNKNOWN,0.1982421875,0.5869140625
1408570968,user_0111,50.0,cpp,SLIDING_WINDOW_MINIMUM_MONOTONIC_DEQUE,probabilities,0.8359375,UNKNOWN,0.1279296875,0.7080078125
1408483343,user_0112,50.0,cpp,DIJKSTRA_POSITION_BATTERY_STATE,probabilities,0.96484375,UNKNOWN,0.025634765625,0.939208984375
1408490867,user_0113,22.5,cpp,UNKNOWN,probabilities,0.91796875,GREEDY_PREFIX_MINIMUM_ACCUMULATION,0.031494140625,0.886474609375
1408490895,user_0113,22.5,cpp,UNKNOWN,probabilities,0.921875,GREEDY_PREFIX_MINIMUM_ACCUMULATION,0.024658203125,0.897216796875
1408490925,user_0113,50.0,cpp,GREEDY_NEXT_CHEAPER_LINEAR_SCAN,probabilities,0.58984375,GREEDY_CHEAPEST_AVAILABLE_LINEAR_SCAN,0.1494140625,0.4404296875
1323404295,user_0114,7.5,java,GREEDY_NEXT_CHEAPER_LINEAR_SCAN,model_final,,,,
1323404577,user_0114,25.0,java,UNKNOWN,probabilities,0.322265625,GREEDY_CHEAPEST_AVAILABLE_LINEAR_SCAN,0.1962890625,0.1259765625
1332720451,user_0115,50.0,cpp,UNKNOWN,probabilities,0.515625,DP_POSITION_BATTERY_STATE,0.455078125,0.060546875
1323432619,user_0116,5.0,java,DP_POSITION_BATTERY_STATE,probabilities,0.62890625,UNKNOWN,0.298828125,0.330078125
1323432642,user_0116,50.0,java,DP_POSITION_BATTERY_STATE,probabilities,0.51953125,UNKNOWN,0.40625,0.11328125
1344637802,user_0117,50.0,cpp,DP_POSITION_BATTERY_STATE,probabilities,0.60546875,UNKNOWN,0.3671875,0.23828125
1314237333,user_0118,2.5,java,GREEDY_CHEAPEST_AVAILABLE_INCREMENTAL_TRACKING,probabilities,0.33984375,GREEDY_CHEAPEST_AVAILABLE_LINEAR_SCAN,0.263671875,0.076171875
1314237381,user_0118,2.5,java,GREEDY_NEXT_CHEAPER_LINEAR_SCAN,model_final,,,,
1408570844,user_0119,50.0,cpp,DP_POSITION_BATTERY_STATE,probabilities,0.79296875,UNKNOWN,0.1767578125,0.6162109375
1408502806,user_0120,50.0,cpp,GREEDY_NEXT_CHEAPER_LINEAR_SCAN,probabilities,0.7578125,GREEDY_CHEAPEST_AVAILABLE_LINEAR_SCAN,0.1318359375,0.6259765625
1408448996,user_0121,50.0,cpp,DP_POSITION_BATTERY_STATE,probabilities,0.73828125,UNKNOWN,0.2392578125,0.4990234375
1408521978,user_0122,50.0,java,DP_POSITION_BATTERY_STATE,probabilities,0.90234375,UNKNOWN,0.0654296875,0.8369140625
1408983333,user_0123,5.0,cpp,GREEDY_PREFIX_MINIMUM_ACCUMULATION,model_final,,,,
1332721047,user_0124,50.0,cpp,SLIDING_WINDOW_MINIMUM_LINEAR_SCAN,probabilities,0.51953125,UNKNOWN,0.216796875,0.302734375
1314237068,user_0125,2.5,cpp,UNKNOWN,probabilities,0.9609375,GREEDY_PREFIX_MINIMUM_ACCUMULATION,0.00830078125,0.95263671875
1361911498,user_0126,50.0,cpp,DP_POSITION_BATTERY_STATE,probabilities,0.71875,UNKNOWN,0.263671875,0.455078125
1361911519,user_0126,50.0,cpp,DP_POSITION_BATTERY_STATE,probabilities,0.734375,UNKNOWN,0.2392578125,0.4951171875
1323400261,user_0127,7.5,cpp,UNKNOWN,probabilities,0.79296875,DP_POSITION_BATTERY_STATE,0.2001953125,0.5927734375
1323403394,user_0127,47.5,cpp,DP_POSITION_BATTERY_STATE,probabilities,0.52734375,UNKNOWN,0.46484375,0.0625
1323403431,user_0127,50.0,cpp,DP_POSITION_BATTERY_STATE,probabilities,0.49609375,UNKNOWN,0.49609375,0.0
1391995587,user_0128,25.0,java,SLIDING_WINDOW_MINIMUM_LINEAR_SCAN,probabilities,0.328125,GREEDY_CHEAPEST_AVAILABLE_LINEAR_SCAN,0.1982421875,0.1298828125
1391995799,user_0128,25.0,java,UNKNOWN,probabilities,0.498046875,SLIDING_WINDOW_MINIMUM_LINEAR_SCAN,0.18359375,0.314453125
1391996009,user_0128,10.0,java,GREEDY_CHEAPEST_AVAILABLE_INCREMENTAL_TRACKING,probabilities,0.423828125,GREEDY_CHEAPEST_AVAILABLE_LINEAR_SCAN,0.2578125,0.166015625
1391996048,user_0128,12.5,java,GREEDY_CHEAPEST_AVAILABLE_LINEAR_SCAN,model_final,,,,
1391996094,user_0128,15.0,java,GREEDY_CHEAPEST_AVAILABLE_INCREMENTAL_TRACKING,probabilities,0.39453125,GREEDY_CHEAPEST_AVAILABLE_LINEAR_SCAN,0.271484375,0.123046875
1391996596,user_0128,35.0,java,UNKNOWN,probabilities,0.287109375,GREEDY_CHEAPEST_AVAILABLE_INCREMENTAL_TRACKING,0.25390625,0.033203125
1391996749,user_0128,50.0,java,GREEDY_CHEAPEST_AVAILABLE_LINEAR_SCAN,probabilities,0.3359375,GREEDY_CHEAPEST_AVAILABLE_INCREMENTAL_TRACKING,0.3359375,0.0
1408571350,user_0129,50.0,cpp,DP_POSITION_BATTERY_STATE,probabilities,0.7109375,UNKNOWN,0.26171875,0.44921875
1323405258,user_0130,5.0,cpp,DP_POSITION_BATTERY_STATE,probabilities,0.640625,UNKNOWN,0.341796875,0.298828125
1323405388,user_0130,40.0,cpp,DP_POSITION_BATTERY_STATE,probabilities,0.60546875,UNKNOWN,0.3671875,0.23828125
1323405414,user_0130,50.0,cpp,DP_POSITION_BATTERY_STATE,probabilities,0.640625,UNKNOWN,0.34375,0.296875
1314236992,user_0131,22.5,java,UNKNOWN,probabilities,0.65234375,GREEDY_CHEAPEST_AVAILABLE_LINEAR_SCAN,0.11328125,0.5390625
1314237174,user_0131,22.5,java,UNKNOWN,probabilities,0.734375,GREEDY_CHEAPEST_AVAILABLE_INCREMENTAL_TRACKING,0.1279296875,0.6064453125
1408543326,user_0132,10.0,cpp,SLIDING_WINDOW_MINIMUM_HEAP,model_final,,,,
1408543676,user_0132,30.0,cpp,GREEDY_CHEAPEST_AVAILABLE_LINEAR_SCAN,model_final,,,,
1408544006,user_0132,50.0,cpp,DP_POSITION_BATTERY_STATE,probabilities,0.78125,UNKNOWN,0.1982421875,0.5830078125
1408543997,user_0132,50.0,cpp,GREEDY_NEXT_CHEAPER_LINEAR_SCAN,probabilities,0.8359375,GREEDY_CHEAPEST_AVAILABLE_LINEAR_SCAN,0.078125,0.7578125
1408548585,user_0133,50.0,cpp,UNKNOWN,probabilities,0.4140625,SLIDING_WINDOW_MINIMUM_MONOTONIC_DEQUE,0.251953125,0.162109375
1408560698,user_0134,50.0,java,SLIDING_WINDOW_MINIMUM_MONOTONIC_DEQUE,probabilities,0.953125,UNKNOWN,0.041748046875,0.911376953125
1408530882,user_0135,25.0,cpp,UNKNOWN,probabilities,0.9296875,SLIDING_WINDOW_MINIMUM_HEAP,0.0247802734375,0.9049072265625
1408530992,user_0135,25.0,cpp,UNKNOWN,probabilities,0.52734375,DP_POSITION_BATTERY_STATE,0.2197265625,0.3076171875
1408531010,user_0135,50.0,cpp,SLIDING_WINDOW_MINIMUM_MONOTONIC_DEQUE,probabilities,0.87109375,SLIDING_WINDOW_MINIMUM_HEAP,0.0712890625,0.7998046875
1314237061,user_0136,5.0,cpp,UNKNOWN,probabilities,0.97265625,GREEDY_CHEAPEST_AVAILABLE_INCREMENTAL_TRACKING,0.01226806640625,0.96038818359375
1332399715,user_0137,50.0,cpp,UNKNOWN,probabilities,0.60546875,DP_POSITION_BATTERY_STATE,0.3671875,0.23828125
1408575962,user_0138,50.0,cpp,GREEDY_CHEAPEST_AVAILABLE_LINEAR_SCAN,probabilities,0.34765625,GREEDY_NEXT_CHEAPER_LINEAR_SCAN,0.271484375,0.076171875
1408462797,user_0139,2.5,cpp,DP_POSITION_BATTERY_STATE,model_final,,,,
1408462834,user_0139,2.5,cpp,DP_POSITION_BATTERY_STATE,probabilities,0.66015625,UNKNOWN,0.3125,0.34765625
1408462843,user_0139,25.0,cpp,DP_POSITION_BATTERY_STATE,probabilities,0.58203125,UNKNOWN,0.353515625,0.228515625
1408462841,user_0139,17.5,cpp,DP_POSITION_BATTERY_STATE,probabilities,0.61328125,UNKNOWN,0.328125,0.28515625
1408462847,user_0139,25.0,cpp,DP_POSITION_BATTERY_STATE,probabilities,0.55859375,UNKNOWN,0.3828125,0.17578125
1408462931,user_0139,30.0,cpp,UNKNOWN,probabilities,0.5546875,DP_POSITION_BATTERY_STATE,0.431640625,0.123046875
1408462941,user_0139,50.0,cpp,DP_POSITION_BATTERY_STATE,probabilities,0.80859375,UNKNOWN,0.1806640625,0.6279296875
1408462944,user_0139,50.0,cpp,DP_POSITION_BATTERY_STATE,probabilities,0.80859375,UNKNOWN,0.1806640625,0.6279296875
1408462947,user_0139,50.0,cpp,DP_POSITION_BATTERY_STATE,probabilities,0.7109375,UNKNOWN,0.26171875,0.44921875
1314236040,user_0140,25.0,java,SLIDING_WINDOW_MINIMUM_LINEAR_SCAN,model_final,,,,
1344631096,user_0141,50.0,cpp,DP_POSITION_BATTERY_STATE,probabilities,0.8359375,UNKNOWN,0.1279296875,0.7080078125
1408569749,user_0142,50.0,cpp,GREEDY_NEXT_CHEAPER_LINEAR_SCAN,probabilities,0.294921875,GREEDY_CHEAPEST_AVAILABLE_LINEAR_SCAN,0.294921875,0.0
1408569946,user_0143,50.0,cpp,GREEDY_NEXT_CHEAPER_LINEAR_SCAN,probabilities,0.69921875,GREEDY_CHEAPEST_AVAILABLE_LINEAR_SCAN,0.1376953125,0.5615234375
1408569974,user_0143,50.0,cpp,DP_POSITION_BATTERY_STATE,probabilities,0.81640625,UNKNOWN,0.181640625,0.634765625
1408571473,user_0144,22.5,cpp,UNKNOWN,probabilities,0.7734375,GREEDY_PREFIX_MINIMUM_ACCUMULATION,0.1728515625,0.6005859375
1408571484,user_0144,50.0,cpp,DP_POSITION_BATTERY_STATE,probabilities,0.7578125,UNKNOWN,0.216796875,0.541015625
1391942742,user_0145,30.0,java,GREEDY_NEXT_CHEAPER_LINEAR_SCAN,manual_review,,,,
1391942752,user_0145,50.0,java,GREEDY_CHEAPEST_AVAILABLE_INCREMENTAL_TRACKING,probabilities,0.353515625,GREEDY_CHEAPEST_AVAILABLE_LINEAR_SCAN,0.2421875,0.111328125
1408347418,user_0146,22.5,cpp,GREEDY_PREFIX_MINIMUM_ACCUMULATION,probabilities,0.6796875,UNKNOWN,0.171875,0.5078125
1408347459,user_0146,50.0,cpp,SLIDING_WINDOW_MINIMUM_MONOTONIC_DEQUE,probabilities,0.9453125,UNKNOWN,0.04150390625,0.90380859375
1361900913,user_0147,2.5,cpp,GREEDY_NEXT_CHEAPER_LINEAR_SCAN,model_final,,,,
1408531003,user_0148,50.0,cpp,SLIDING_WINDOW_MINIMUM_MONOTONIC_DEQUE,probabilities,0.92578125,UNKNOWN,0.05224609375,0.87353515625
1408530786,user_0149,7.5,cpp,UNKNOWN,probabilities,0.69921875,DP_POSITION_BATTERY_STATE,0.29296875,0.40625
1408530802,user_0149,7.5,cpp,UNKNOWN,probabilities,0.71875,DP_POSITION_BATTERY_STATE,0.265625,0.453125
1408530834,user_0149,50.0,cpp,DP_POSITION_BATTERY_STATE,probabilities,0.84375,UNKNOWN,0.1298828125,0.7138671875
1408434824,user_0150,50.0,cpp,DP_POSITION_BATTERY_STATE,probabilities,0.578125,UNKNOWN,0.396484375,0.181640625
1408434905,user_0150,50.0,cpp,DP_POSITION_BATTERY_STATE,probabilities,0.796875,UNKNOWN,0.177734375,0.619140625
1408565472,user_0151,50.0,cpp,SLIDING_WINDOW_MINIMUM_HEAP,model_final,,,,
1391778985,user_0152,22.5,cpp,DP_POSITION_BATTERY_STATE,probabilities,0.87890625,UNKNOWN,0.10498046875,0.77392578125
1408557234,user_0153,5.0,cpp,GREEDY_CHEAPEST_AVAILABLE_LINEAR_SCAN,model_final,,,,
1314215227,user_0154,17.5,cpp,DP_POSITION_BATTERY_STATE,probabilities,0.81640625,UNKNOWN,0.1611328125,0.6552734375
1314215252,user_0154,10.0,cpp,UNKNOWN,probabilities,0.578125,DP_POSITION_BATTERY_STATE,0.396484375,0.181640625
1314224063,user_0154,50.0,cpp,DP_POSITION_BATTERY_STATE,model_final,,,,
1408489680,user_0155,50.0,cpp,DP_POSITION_BATTERY_STATE,probabilities,0.6796875,UNKNOWN,0.283203125,0.396484375
1408461301,user_0156,50.0,cpp,DP_POSITION_BATTERY_STATE,probabilities,0.75390625,UNKNOWN,0.216796875,0.537109375
1408493651,user_0156,2.5,cpp,DP_POSITION_BATTERY_STATE,probabilities,0.9140625,UNKNOWN,0.07470703125,0.83935546875
1408512846,user_0156,2.5,cpp,DP_POSITION_BATTERY_STATE,probabilities,0.79296875,UNKNOWN,0.177734375,0.615234375
1408513544,user_0156,50.0,cpp,DP_POSITION_BATTERY_STATE,probabilities,0.7890625,UNKNOWN,0.17578125,0.61328125
1391830924,user_0157,50.0,java,GREEDY_NEXT_CHEAPER_LINEAR_SCAN,manual_review,,,,
1391830968,user_0157,2.5,java,GREEDY_NEXT_CHEAPER_LINEAR_SCAN,model_final,,,,
1391831234,user_0157,50.0,java,UNKNOWN,probabilities,0.5703125,GREEDY_CHEAPEST_AVAILABLE_INCREMENTAL_TRACKING,0.1630859375,0.4072265625
1391831288,user_0157,50.0,java,UNKNOWN,probabilities,0.60546875,GREEDY_CHEAPEST_AVAILABLE_INCREMENTAL_TRACKING,0.1533203125,0.4521484375
1408555579,user_0158,50.0,cpp,SLIDING_WINDOW_MINIMUM_MONOTONIC_DEQUE,probabilities,0.96875,UNKNOWN,0.02587890625,0.94287109375
1408490320,user_0159,50.0,cpp,DP_POSITION_BATTERY_STATE,probabilities,0.8203125,UNKNOWN,0.1611328125,0.6591796875
1408527632,user_0160,22.5,cpp,GREEDY_PREFIX_MINIMUM_ACCUMULATION,model_final,,,,
1408527797,user_0160,50.0,cpp,SLIDING_WINDOW_MINIMUM_LINEAR_SCAN,probabilities,0.76171875,UNKNOWN,0.11669921875,0.64501953125
1408559415,user_0161,45.0,cpp,DP_POSITION_BATTERY_STATE,probabilities,0.81640625,UNKNOWN,0.16015625,0.65625
1323450369,user_0162,50.0,java,SLIDING_WINDOW_MINIMUM_MONOTONIC_DEQUE,probabilities,0.60546875,UNKNOWN,0.134765625,0.470703125
1408570686,user_0163,50.0,java,DP_POSITION_BATTERY_STATE,probabilities,0.87890625,UNKNOWN,0.10498046875,0.77392578125
1408493768,user_0164,50.0,cpp,DP_POSITION_BATTERY_STATE,model_final,,,,
1408564702,user_0165,50.0,cpp,DP_POSITION_BATTERY_STATE,probabilities,0.9140625,UNKNOWN,0.06640625,0.84765625
1314225955,user_0166,50.0,cpp,DP_POSITION_BATTERY_STATE,probabilities,0.7109375,UNKNOWN,0.26171875,0.44921875
1314236597,user_0167,30.0,java,GREEDY_SORTED_PRICE_RANGE_COVERAGE,manual_review,,,,
1391936216,user_0168,22.5,cpp,GREEDY_PREFIX_MINIMUM_ACCUMULATION,probabilities,0.458984375,UNKNOWN,0.458984375,0.0
1391740457,user_0169,50.0,java,UNKNOWN,probabilities,0.5859375,DP_POSITION_BATTERY_STATE,0.35546875,0.23046875
1391860494,user_0169,42.5,java,GREEDY_CHEAPEST_AVAILABLE_INCREMENTAL_TRACKING,probabilities,0.248046875,UNKNOWN,0.248046875,0.0
1391860619,user_0169,42.5,java,GREEDY_CHEAPEST_AVAILABLE_INCREMENTAL_TRACKING,probabilities,0.365234375,SLIDING_WINDOW_MINIMUM_MONOTONIC_DEQUE,0.1953125,0.169921875
1391860780,user_0169,50.0,java,UNKNOWN,probabilities,0.64453125,DP_POSITION_BATTERY_STATE,0.345703125,0.298828125
1408526498,user_0170,22.5,cpp,UNKNOWN,probabilities,0.63671875,DP_POSITION_BATTERY_STATE,0.234375,0.40234375
1408526853,user_0170,50.0,cpp,DP_POSITION_BATTERY_STATE,model_final,,,,
1408570906,user_0171,50.0,cpp,DP_POSITION_BATTERY_STATE,probabilities,0.7421875,UNKNOWN,0.240234375,0.501953125
1408571021,user_0171,32.5,cpp,DIJKSTRA_POSITION_BATTERY_STATE,probabilities,0.9296875,UNKNOWN,0.04638671875,0.88330078125
1408571026,user_0171,30.0,cpp,DIJKSTRA_POSITION_BATTERY_STATE,probabilities,0.9375,UNKNOWN,0.046630859375,0.890869140625
1408571039,user_0171,32.5,cpp,DIJKSTRA_POSITION_BATTERY_STATE,probabilities,0.9609375,UNKNOWN,0.025634765625,0.935302734375
1408571052,user_0171,50.0,cpp,DIJKSTRA_POSITION_BATTERY_STATE,probabilities,0.95703125,UNKNOWN,0.03271484375,0.92431640625
1314235836,user_0172,5.0,cpp,UNKNOWN,probabilities,0.890625,DP_POSITION_BATTERY_STATE,0.05029296875,0.84033203125
1314235933,user_0172,25.0,cpp,UNKNOWN,probabilities,0.515625,GREEDY_PREFIX_MINIMUM_ACCUMULATION,0.2431640625,0.2724609375
1314236469,user_0172,22.5,cpp,GREEDY_CHEAPEST_AVAILABLE_LINEAR_SCAN,model_final,,,,
1314224415,user_0173,50.0,cpp,DP_POSITION_BATTERY_STATE,probabilities,0.92578125,UNKNOWN,0.05908203125,0.86669921875
1408568669,user_0174,2.5,cpp,UNKNOWN,probabilities,0.89453125,GREEDY_CHEAPEST_AVAILABLE_INCREMENTAL_TRACKING,0.039306640625,0.855224609375
1408568689,user_0174,25.0,cpp,UNKNOWN,probabilities,0.65234375,GREEDY_CHEAPEST_AVAILABLE_INCREMENTAL_TRACKING,0.1279296875,0.5244140625
1408544513,user_0175,50.0,cpp,DP_POSITION_BATTERY_STATE,model_final,,,,
1391905984,user_0176,25.0,cpp,GREEDY_NEXT_CHEAPER_LINEAR_SCAN,probabilities,0.52734375,GREEDY_CHEAPEST_AVAILABLE_LINEAR_SCAN,0.283203125,0.244140625
1391906126,user_0176,50.0,cpp,SLIDING_WINDOW_MINIMUM_MONOTONIC_DEQUE,probabilities,0.84375,SLIDING_WINDOW_MINIMUM_HEAP,0.0693359375,0.7744140625
1391906154,user_0176,50.0,cpp,SLIDING_WINDOW_MINIMUM_LINEAR_SCAN,probabilities,0.83984375,SLIDING_WINDOW_MINIMUM_MONOTONIC_DEQUE,0.06884765625,0.77099609375
1391685724,user_0177,22.5,cpp,UNKNOWN,probabilities,0.337890625,GREEDY_CHEAPEST_AVAILABLE_INCREMENTAL_TRACKING,0.296875,0.041015625
1391686215,user_0177,50.0,cpp,DP_POSITION_BATTERY_STATE,probabilities,0.94921875,UNKNOWN,0.032470703125,0.916748046875
1370604628,user_0178,50.0,cpp,DP_POSITION_BATTERY_STATE,model_final,,,,
1314236840,user_0179,22.5,cpp,UNKNOWN,probabilities,0.7578125,DP_POSITION_BATTERY_STATE,0.2177734375,0.5400390625
1314237355,user_0179,25.0,cpp,GREEDY_CHEAPEST_AVAILABLE_INCREMENTAL_TRACKING,probabilities,0.240234375,UNKNOWN,0.240234375,0.0
1314237410,user_0179,20.0,cpp,GREEDY_CHEAPEST_AVAILABLE_INCREMENTAL_TRACKING,probabilities,0.294921875,UNKNOWN,0.2294921875,0.0654296875
1378145122,user_0180,22.5,cpp,DP_POSITION_BATTERY_STATE,probabilities,0.87109375,UNKNOWN,0.11767578125,0.75341796875
1378145178,user_0180,7.5,cpp,DP_POSITION_BATTERY_STATE,probabilities,0.94921875,UNKNOWN,0.036865234375,0.912353515625
1378145191,user_0180,25.0,cpp,DP_POSITION_JUMP_COST,manual_review,,,,
