group_id,problem,language,user,score,kept_submission_id,kept_timestamp,removed_submission_id,removed_timestamp,jplag_similarity,same_user,same_score,approved_for_removal,reason
group_00001,cutiile-magice,cpp,user_0009,2.78,1323431099,521766,1323431291,521781,1.0,True,True,False,"JPlag AVG 100%, same user, same score"
group_00002,cutiile-magice,cpp,user_0009,50.0,1323431865,521848,1323431878,521849,1.0,True,True,False,"JPlag AVG 100%, same user, same score"
group_00003,cutiile-magice,cpp,user_0015,2.78,1323431350,521788,1323431415,521795,1.0,True,True,False,"JPlag AVG 100%, same user, same score"
group_00004,cutiile-magice,cpp,user_0020,50.0,1314237078,145,1314237111,147,1.0,True,True,False,"JPlag AVG 100%, same user, same score"
group_00004,cutiile-magice,cpp,user_0020,50.0,1314237078,145,1314237121,148,1.0,True,True,False,"JPlag AVG 100%, same user, same score"
group_00005,cutiile-magice,cpp,user_0031,5.56,1344729743,1586135,1344729748,1586137,1.0,True,True,False,"JPlag AVG 100%, same user, same score"
group_00005,cutiile-magice,cpp,user_0031,5.56,1344729743,1586135,1344729753,1586140,1.0,True,True,False,"JPlag AVG 100%, same user, same score"
group_00005,cutiile-magice,cpp,user_0031,5.56,1344729743,1586135,1344729754,1586140,1.0,True,True,False,"JPlag AVG 100%, same user, same score"
group_00005,cutiile-magice,cpp,user_0031,5.56,1344729743,1586135,1344729756,1586142,1.0,True,True,False,"JPlag AVG 100%, same user, same score"
group_00006,cutiile-magice,cpp,user_0031,8.33,1344729739,1586134,1344729751,1586139,1.0,True,True,False,"JPlag AVG 100%, same user, same score"
group_00007,cutiile-magice,cpp,user_0043,2.78,1314235851,69,1314235906,72,1.0,True,True,False,"JPlag AVG 100%, same user, same score"
group_00008,cutiile-magice,cpp,user_0043,2.78,1314236043,80,1314236112,85,1.0,True,True,False,"JPlag AVG 100%, same user, same score"
group_00009,cutiile-magice,cpp,user_0049,2.78,1323410372,521016,1323410467,521019,1.0,True,True,False,"JPlag AVG 100%, same user, same score"
group_00010,cutiile-magice,cpp,user_0081,5.56,1314237617,172,1314237661,174,1.0,True,True,False,"JPlag AVG 100%, same user, same score"
group_00010,cutiile-magice,cpp,user_0081,5.56,1314237617,172,1314237698,176,1.0,True,True,False,"JPlag AVG 100%, same user, same score"
group_00011,cutiile-magice,cpp,user_0087,2.78,1314234701,24,1314234716,25,1.0,True,True,False,"JPlag AVG 100%, same user, same score"
group_00012,cutiile-magice,cpp,user_0087,2.78,1332595217,1021571,1332595239,1021575,1.0,True,True,False,"JPlag AVG 100%, same user, same score"
group_00013,cutiile-magice,cpp,user_0087,8.33,1314236136,86,1314236146,87,1.0,True,True,False,"JPlag AVG 100%, same user, same score"
group_00013,cutiile-magice,cpp,user_0087,8.33,1314236136,86,1314236156,88,1.0,True,True,False,"JPlag AVG 100%, same user, same score"
group_00014,cutiile-magice,cpp,user_0087,8.33,1314236738,125,1314236792,129,1.0,True,True,False,"JPlag AVG 100%, same user, same score"
group_00014,cutiile-magice,cpp,user_0087,8.33,1314236738,125,1314236983,140,1.0,True,True,False,"JPlag AVG 100%, same user, same score"
group_00015,cutiile-magice,cpp,user_0087,33.33,1314236211,92,1314236228,93,1.0,True,True,False,"JPlag AVG 100%, same user, same score"
group_00016,cutiile-magice,cpp,user_0089,2.78,1314237139,149,1314237269,155,1.0,True,True,False,"JPlag AVG 100%, same user, same score"
group_00017,cutiile-magice,cpp,user_0096,5.56,1332719663,1025794,1332719678,1025796,1.0,True,True,False,"JPlag AVG 100%, same user, same score"
group_00018,cutiile-magice,cpp,user_0102,2.78,1314237197,152,1314237369,160,1.0,True,True,False,"JPlag AVG 100%, same user, same score"
group_00019,cutiile-magice,cpp,user_0111,50.0,1332763109,1027228,1332763114,1027228,1.0,True,True,False,"JPlag AVG 100%, same user, same score"
group_00020,cutiile-magice,cpp,user_0125,2.78,1314213343,-2166,1314213352,-2164,1.0,True,True,False,"JPlag AVG 100%, same user, same score"
group_00020,cutiile-magice,cpp,user_0125,2.78,1314213343,-2166,1314213388,-2155,1.0,True,True,False,"JPlag AVG 100%, same user, same score"
group_00021,cutiile-magice,cpp,user_0125,50.0,1314213373,-2158,1314213401,-2152,1.0,True,True,False,"JPlag AVG 100%, same user, same score"
group_00022,cutiile-magice,cpp,user_0128,50.0,1314236720,124,1314236739,125,1.0,True,True,False,"JPlag AVG 100%, same user, same score"
group_00023,cutiile-magice,cpp,user_0135,27.78,1370576009,2376505,1370576016,2376506,1.0,True,True,False,"JPlag AVG 100%, same user, same score"
group_00023,cutiile-magice,cpp,user_0135,27.78,1370576009,2376505,1370576093,2376510,1.0,True,True,False,"JPlag AVG 100%, same user, same score"
group_00024,cutiile-magice,cpp,user_0135,50.0,1370578798,2376745,1370578807,2376747,1.0,True,True,False,"JPlag AVG 100%, same user, same score"
group_00025,cutiile-magice,cpp,user_0136,2.78,1314236035,80,1314236075,82,1.0,True,True,False,"JPlag AVG 100%, same user, same score"
group_00026,cutiile-magice,java,user_0008,50.0,1323453896,523134,1323453939,523136,1.0,True,True,False,"JPlag AVG 100%, same user, same score"
group_00026,cutiile-magice,java,user_0008,50.0,1323453896,523134,1323453986,523139,1.0,True,True,False,"JPlag AVG 100%, same user, same score"
group_00026,cutiile-magice,java,user_0008,50.0,1323453896,523134,1323454022,523141,1.0,True,True,False,"JPlag AVG 100%, same user, same score"
group_00027,cutiile-magice,java,user_0022,2.78,1314237300,157,1314237635,173,1.0,True,True,False,"JPlag AVG 100%, same user, same score"
group_00027,cutiile-magice,java,user_0022,2.78,1314237300,157,1314237694,176,1.0,True,True,False,"JPlag AVG 100%, same user, same score"
group_00028,cutiile-magice,java,user_0028,8.33,1314237253,155,1314237426,163,1.0,True,True,False,"JPlag AVG 100%, same user, same score"
group_00029,cutiile-magice,java,user_0039,5.56,1314236544,113,1314236596,117,1.0,True,True,False,"JPlag AVG 100%, same user, same score"
group_00030,cutiile-magice,java,user_0070,50.0,1314237198,152,1314237727,177,1.0,True,True,False,"JPlag AVG 100%, same user, same score"
group_00031,cutiile-magice,java,user_0071,2.78,1314236767,127,1314236783,128,1.0,True,True,False,"JPlag AVG 100%, same user, same score"
group_00032,cutiile-magice,java,user_0071,2.78,1314237116,147,1314237247,155,1.0,True,True,False,"JPlag AVG 100%, same user, same score"
group_00033,cutiile-magice,java,user_0085,2.78,1314235611,58,1314235724,63,1.0,True,True,False,"JPlag AVG 100%, same user, same score"
group_00034,cutiile-magice,java,user_0086,5.56,1323389510,519814,1323389682,519822,1.0,True,True,False,"JPlag AVG 100%, same user, same score"
group_00035,cutiile-magice,java,user_0087,2.78,1314236835,131,1314236871,133,1.0,True,True,False,"JPlag AVG 100%, same user, same score"
group_00036,cutiile-magice,java,user_0088,2.78,1314237678,175,1314237834,181,1.0,True,True,False,"JPlag AVG 100%, same user, same score"
group_00037,cutiile-magice,java,user_0100,2.78,1378139483,2639578,1378139543,2639580,1.0,True,True,False,"JPlag AVG 100%, same user, same score"
group_00038,cutiile-magice,java,user_0101,2.78,1332764002,1027321,1332764094,1027335,1.0,True,True,False,"JPlag AVG 100%, same user, same score"
group_00039,cutiile-magice,java,user_0109,2.78,1314237210,152,1314237270,155,1.0,True,True,False,"JPlag AVG 100%, same user, same score"
group_00040,cutiile-magice,java,user_0114,5.56,1314236646,120,1314236723,124,1.0,True,True,False,"JPlag AVG 100%, same user, same score"
group_00041,cutiile-magice,java,user_0116,5.56,1314236245,94,1314236280,96,1.0,True,True,False,"JPlag AVG 100%, same user, same score"
group_00042,cutiile-magice,java,user_0118,2.78,1314236656,120,1314236677,121,1.0,True,True,False,"JPlag AVG 100%, same user, same score"
group_00042,cutiile-magice,java,user_0118,2.78,1314236656,120,1314236709,123,1.0,True,True,False,"JPlag AVG 100%, same user, same score"
group_00043,gigel-si-raspandirea-vestilor,cpp,user_0014,50.0,1314234908,32,1314234917,33,1.0,True,True,False,"JPlag AVG 100%, same user, same score"
group_00044,gigel-si-raspandirea-vestilor,cpp,user_0017,42.5,1344623105,1581234,1344623137,1581235,1.0,True,True,False,"JPlag AVG 100%, same user, same score"
group_00045,gigel-si-raspandirea-vestilor,cpp,user_0021,50.0,1314234899,32,1314235273,45,1.0,True,True,False,"JPlag AVG 100%, same user, same score"
group_00046,gigel-si-raspandirea-vestilor,cpp,user_0037,42.5,1323445078,522673,1323445123,522676,1.0,True,True,False,"JPlag AVG 100%, same user, same score"
group_00047,gigel-si-raspandirea-vestilor,cpp,user_0040,42.5,1314237697,176,1314237746,178,1.0,True,True,False,"JPlag AVG 100%, same user, same score"
group_00048,gigel-si-raspandirea-vestilor,cpp,user_0041,50.0,1314234800,28,1314236380,102,1.0,True,True,False,"JPlag AVG 100%, same user, same score"
group_00049,gigel-si-raspandirea-vestilor,cpp,user_0043,2.5,1314235860,69,1314235962,75,1.0,True,True,False,"JPlag AVG 100%, same user, same score"
group_00050,gigel-si-raspandirea-vestilor,cpp,user_0043,5.0,1314235783,66,1314235821,67,1.0,True,True,False,"JPlag AVG 100%, same user, same score"
group_00050,gigel-si-raspandirea-vestilor,cpp,user_0043,5.0,1314235783,66,1314235897,71,1.0,True,True,False,"JPlag AVG 100%, same user, same score"
group_00051,gigel-si-raspandirea-vestilor,cpp,user_0058,50.0,1314235491,53,1314235533,55,1.0,True,True,False,"JPlag AVG 100%, same user, same score"
group_00052,gigel-si-raspandirea-vestilor,cpp,user_0064,17.5,1323089769,504219,1323090024,504225,1.0,True,True,False,"JPlag AVG 100%, same user, same score"
group_00052,gigel-si-raspandirea-vestilor,cpp,user_0064,17.5,1323089769,504219,1323090318,504232,1.0,True,True,False,"JPlag AVG 100%, same user, same score"
group_00053,gigel-si-raspandirea-vestilor,cpp,user_0066,25.0,1333777537,1076419,1333777542,1076421,1.0,True,True,False,"JPlag AVG 100%, same user, same score"
group_00053,gigel-si-raspandirea-vestilor,cpp,user_0066,25.0,1333777537,1076419,1333804486,1077712,1.0,True,True,False,"JPlag AVG 100%, same user, same score"
group_00053,gigel-si-raspandirea-vestilor,cpp,user_0066,25.0,1333777537,1076419,1333804494,1077712,1.0,True,True,False,"JPlag AVG 100%, same user, same score"
group_00054,gigel-si-raspandirea-vestilor,cpp,user_0067,50.0,1323452051,523036,1323452096,523038,1.0,True,True,False,"JPlag AVG 100%, same user, same score"
group_00055,gigel-si-raspandirea-vestilor,cpp,user_0081,2.5,1314237179,151,1314237267,155,1.0,True,True,False,"JPlag AVG 100%, same user, same score"
group_00056,gigel-si-raspandirea-vestilor,cpp,user_0097,42.5,1314235595,58,1314235698,62,1.0,True,True,False,"JPlag AVG 100%, same user, same score"
group_00057,gigel-si-raspandirea-vestilor,cpp,user_0125,20.0,1344637809,1581778,1344637828,1581785,1.0,True,True,False,"JPlag AVG 100%, same user, same score"
group_00058,gigel-si-raspandirea-vestilor,cpp,user_0153,42.5,1344603930,1580263,1344603940,1580265,1.0,True,True,False,"JPlag AVG 100%, same user, same score"
group_00059,gigel-si-raspandirea-vestilor,cpp,user_0153,42.5,1344603958,1580268,1344604009,1580276,1.0,True,True,False,"JPlag AVG 100%, same user, same score"
group_00060,gigel-si-raspandirea-vestilor,cpp,user_0167,42.5,1323417757,521343,1323417811,521344,1.0,True,True,False,"JPlag AVG 100%, same user, same score"
group_00061,gigel-si-raspandirea-vestilor,cpp,user_0171,25.0,1331970060,991200,1331970072,991202,1.0,True,True,False,"JPlag AVG 100%, same user, same score"
group_00062,gigel-si-raspandirea-vestilor,cpp,user_0196,50.0,1333804466,1077710,1333804558,1077720,1.0,True,True,False,"JPlag AVG 100%, same user, same score"
group_00063,gigel-si-raspandirea-vestilor,cpp,user_0238,7.5,1408520332,3696560,1408520356,3696561,1.0,True,True,False,"JPlag AVG 100%, same user, same score"
group_00064,gigel-si-raspandirea-vestilor,cpp,user_0238,50.0,1408558151,3698087,1408560905,3698174,1.0,True,True,False,"JPlag AVG 100%, same user, same score"
group_00065,gigel-si-raspandirea-vestilor,cpp,user_0240,50.0,1314235298,46,1314235468,53,1.0,True,True,False,"JPlag AVG 100%, same user, same score"
group_00066,gigel-si-raspandirea-vestilor,cpp,user_0246,50.0,1314235309,46,1314237607,172,1.0,True,True,False,"JPlag AVG 100%, same user, same score"
group_00067,gigel-si-raspandirea-vestilor,cpp,user_0255,42.5,1314235045,37,1314237404,162,1.0,True,True,False,"JPlag AVG 100%, same user, same score"
group_00068,gigel-si-raspandirea-vestilor,cpp,user_0260,50.0,1314236378,102,1314236404,104,1.0,True,True,False,"JPlag AVG 100%, same user, same score"
group_00069,gigel-si-raspandirea-vestilor,cpp,user_0299,50.0,1378018289,2632515,1378155090,2639923,1.0,True,True,False,"JPlag AVG 100%, same user, same score"
group_00070,gigel-si-raspandirea-vestilor,cpp,user_0317,50.0,1408569037,3698449,1408569325,3698467,1.0,True,True,False,"JPlag AVG 100%, same user, same score"
group_00070,gigel-si-raspandirea-vestilor,cpp,user_0317,50.0,1408569037,3698449,1408570962,3698638,1.0,True,True,False,"JPlag AVG 100%, same user, same score"
group_00071,gigel-si-raspandirea-vestilor,cpp,user_0360,12.5,1408504480,3696365,1408504524,3696367,1.0,True,True,False,"JPlag AVG 100%, same user, same score"
group_00072,gigel-si-raspandirea-vestilor,cpp,user_0362,50.0,1314236312,99,1314236483,109,1.0,True,True,False,"JPlag AVG 100%, same user, same score"
group_00073,gigel-si-raspandirea-vestilor,cpp,user_0363,50.0,1408550974,3697916,1408552368,3697936,1.0,True,True,False,"JPlag AVG 100%, same user, same score"
group_00074,gigel-si-raspandirea-vestilor,cpp,user_0397,25.0,1408570828,3698612,1408570843,3698614,1.0,True,True,False,"JPlag AVG 100%, same user, same score"
group_00075,gigel-si-raspandirea-vestilor,cpp,user_0397,25.0,1408570840,3698614,1408570853,3698616,1.0,True,True,False,"JPlag AVG 100%, same user, same score"
group_00076,gigel-si-raspandirea-vestilor,cpp,user_0398,47.5,1391770094,3140722,1391770134,3140724,1.0,True,True,False,"JPlag AVG 100%, same user, same score"
group_00077,gigel-si-raspandirea-vestilor,cpp,user_0406,50.0,1408592222,3699242,1408593126,3699259,1.0,True,True,False,"JPlag AVG 100%, same user, same score"
group_00078,gigel-si-raspandirea-vestilor,cpp,user_0411,2.5,1408435665,3692917,1408435667,3692917,1.0,True,True,False,"JPlag AVG 100%, same user, same score"
group_00079,gigel-si-raspandirea-vestilor,cpp,user_0433,25.0,1391934796,3148009,1391934839,3148011,1.0,True,True,False,"JPlag AVG 100%, same user, same score"
group_00080,gigel-si-raspandirea-vestilor,java,user_0004,2.5,1314236900,134,1314237558,170,1.0,True,True,False,"JPlag AVG 100%, same user, same score"
group_00081,gigel-si-raspandirea-vestilor,java,user_0019,2.5,1314235032,37,1314235420,51,1.0,True,True,False,"JPlag AVG 100%, same user, same score"
group_00081,gigel-si-raspandirea-vestilor,java,user_0019,2.5,1314235032,37,1314235457,52,1.0,True,True,False,"JPlag AVG 100%, same user, same score"
group_00081,gigel-si-raspandirea-vestilor,java,user_0019,2.5,1314235032,37,1314235804,67,1.0,True,True,False,"JPlag AVG 100%, same user, same score"
group_00082,gigel-si-raspandirea-vestilor,java,user_0023,50.0,1314235064,38,1314235108,40,1.0,True,True,False,"JPlag AVG 100%, same user, same score"
group_00083,gigel-si-raspandirea-vestilor,java,user_0031,7.5,1314235242,44,1314237348,159,1.0,True,True,False,"JPlag AVG 100%, same user, same score"
group_00084,gigel-si-raspandirea-vestilor,java,user_0031,7.5,1314237386,161,1314237653,173,1.0,True,True,False,"JPlag AVG 100%, same user, same score"
group_00085,gigel-si-raspandirea-vestilor,java,user_0051,50.0,1314238913,416,1314239651,511,1.0,True,True,False,"JPlag AVG 100%, same user, same score"
group_00086,gigel-si-raspandirea-vestilor,java,user_0063,2.5,1314236269,95,1314236398,103,1.0,True,True,False,"JPlag AVG 100%, same user, same score"
group_00087,gigel-si-raspandirea-vestilor,java,user_0071,27.5,1314236525,111,1314236545,113,1.0,True,True,False,"JPlag AVG 100%, same user, same score"
group_00088,gigel-si-raspandirea-vestilor,java,user_0120,50.0,1344638143,1581882,1344638149,1581884,1.0,True,True,False,"JPlag AVG 100%, same user, same score"
group_00089,gigel-si-raspandirea-vestilor,java,user_0123,27.5,1314236782,128,1314236886,133,1.0,True,True,False,"JPlag AVG 100%, same user, same score"
group_00089,gigel-si-raspandirea-vestilor,java,user_0123,27.5,1314236782,128,1314236985,140,1.0,True,True,False,"JPlag AVG 100%, same user, same score"
group_00090,gigel-si-raspandirea-vestilor,java,user_0127,50.0,1314234758,26,1314237709,176,1.0,True,True,False,"JPlag AVG 100%, same user, same score"
group_00091,gigel-si-raspandirea-vestilor,java,user_0137,22.5,1314235460,52,1314235512,54,1.0,True,True,False,"JPlag AVG 100%, same user, same score"
group_00092,gigel-si-raspandirea-vestilor,java,user_0137,50.0,1314235363,48,1314235600,58,1.0,True,True,False,"JPlag AVG 100%, same user, same score"
group_00093,gigel-si-raspandirea-vestilor,java,user_0140,27.5,1314236610,118,1314236643,119,1.0,True,True,False,"JPlag AVG 100%, same user, same score"
group_00094,gigel-si-raspandirea-vestilor,java,user_0143,5.0,1314236984,140,1314237013,142,1.0,True,True,False,"JPlag AVG 100%, same user, same score"
group_00095,gigel-si-raspandirea-vestilor,java,user_0148,2.5,1314237236,154,1314237338,159,1.0,True,True,False,"JPlag AVG 100%, same user, same score"
group_00095,gigel-si-raspandirea-vestilor,java,user_0148,2.5,1314237236,154,1314237572,171,1.0,True,True,False,"JPlag AVG 100%, same user, same score"
group_00095,gigel-si-raspandirea-vestilor,java,user_0148,2.5,1314237236,154,1314237740,177,1.0,True,True,False,"JPlag AVG 100%, same user, same score"
group_00096,gigel-si-raspandirea-vestilor,java,user_0158,50.0,1323453195,523084,1323453229,523086,1.0,True,True,False,"JPlag AVG 100%, same user, same score"
group_00097,gigel-si-raspandirea-vestilor,java,user_0175,50.0,1314237537,169,1314237679,175,1.0,True,True,False,"JPlag AVG 100%, same user, same score"
group_00098,gigel-si-raspandirea-vestilor,java,user_0180,20.0,1314235141,41,1314235245,44,1.0,True,True,False,"JPlag AVG 100%, same user, same score"
group_00099,gigel-si-raspandirea-vestilor,java,user_0185,2.5,1314236164,89,1314236530,112,1.0,True,True,False,"JPlag AVG 100%, same user, same score"
group_00099,gigel-si-raspandirea-vestilor,java,user_0185,2.5,1314236164,89,1314236879,133,1.0,True,True,False,"JPlag AVG 100%, same user, same score"
group_00100,gigel-si-raspandirea-vestilor,java,user_0185,50.0,1314237287,156,1314237310,158,1.0,True,True,False,"JPlag AVG 100%, same user, same score"
group_00101,gigel-si-raspandirea-vestilor,java,user_0204,25.0,1314234492,14,1314234554,17,1.0,True,True,False,"JPlag AVG 100%, same user, same score"
group_00102,gigel-si-raspandirea-vestilor,java,user_0224,5.0,1314235923,72,1314235951,74,1.0,True,True,False,"JPlag AVG 100%, same user, same score"
group_00103,gigel-si-raspandirea-vestilor,java,user_0264,2.5,1314236554,114,1314237837,181,1.0,True,True,False,"JPlag AVG 100%, same user, same score"
group_00104,gigel-si-raspandirea-vestilor,java,user_0294,50.0,1378121500,2638835,1378121512,2638838,1.0,True,True,False,"JPlag AVG 100%, same user, same score"
group_00105,gigel-si-raspandirea-vestilor,java,user_0337,50.0,1314234585,18,1314237865,185,1.0,True,True,False,"JPlag AVG 100%, same user, same score"
group_00106,gigel-si-raspandirea-vestilor,java,user_0365,50.0,1408456348,3693871,1408491609,3695519,1.0,True,True,False,"JPlag AVG 100%, same user, same score"
group_00107,gigel-si-raspandirea-vestilor,java,user_0394,2.5,1314234443,11,1314234537,16,1.0,True,True,False,"JPlag AVG 100%, same user, same score"
group_00107,gigel-si-raspandirea-vestilor,java,user_0394,2.5,1314234443,11,1314234653,22,1.0,True,True,False,"JPlag AVG 100%, same user, same score"
group_00107,gigel-si-raspandirea-vestilor,java,user_0394,2.5,1314234443,11,1314235172,42,1.0,True,True,False,"JPlag AVG 100%, same user, same score"
group_00108,gigel-si-raspandirea-vestilor,java,user_0449,5.0,1314237290,156,1314237354,160,1.0,True,True,False,"JPlag AVG 100%, same user, same score"
group_00109,gigel-si-raspandirea-vestilor,java,user_0455,42.5,1314235041,37,1314235077,39,1.0,True,True,False,"JPlag AVG 100%, same user, same score"
group_00110,gigel-si-sosetele,cpp,user_0001,47.92,1361592965,2117030,1361593026,2117032,1.0,True,True,False,"JPlag AVG 100%, same user, same score"
group_00111,gigel-si-sosetele,cpp,user_0014,50.0,1323432402,521913,1323432408,521914,1.0,True,True,False,"JPlag AVG 100%, same user, same score"
group_00112,gigel-si-sosetele,cpp,user_0017,12.5,1323425542,521532,1323425620,521535,1.0,True,True,False,"JPlag AVG 100%, same user, same score"
group_00113,gigel-si-sosetele,cpp,user_0021,50.0,1332756993,1026968,1332757083,1026972,1.0,True,True,False,"JPlag AVG 100%, same user, same score"
group_00114,gigel-si-sosetele,cpp,user_0034,1.04,1314236699,123,1314236737,125,1.0,True,True,False,"JPlag AVG 100%, same user, same score"
group_00115,gigel-si-sosetele,cpp,user_0034,10.42,1314236186,90,1314236212,92,1.0,True,True,False,"JPlag AVG 100%, same user, same score"
group_00116,gigel-si-sosetele,cpp,user_0036,46.88,1323432458,521919,1323432489,521921,1.0,True,True,False,"JPlag AVG 100%, same user, same score"
group_00117,gigel-si-sosetele,cpp,user_0037,50.0,1314234774,27,1314234785,28,1.0,True,True,False,"JPlag AVG 100%, same user, same score"
group_00118,gigel-si-sosetele,cpp,user_0038,2.08,1314237383,161,1314237674,174,1.0,True,True,False,"JPlag AVG 100%, same user, same score"
group_00119,gigel-si-sosetele,cpp,user_0043,2.08,1323425291,521525,1323425476,521530,1.0,True,True,False,"JPlag AVG 100%, same user, same score"
group_00120,gigel-si-sosetele,cpp,user_0043,48.96,1323426173,521554,1323426197,521555,1.0,True,True,False,"JPlag AVG 100%, same user, same score"
group_00120,gigel-si-sosetele,cpp,user_0043,48.96,1323426173,521554,1323426267,521558,1.0,True,True,False,"JPlag AVG 100%, same user, same score"
group_00121,gigel-si-sosetele,cpp,user_0046,46.88,1314235717,63,1314237127,148,1.0,True,True,False,"JPlag AVG 100%, same user, same score"
group_00122,gigel-si-sosetele,cpp,user_0062,13.54,1314237043,144,1314237091,146,1.0,True,True,False,"JPlag AVG 100%, same user, same score"
group_00123,gigel-si-sosetele,cpp,user_0062,46.88,1314236956,138,1314237008,141,1.0,True,True,False,"JPlag AVG 100%, same user, same score"
group_00123,gigel-si-sosetele,cpp,user_0062,46.88,1314236956,138,1314237103,147,1.0,True,True,False,"JPlag AVG 100%, same user, same score"
group_00123,gigel-si-sosetele,cpp,user_0062,46.88,1314236956,138,1314237167,150,1.0,True,True,False,"JPlag AVG 100%, same user, same score"
group_00124,gigel-si-sosetele,cpp,user_0067,3.13,1314234883,32,1314236332,100,1.0,True,True,False,"JPlag AVG 100%, same user, same score"
group_00124,gigel-si-sosetele,cpp,user_0067,3.13,1314234883,32,1314236405,104,1.0,True,True,False,"JPlag AVG 100%, same user, same score"
group_00125,gigel-si-sosetele,cpp,user_0070,22.92,1314236220,92,1314236261,95,1.0,True,True,False,"JPlag AVG 100%, same user, same score"
group_00126,gigel-si-sosetele,cpp,user_0073,12.5,1332754138,1026852,1332754182,1026854,1.0,True,True,False,"JPlag AVG 100%, same user, same score"
group_00127,gigel-si-sosetele,cpp,user_0077,46.88,1323079456,504052,1323079492,504053,1.0,True,True,False,"JPlag AVG 100%, same user, same score"
group_00128,gigel-si-sosetele,cpp,user_0083,2.08,1314236267,95,1314236308,99,1.0,True,True,False,"JPlag AVG 100%, same user, same score"
group_00128,gigel-si-sosetele,cpp,user_0083,2.08,1314236267,95,1314236330,100,1.0,True,True,False,"JPlag AVG 100%, same user, same score"
group_00128,gigel-si-sosetele,cpp,user_0083,2.08,1314236267,95,1314236413,104,1.0,True,True,False,"JPlag AVG 100%, same user, same score"
group_00129,gigel-si-sosetele,cpp,user_0109,1.04,1314235481,53,1314236328,100,1.0,True,True,False,"JPlag AVG 100%, same user, same score"
group_00130,gigel-si-sosetele,cpp,user_0110,20.83,1314235154,41,1314235295,46,1.0,True,True,False,"JPlag AVG 100%, same user, same score"
group_00131,gigel-si-sosetele,cpp,user_0123,1.04,1323455597,523269,1323455607,523270,1.0,True,True,False,"JPlag AVG 100%, same user, same score"
group_00132,gigel-si-sosetele,cpp,user_0137,14.58,1314236648,120,1314236696,123,1.0,True,True,False,"JPlag AVG 100%, same user, same score"
group_00132,gigel-si-sosetele,cpp,user_0137,14.58,1314236648,120,1314237047,144,1.0,True,True,False,"JPlag AVG 100%, same user, same score"
group_00133,gigel-si-sosetele,cpp,user_0140,47.92,1323076015,504001,1323076188,504004,1.0,True,True,False,"JPlag AVG 100%, same user, same score"
group_00134,gigel-si-sosetele,cpp,user_0144,1.04,1314234996,36,1314235115,40,1.0,True,True,False,"JPlag AVG 100%, same user, same score"
group_00135,gigel-si-sosetele,cpp,user_0144,1.04,1314235288,46,1314235367,49,1.0,True,True,False,"JPlag AVG 100%, same user, same score"
group_00136,gigel-si-sosetele,cpp,user_0144,1.04,1314235329,47,1314235350,48,1.0,True,True,False,"JPlag AVG 100%, same user, same score"
group_00136,gigel-si-sosetele,cpp,user_0144,1.04,1314235329,47,1314235389,50,1.0,True,True,False,"JPlag AVG 100%, same user, same score"
group_00137,gigel-si-sosetele,cpp,user_0144,36.46,1314236428,105,1314236725,124,1.0,True,True,False,"JPlag AVG 100%, same user, same score"
group_00137,gigel-si-sosetele,cpp,user_0144,36.46,1314236428,105,1314236742,125,1.0,True,True,False,"JPlag AVG 100%, same user, same score"
group_00138,gigel-si-sosetele,cpp,user_0149,12.5,1344637576,1581733,1344637589,1581736,1.0,True,True,False,"JPlag AVG 100%, same user, same score"
group_00138,gigel-si-sosetele,cpp,user_0149,12.5,1344637576,1581733,1344637646,1581746,1.0,True,True,False,"JPlag AVG 100%, same user, same score"
group_00139,gigel-si-sosetele,cpp,user_0164,5.21,1314236013,78,1314236095,83,1.0,True,True,False,"JPlag AVG 100%, same user, same score"
group_00140,gigel-si-sosetele,cpp,user_0164,11.46,1314236501,110,1314236670,121,1.0,True,True,False,"JPlag AVG 100%, same user, same score"
group_00141,gigel-si-sosetele,cpp,user_0164,26.04,1314237012,142,1314237117,148,1.0,True,True,False,"JPlag AVG 100%, same user, same score"
group_00141,gigel-si-sosetele,cpp,user_0164,26.04,1314237012,142,1314237153,150,1.0,True,True,False,"JPlag AVG 100%, same user, same score"
group_00142,gigel-si-sosetele,cpp,user_0172,12.5,1323432719,521953,1323432742,521955,1.0,True,True,False,"JPlag AVG 100%, same user, same score"
group_00142,gigel-si-sosetele,cpp,user_0172,12.5,1323432719,521953,1323432774,521959,1.0,True,True,False,"JPlag AVG 100%, same user, same score"
group_00142,gigel-si-sosetele,cpp,user_0172,12.5,1323432719,521953,1323432824,521966,1.0,True,True,False,"JPlag AVG 100%, same user, same score"
group_00143,gigel-si-sosetele,cpp,user_0172,12.5,1323432892,521976,1323432896,521977,1.0,True,True,False,"JPlag AVG 100%, same user, same score"
group_00144,gigel-si-sosetele,cpp,user_0172,12.5,1323433002,521991,1323442435,522571,1.0,True,True,False,"JPlag AVG 100%, same user, same score"
group_00144,gigel-si-sosetele,cpp,user_0172,12.5,1323433002,521991,1323442703,522579,1.0,True,True,False,"JPlag AVG 100%, same user, same score"
group_00144,gigel-si-sosetele,cpp,user_0172,12.5,1323433002,521991,1323442848,522584,1.0,True,True,False,"JPlag AVG 100%, same user, same score"
group_00144,gigel-si-sosetele,cpp,user_0172,12.5,1323433002,521991,1323443126,522594,1.0,True,True,False,"JPlag AVG 100%, same user, same score"
group_00145,gigel-si-sosetele,cpp,user_0172,12.5,1323445293,522683,1323445337,522686,1.0,True,True,False,"JPlag AVG 100%, same user, same score"
group_00145,gigel-si-sosetele,cpp,user_0172,12.5,1323445293,522683,1323445365,522687,1.0,True,True,False,"JPlag AVG 100%, same user, same score"
group_00146,gigel-si-sosetele,cpp,user_0172,46.88,1323446057,522717,1323446120,522720,1.0,True,True,False,"JPlag AVG 100%, same user, same score"
group_00147,gigel-si-sosetele,cpp,user_0177,19.79,1314235936,73,1314235959,75,1.0,True,True,False,"JPlag AVG 100%, same user, same score"
group_00147,gigel-si-sosetele,cpp,user_0177,19.79,1314235936,73,1314235998,77,1.0,True,True,False,"JPlag AVG 100%, same user, same score"
group_00148,gigel-si-sosetele,cpp,user_0184,2.08,1314237791,179,1314237820,180,1.0,True,True,False,"JPlag AVG 100%, same user, same score"
group_00149,gigel-si-sosetele,cpp,user_0187,2.08,1323073911,503968,1323074055,503971,1.0,True,True,False,"JPlag AVG 100%, same user, same score"
group_00150,gigel-si-sosetele,cpp,user_0187,46.88,1323078759,504042,1323079467,504053,1.0,True,True,False,"JPlag AVG 100%, same user, same score"
group_00151,gigel-si-sosetele,cpp,user_0203,40.63,1323445954,522712,1323446447,522735,1.0,True,True,False,"JPlag AVG 100%, same user, same score"
group_00151,gigel-si-sosetele,cpp,user_0203,40.63,1323445954,522712,1323447184,522770,1.0,True,True,False,"JPlag AVG 100%, same user, same score"
group_00152,gigel-si-sosetele,cpp,user_0215,1.04,1314236714,124,1314236789,129,1.0,True,True,False,"JPlag AVG 100%, same user, same score"
group_00153,gigel-si-sosetele,cpp,user_0215,1.04,1314236989,140,1314237176,151,1.0,True,True,False,"JPlag AVG 100%, same user, same score"
group_00153,gigel-si-sosetele,cpp,user_0215,1.04,1314236989,140,1314237331,158,1.0,True,True,False,"JPlag AVG 100%, same user, same score"
group_00153,gigel-si-sosetele,cpp,user_0215,1.04,1314236989,140,1314237352,160,1.0,True,True,False,"JPlag AVG 100%, same user, same score"
group_00154,gigel-si-sosetele,cpp,user_0215,1.04,1314237463,165,1314237625,172,1.0,True,True,False,"JPlag AVG 100%, same user, same score"
group_00154,gigel-si-sosetele,cpp,user_0215,1.04,1314237463,165,1314237636,173,1.0,True,True,False,"JPlag AVG 100%, same user, same score"
group_00154,gigel-si-sosetele,cpp,user_0215,1.04,1314237463,165,1314237656,174,1.0,True,True,False,"JPlag AVG 100%, same user, same score"
group_00155,gigel-si-sosetele,cpp,user_0215,2.08,1314236806,130,1314236831,131,1.0,True,True,False,"JPlag AVG 100%, same user, same score"
group_00156,gigel-si-sosetele,cpp,user_0215,5.21,1314236698,123,1314236820,131,1.0,True,True,False,"JPlag AVG 100%, same user, same score"
group_00156,gigel-si-sosetele,cpp,user_0215,5.21,1314236698,123,1314236906,135,1.0,True,True,False,"JPlag AVG 100%, same user, same score"
group_00157,gigel-si-sosetele,cpp,user_0215,5.21,1314237010,141,1314237017,142,1.0,True,True,False,"JPlag AVG 100%, same user, same score"
group_00157,gigel-si-sosetele,cpp,user_0215,5.21,1314237010,141,1314237027,143,1.0,True,True,False,"JPlag AVG 100%, same user, same score"
group_00157,gigel-si-sosetele,cpp,user_0215,5.21,1314237010,141,1314237071,145,1.0,True,True,False,"JPlag AVG 100%, same user, same score"
group_00157,gigel-si-sosetele,cpp,user_0215,5.21,1314237010,141,1314237098,146,1.0,True,True,False,"JPlag AVG 100%, same user, same score"
group_00157,gigel-si-sosetele,cpp,user_0215,5.21,1314237010,141,1314237104,147,1.0,True,True,False,"JPlag AVG 100%, same user, same score"
group_00157,gigel-si-sosetele,cpp,user_0215,5.21,1314237010,141,1314237113,147,1.0,True,True,False,"JPlag AVG 100%, same user, same score"
group_00157,gigel-si-sosetele,cpp,user_0215,5.21,1314237010,141,1314237122,148,1.0,True,True,False,"JPlag AVG 100%, same user, same score"
group_00157,gigel-si-sosetele,cpp,user_0215,5.21,1314237010,141,1314237131,148,1.0,True,True,False,"JPlag AVG 100%, same user, same score"
group_00157,gigel-si-sosetele,cpp,user_0215,5.21,1314237010,141,1314237191,151,1.0,True,True,False,"JPlag AVG 100%, same user, same score"
group_00157,gigel-si-sosetele,cpp,user_0215,5.21,1314237010,141,1314237361,160,1.0,True,True,False,"JPlag AVG 100%, same user, same score"
group_00158,gigel-si-sosetele,cpp,user_0215,5.21,1314237375,161,1314237397,161,1.0,True,True,False,"JPlag AVG 100%, same user, same score"
group_00158,gigel-si-sosetele,cpp,user_0215,5.21,1314237375,161,1314237416,162,1.0,True,True,False,"JPlag AVG 100%, same user, same score"
group_00158,gigel-si-sosetele,cpp,user_0215,5.21,1314237375,161,1314237423,163,1.0,True,True,False,"JPlag AVG 100%, same user, same score"
group_00158,gigel-si-sosetele,cpp,user_0215,5.21,1314237375,161,1314237446,164,1.0,True,True,False,"JPlag AVG 100%, same user, same score"
group_00158,gigel-si-sosetele,cpp,user_0215,5.21,1314237375,161,1314237470,165,1.0,True,True,False,"JPlag AVG 100%, same user, same score"
group_00158,gigel-si-sosetele,cpp,user_0215,5.21,1314237375,161,1314237534,168,1.0,True,True,False,"JPlag AVG 100%, same user, same score"
group_00158,gigel-si-sosetele,cpp,user_0215,5.21,1314237375,161,1314237555,170,1.0,True,True,False,"JPlag AVG 100%, same user, same score"
group_00158,gigel-si-sosetele,cpp,user_0215,5.21,1314237375,161,1314237574,171,1.0,True,True,False,"JPlag AVG 100%, same user, same score"
group_00158,gigel-si-sosetele,cpp,user_0215,5.21,1314237375,161,1314237585,171,1.0,True,True,False,"JPlag AVG 100%, same user, same score"
group_00158,gigel-si-sosetele,cpp,user_0215,5.21,1314237375,161,1314237600,172,1.0,True,True,False,"JPlag AVG 100%, same user, same score"
group_00159,gigel-si-sosetele,cpp,user_0215,6.25,1314236815,130,1314236849,131,1.0,True,True,False,"JPlag AVG 100%, same user, same score"
group_00159,gigel-si-sosetele,cpp,user_0215,6.25,1314236815,130,1314236895,134,1.0,True,True,False,"JPlag AVG 100%, same user, same score"
group_00160,gigel-si-sosetele,cpp,user_0215,8.33,1314235882,70,1314235986,76,1.0,True,True,False,"JPlag AVG 100%, same user, same score"
group_00160,gigel-si-sosetele,cpp,user_0215,8.33,1314235882,70,1314236084,82,1.0,True,True,False,"JPlag AVG 100%, same user, same score"
group_00160,gigel-si-sosetele,cpp,user_0215,8.33,1314235882,70,1314236098,84,1.0,True,True,False,"JPlag AVG 100%, same user, same score"
group_00161,gigel-si-sosetele,cpp,user_0215,8.33,1314237693,176,1314237773,179,1.0,True,True,False,"JPlag AVG 100%, same user, same score"
group_00162,gigel-si-sosetele,cpp,user_0222,3.13,1391926624,3147801,1391926859,3147805,1.0,True,True,False,"JPlag AVG 100%, same user, same score"
group_00162,gigel-si-sosetele,cpp,user_0222,3.13,1391926624,3147801,1391927136,3147809,1.0,True,True,False,"JPlag AVG 100%, same user, same score"
group_00163,gigel-si-sosetele,cpp,user_0225,3.13,1314235814,67,1314235866,70,1.0,True,True,False,"JPlag AVG 100%, same user, same score"
group_00164,gigel-si-sosetele,cpp,user_0225,46.88,1314236376,102,1314236416,105,1.0,True,True,False,"JPlag AVG 100%, same user, same score"
group_00165,gigel-si-sosetele,cpp,user_0228,46.88,1332764703,1027482,1332764709,1027484,1.0,True,True,False,"JPlag AVG 100%, same user, same score"
group_00166,gigel-si-sosetele,cpp,user_0232,2.08,1314237268,155,1314237382,161,1.0,True,True,False,"JPlag AVG 100%, same user, same score"
group_00167,gigel-si-sosetele,cpp,user_0240,4.17,1332742505,1026722,1332742565,1026723,1.0,True,True,False,"JPlag AVG 100%, same user, same score"
group_00168,gigel-si-sosetele,cpp,user_0247,1.04,1314237750,178,1314237782,179,1.0,True,True,False,"JPlag AVG 100%, same user, same score"
group_00169,gigel-si-sosetele,cpp,user_0258,14.58,1344588479,1579699,1344588560,1579700,1.0,True,True,False,"JPlag AVG 100%, same user, same score"
group_00170,gigel-si-sosetele,cpp,user_0258,46.88,1344588819,1579706,1344610353,1580869,1.0,True,True,False,"JPlag AVG 100%, same user, same score"
group_00171,gigel-si-sosetele,cpp,user_0269,11.46,1378159617,2640163,1378159672,2640169,1.0,True,True,False,"JPlag AVG 100%, same user, same score"
group_00172,gigel-si-sosetele,cpp,user_0269,47.92,1378159654,2640167,1378159678,2640170,1.0,True,True,False,"JPlag AVG 100%, same user, same score"
group_00173,gigel-si-sosetele,cpp,user_0270,2.08,1378119320,2638515,1378119359,2638517,1.0,True,True,False,"JPlag AVG 100%, same user, same score"
group_00174,gigel-si-sosetele,cpp,user_0272,46.88,1378033975,2633962,1378034093,2633968,1.0,True,True,False,"JPlag AVG 100%, same user, same score"
group_00175,gigel-si-sosetele,cpp,user_0282,48.96,1332305438,1009387,1332305719,1009393,1.0,True,True,False,"JPlag AVG 100%, same user, same score"
group_00176,gigel-si-sosetele,cpp,user_0296,2.08,1314236933,136,1314236998,141,1.0,True,True,False,"JPlag AVG 100%, same user, same score"
group_00177,gigel-si-sosetele,java,user_0009,10.42,1323426114,521551,1323426260,521558,1.0,True,True,False,"JPlag AVG 100%, same user, same score"
group_00178,gigel-si-sosetele,java,user_0016,50.0,1314236980,140,1314237003,141,1.0,True,True,False,"JPlag AVG 100%, same user, same score"
group_00178,gigel-si-sosetele,java,user_0016,50.0,1314236980,140,1314237263,155,1.0,True,True,False,"JPlag AVG 100%, same user, same score"
group_00179,gigel-si-sosetele,java,user_0023,1.04,1314237248,155,1314237364,160,1.0,True,True,False,"JPlag AVG 100%, same user, same score"
group_00180,gigel-si-sosetele,java,user_0023,1.04,1314237292,157,1314237326,158,1.0,True,True,False,"JPlag AVG 100%, same user, same score"
group_00181,gigel-si-sosetele,java,user_0027,5.21,1314237609,172,1314237657,174,1.0,True,True,False,"JPlag AVG 100%, same user, same score"
group_00182,gigel-si-sosetele,java,user_0027,6.25,1314236979,140,1314237195,152,1.0,True,True,False,"JPlag AVG 100%, same user, same score"
group_00182,gigel-si-sosetele,java,user_0027,6.25,1314236979,140,1314237771,178,1.0,True,True,False,"JPlag AVG 100%, same user, same score"
group_00182,gigel-si-sosetele,java,user_0027,6.25,1314236979,140,1314237855,183,1.0,True,True,False,"JPlag AVG 100%, same user, same score"
group_00183,gigel-si-sosetele,java,user_0041,46.88,1332621480,1023069,1332621488,1023073,1.0,True,True,False,"JPlag AVG 100%, same user, same score"
group_00184,gigel-si-sosetele,java,user_0045,3.13,1314237726,177,1314237836,181,1.0,True,True,False,"JPlag AVG 100%, same user, same score"
group_00185,gigel-si-sosetele,java,user_0048,46.88,1314236313,99,1314236438,106,1.0,True,True,False,"JPlag AVG 100%, same user, same score"
group_00186,gigel-si-sosetele,java,user_0050,6.25,1323367810,518553,1323368532,518580,1.0,True,True,False,"JPlag AVG 100%, same user, same score"
group_00186,gigel-si-sosetele,java,user_0050,6.25,1323367810,518553,1323370083,518627,1.0,True,True,False,"JPlag AVG 100%, same user, same score"
group_00187,gigel-si-sosetele,java,user_0072,3.13,1314237077,145,1314237447,164,1.0,True,True,False,"JPlag AVG 100%, same user, same score"
group_00188,gigel-si-sosetele,java,user_0076,1.04,1344637138,1581693,1344637177,1581696,1.0,True,True,False,"JPlag AVG 100%, same user, same score"
group_00189,gigel-si-sosetele,java,user_0076,2.08,1344636972,1581681,1344637038,1581686,1.0,True,True,False,"JPlag AVG 100%, same user, same score"
group_00190,gigel-si-sosetele,java,user_0081,15.63,1314237544,169,1314237570,171,1.0,True,True,False,"JPlag AVG 100%, same user, same score"
group_00191,gigel-si-sosetele,java,user_0084,1.04,1314235484,53,1314236094,83,1.0,True,True,False,"JPlag AVG 100%, same user, same score"
group_00192,gigel-si-sosetele,java,user_0084,3.13,1314236121,85,1314236150,87,1.0,True,True,False,"JPlag AVG 100%, same user, same score"
group_00193,gigel-si-sosetele,java,user_0097,14.58,1323450466,522965,1323450489,522966,1.0,True,True,False,"JPlag AVG 100%, same user, same score"
group_00194,gigel-si-sosetele,java,user_0105,46.88,1323449282,522884,1323449323,522887,1.0,True,True,False,"JPlag AVG 100%, same user, same score"
group_00195,gigel-si-sosetele,java,user_0116,2.08,1314236385,103,1314236503,110,1.0,True,True,False,"JPlag AVG 100%, same user, same score"
group_00196,gigel-si-sosetele,java,user_0131,12.5,1314236122,86,1314236587,117,1.0,True,True,False,"JPlag AVG 100%, same user, same score"
group_00197,gigel-si-sosetele,java,user_0136,2.08,1314236736,125,1314236774,127,1.0,True,True,False,"JPlag AVG 100%, same user, same score"
group_00198,gigel-si-sosetele,java,user_0138,12.5,1332712226,1025481,1332712258,1025482,1.0,True,True,False,"JPlag AVG 100%, same user, same score"
group_00199,gigel-si-sosetele,java,user_0141,2.08,1314237234,154,1314237260,155,1.0,True,True,False,"JPlag AVG 100%, same user, same score"
group_00200,gigel-si-sosetele,java,user_0146,14.58,1314236990,140,1314237070,145,1.0,True,True,False,"JPlag AVG 100%, same user, same score"
group_00201,gigel-si-sosetele,java,user_0152,47.92,1323075618,503995,1323080111,504062,1.0,True,True,False,"JPlag AVG 100%, same user, same score"
group_00202,gigel-si-sosetele,java,user_0157,12.5,1314237699,176,1314237780,179,1.0,True,True,False,"JPlag AVG 100%, same user, same score"
group_00202,gigel-si-sosetele,java,user_0157,12.5,1314237699,176,1314237813,180,1.0,True,True,False,"JPlag AVG 100%, same user, same score"
group_00203,gigel-si-sosetele,java,user_0160,1.04,1314236897,134,1314236982,140,1.0,True,True,False,"JPlag AVG 100%, same user, same score"
group_00204,gigel-si-sosetele,java,user_0168,1.04,1314237584,171,1314237807,180,1.0,True,True,False,"JPlag AVG 100%, same user, same score"
group_00205,gigel-si-sosetele,java,user_0171,8.33,1314237630,173,1314237683,175,1.0,True,True,False,"JPlag AVG 100%, same user, same score"
group_00206,gigel-si-sosetele,java,user_0173,12.5,1314235859,69,1314235920,72,1.0,True,True,False,"JPlag AVG 100%, same user, same score"
group_00207,gigel-si-sosetele,java,user_0174,5.21,1333805417,1077824,1333805428,1077826,1.0,True,True,False,"JPlag AVG 100%, same user, same score"
group_00208,gigel-si-sosetele,java,user_0180,12.5,1323451800,523029,1323451835,523030,1.0,True,True,False,"JPlag AVG 100%, same user, same score"
group_00209,gigel-si-sosetele,java,user_0182,46.88,1314235027,37,1314236087,83,1.0,True,True,False,"JPlag AVG 100%, same user, same score"
group_00210,gigel-si-sosetele,java,user_0190,46.88,1332392159,1013835,1332398750,1014056,1.0,True,True,False,"JPlag AVG 100%, same user, same score"
group_00211,gigel-si-sosetele,java,user_0206,13.54,1314237814,180,1314238139,252,1.0,True,True,False,"JPlag AVG 100%, same user, same score"
group_00211,gigel-si-sosetele,java,user_0206,13.54,1314237814,180,1314238147,254,1.0,True,True,False,"JPlag AVG 100%, same user, same score"
group_00212,gigel-si-sosetele,java,user_0207,5.21,1344600007,1580090,1344613861,1580955,1.0,True,True,False,"JPlag AVG 100%, same user, same score"
group_00213,gigel-si-sosetele,java,user_0208,4.17,1323432707,521952,1323432814,521964,1.0,True,True,False,"JPlag AVG 100%, same user, same score"
group_00214,gigel-si-sosetele,java,user_0209,33.33,1314235844,69,1314236183,90,1.0,True,True,False,"JPlag AVG 100%, same user, same score"
group_00215,gigel-si-sosetele,java,user_0213,1.04,1314237277,156,1314237532,168,1.0,True,True,False,"JPlag AVG 100%, same user, same score"
group_00216,gigel-si-sosetele,java,user_0218,1.04,1314236193,90,1314236288,97,1.0,True,True,False,"JPlag AVG 100%, same user, same score"
group_00217,gigel-si-sosetele,java,user_0227,1.04,1314234942,34,1314235248,44,1.0,True,True,False,"JPlag AVG 100%, same user, same score"
group_00218,gigel-si-sosetele,java,user_0229,9.38,1314237146,149,1314237279,156,1.0,True,True,False,"JPlag AVG 100%, same user, same score"
group_00219,gigel-si-sosetele,java,user_0234,8.33,1314237004,141,1314237166,150,1.0,True,True,False,"JPlag AVG 100%, same user, same score"
group_00220,gigel-si-sosetele,java,user_0234,8.33,1314237655,174,1314237742,178,1.0,True,True,False,"JPlag AVG 100%, same user, same score"
group_00221,gigel-si-sosetele,java,user_0250,50.0,1314236852,132,1314237211,152,1.0,True,True,False,"JPlag AVG 100%, same user, same score"
group_00222,gigel-si-sosetele,java,user_0264,12.5,1378159089,2640108,1378159110,2640110,1.0,True,True,False,"JPlag AVG 100%, same user, same score"
group_00222,gigel-si-sosetele,java,user_0264,12.5,1378159089,2640108,1378159141,2640113,1.0,True,True,False,"JPlag AVG 100%, same user, same score"
group_00222,gigel-si-sosetele,java,user_0264,12.5,1378159089,2640108,1378159179,2640116,1.0,True,True,False,"JPlag AVG 100%, same user, same score"
group_00223,gigel-si-sosetele,java,user_0264,12.5,1378159214,2640119,1378159258,2640123,1.0,True,True,False,"JPlag AVG 100%, same user, same score"
group_00223,gigel-si-sosetele,java,user_0264,12.5,1378159214,2640119,1378159278,2640126,1.0,True,True,False,"JPlag AVG 100%, same user, same score"
group_00223,gigel-si-sosetele,java,user_0264,12.5,1378159214,2640119,1378159313,2640130,1.0,True,True,False,"JPlag AVG 100%, same user, same score"
group_00223,gigel-si-sosetele,java,user_0264,12.5,1378159214,2640119,1378159340,2640132,1.0,True,True,False,"JPlag AVG 100%, same user, same score"
group_00224,gigel-si-sosetele,java,user_0274,12.5,1391935440,3148053,1391935455,3148054,1.0,True,True,False,"JPlag AVG 100%, same user, same score"
group_00225,gigel-si-sosetele,java,user_0289,11.46,1314235960,75,1314236041,80,1.0,True,True,False,"JPlag AVG 100%, same user, same score"
group_00226,gigel-si-sosetele,java,user_0291,46.88,1314236314,99,1314236339,100,1.0,True,True,False,"JPlag AVG 100%, same user, same score"
group_00227,gigel-si-sosetele,java,user_0291,46.88,1314236487,109,1314236601,117,1.0,True,True,False,"JPlag AVG 100%, same user, same score"
group_00228,gigel-si-sosetele,java,user_0305,3.13,1314237294,157,1314237527,168,1.0,True,True,False,"JPlag AVG 100%, same user, same score"
group_00229,gigel-si-sosetele,java,user_0307,11.46,1314237150,149,1314237187,151,1.0,True,True,False,"JPlag AVG 100%, same user, same score"
group_00230,gigel-si-sosetele,java,user_0307,11.46,1314237675,174,1314237688,175,1.0,True,True,False,"JPlag AVG 100%, same user, same score"
group_00231,gigel-si-sosetele,java,user_0311,1.04,1314236600,117,1314236733,125,1.0,True,True,False,"JPlag AVG 100%, same user, same score"
group_00232,gigel-si-sosetele,java,user_0311,1.04,1314236794,129,1314236824,131,1.0,True,True,False,"JPlag AVG 100%, same user, same score"
group_00233,gigel-si-sosetele,java,user_0316,50.0,1391935200,3148032,1391935316,3148042,1.0,True,True,False,"JPlag AVG 100%, same user, same score"
group_00234,gigel-si-sosetele,java,user_0321,14.58,1378121015,2638697,1378121021,2638699,1.0,True,True,False,"JPlag AVG 100%, same user, same score"
group_00235,gigel-si-sosetele,java,user_0338,3.13,1314236271,95,1314236527,112,1.0,True,True,False,"JPlag AVG 100%, same user, same score"
group_00236,gigel-si-sosetele,java,user_0339,1.04,1314237715,177,1314237815,180,1.0,True,True,False,"JPlag AVG 100%, same user, same score"
group_00237,gigel-si-telefonul,cpp,user_0003,25.0,1323386957,519683,1323387090,519688,1.0,True,True,False,"JPlag AVG 100%, same user, same score"
group_00238,gigel-si-telefonul,cpp,user_0004,7.5,1314235971,75,1314236148,87,1.0,True,True,False,"JPlag AVG 100%, same user, same score"
group_00238,gigel-si-telefonul,cpp,user_0004,7.5,1314235971,75,1314236238,93,1.0,True,True,False,"JPlag AVG 100%, same user, same score"
group_00239,gigel-si-telefonul,cpp,user_0004,7.5,1314237066,145,1314237184,151,1.0,True,True,False,"JPlag AVG 100%, same user, same score"
group_00239,gigel-si-telefonul,cpp,user_0004,7.5,1314237066,145,1314237623,172,1.0,True,True,False,"JPlag AVG 100%, same user, same score"
group_00240,gigel-si-telefonul,cpp,user_0006,42.5,1323427765,521631,1323429397,521689,1.0,True,True,False,"JPlag AVG 100%, same user, same score"
group_00240,gigel-si-telefonul,cpp,user_0006,42.5,1323427765,521631,1323429954,521709,1.0,True,True,False,"JPlag AVG 100%, same user, same score"
group_00241,gigel-si-telefonul,cpp,user_0014,50.0,1323427973,521643,1323427996,521644,1.0,True,True,False,"JPlag AVG 100%, same user, same score"
group_00242,gigel-si-telefonul,cpp,user_0018,7.5,1323427658,521625,1323427691,521627,1.0,True,True,False,"JPlag AVG 100%, same user, same score"
group_00242,gigel-si-telefonul,cpp,user_0018,7.5,1323427658,521625,1323431836,521845,1.0,True,True,False,"JPlag AVG 100%, same user, same score"
group_00242,gigel-si-telefonul,cpp,user_0018,7.5,1323427658,521625,1323431948,521858,1.0,True,True,False,"JPlag AVG 100%, same user, same score"
group_00243,gigel-si-telefonul,cpp,user_0018,25.0,1323432495,521922,1323432510,521923,1.0,True,True,False,"JPlag AVG 100%, same user, same score"
group_00244,gigel-si-telefonul,cpp,user_0018,25.0,1323432665,521946,1323432739,521955,1.0,True,True,False,"JPlag AVG 100%, same user, same score"
group_00245,gigel-si-telefonul,cpp,user_0019,25.0,1332755677,1026925,1332755933,1026935,1.0,True,True,False,"JPlag AVG 100%, same user, same score"
group_00246,gigel-si-telefonul,cpp,user_0026,42.5,1332757506,1026987,1332757636,1026992,1.0,True,True,False,"JPlag AVG 100%, same user, same score"
group_00246,gigel-si-telefonul,cpp,user_0026,42.5,1332757506,1026987,1332757801,1026997,1.0,True,True,False,"JPlag AVG 100%, same user, same score"
group_00247,gigel-si-telefonul,cpp,user_0038,25.0,1342820510,1502246,1342820556,1502248,1.0,True,True,False,"JPlag AVG 100%, same user, same score"
group_00247,gigel-si-telefonul,cpp,user_0038,25.0,1342820510,1502246,1342820606,1502249,1.0,True,True,False,"JPlag AVG 100%, same user, same score"
group_00248,gigel-si-telefonul,cpp,user_0045,50.0,1332183204,1003609,1332199818,1004090,1.0,True,True,False,"JPlag AVG 100%, same user, same score"
group_00249,gigel-si-telefonul,cpp,user_0049,30.0,1332757327,1026981,1332757584,1026990,1.0,True,True,False,"JPlag AVG 100%, same user, same score"
group_00250,gigel-si-telefonul,cpp,user_0049,35.0,1332758186,1027009,1332758274,1027012,1.0,True,True,False,"JPlag AVG 100%, same user, same score"
group_00250,gigel-si-telefonul,cpp,user_0049,35.0,1332758186,1027009,1332758308,1027013,1.0,True,True,False,"JPlag AVG 100%, same user, same score"
group_00251,gigel-si-telefonul,cpp,user_0062,17.5,1408569671,3698490,1408569709,3698492,1.0,True,True,False,"JPlag AVG 100%, same user, same score"
group_00252,gigel-si-telefonul,cpp,user_0078,2.5,1314236081,82,1314236104,84,1.0,True,True,False,"JPlag AVG 100%, same user, same score"
group_00253,gigel-si-telefonul,cpp,user_0078,5.0,1314236007,78,1314236034,80,1.0,True,True,False,"JPlag AVG 100%, same user, same score"
group_00253,gigel-si-telefonul,cpp,user_0078,5.0,1314236007,78,1314236196,91,1.0,True,True,False,"JPlag AVG 100%, same user, same score"
group_00254,gigel-si-telefonul,cpp,user_0078,20.0,1314237405,162,1314237429,163,1.0,True,True,False,"JPlag AVG 100%, same user, same score"
group_00255,gigel-si-telefonul,cpp,user_0078,22.5,1314237768,178,1314237787,179,1.0,True,True,False,"JPlag AVG 100%, same user, same score"
group_00256,gigel-si-telefonul,cpp,user_0078,45.0,1314237519,168,1314237557,170,1.0,True,True,False,"JPlag AVG 100%, same user, same score"
group_00256,gigel-si-telefonul,cpp,user_0078,45.0,1314237519,168,1314237716,177,1.0,True,True,False,"JPlag AVG 100%, same user, same score"
group_00256,gigel-si-telefonul,cpp,user_0078,45.0,1314237519,168,1314237808,180,1.0,True,True,False,"JPlag AVG 100%, same user, same score"
group_00257,gigel-si-telefonul,cpp,user_0079,25.0,1408485379,3695311,1408485954,3695320,1.0,True,True,False,"JPlag AVG 100%, same user, same score"
group_00258,gigel-si-telefonul,cpp,user_0080,25.0,1408519031,3696516,1408519251,3696523,1.0,True,True,False,"JPlag AVG 100%, same user, same score"
group_00258,gigel-si-telefonul,cpp,user_0080,25.0,1408519031,3696516,1408519319,3696525,1.0,True,True,False,"JPlag AVG 100%, same user, same score"
group_00258,gigel-si-telefonul,cpp,user_0080,25.0,1408519031,3696516,1408519493,3696530,1.0,True,True,False,"JPlag AVG 100%, same user, same score"
group_00258,gigel-si-telefonul,cpp,user_0080,25.0,1408519031,3696516,1408519524,3696532,1.0,True,True,False,"JPlag AVG 100%, same user, same score"
group_00259,gigel-si-telefonul,cpp,user_0083,25.0,1391864011,3145323,1391864034,3145325,1.0,True,True,False,"JPlag AVG 100%, same user, same score"
group_00259,gigel-si-telefonul,cpp,user_0083,25.0,1391864011,3145323,1391864040,3145326,1.0,True,True,False,"JPlag AVG 100%, same user, same score"
group_00260,gigel-si-telefonul,cpp,user_0092,2.5,1314236735,125,1314236746,126,1.0,True,True,False,"JPlag AVG 100%, same user, same score"
group_00261,gigel-si-telefonul,cpp,user_0093,25.0,1408435063,3692771,1408435073,3692772,1.0,True,True,False,"JPlag AVG 100%, same user, same score"
group_00262,gigel-si-telefonul,cpp,user_0093,25.0,1408435214,3692801,1408435238,3692804,1.0,True,True,False,"JPlag AVG 100%, same user, same score"
group_00263,gigel-si-telefonul,cpp,user_0099,25.0,1391836330,3143914,1391836567,3143921,1.0,True,True,False,"JPlag AVG 100%, same user, same score"
group_00263,gigel-si-telefonul,cpp,user_0099,25.0,1391836330,3143914,1391836611,3143922,1.0,True,True,False,"JPlag AVG 100%, same user, same score"
group_00264,gigel-si-telefonul,cpp,user_0101,10.0,1378093199,2637003,1378093326,2637007,1.0,True,True,False,"JPlag AVG 100%, same user, same score"
group_00265,gigel-si-telefonul,cpp,user_0104,45.0,1378158787,2640081,1378158909,2640092,1.0,True,True,False,"JPlag AVG 100%, same user, same score"
group_00266,gigel-si-telefonul,cpp,user_0106,5.0,1378159543,2640155,1378159550,2640155,1.0,True,True,False,"JPlag AVG 100%, same user, same score"
group_00267,gigel-si-telefonul,cpp,user_0109,50.0,1408564202,3698282,1408571126,3698681,1.0,True,True,False,"JPlag AVG 100%, same user, same score"
group_00268,gigel-si-telefonul,cpp,user_0110,22.5,1408525900,3696785,1408525923,3696786,1.0,True,True,False,"JPlag AVG 100%, same user, same score"
group_00269,gigel-si-telefonul,cpp,user_0130,5.0,1323405258,520636,1323405345,520650,1.0,True,True,False,"JPlag AVG 100%, same user, same score"
group_00270,gigel-si-telefonul,cpp,user_0130,40.0,1323405388,520657,1323405398,520659,1.0,True,True,False,"JPlag AVG 100%, same user, same score"
group_00271,gigel-si-telefonul,cpp,user_0139,2.5,1408462797,3694316,1408462803,3694317,1.0,True,True,False,"JPlag AVG 100%, same user, same score"
group_00272,gigel-si-telefonul,cpp,user_0139,25.0,1408462847,3694335,1408462855,3694337,1.0,True,True,False,"JPlag AVG 100%, same user, same score"
group_00273,gigel-si-telefonul,cpp,user_0152,22.5,1391778985,3141200,1391778995,3141201,1.0,True,True,False,"JPlag AVG 100%, same user, same score"
group_00274,gigel-si-telefonul,cpp,user_0156,2.5,1408512846,3696439,1408513125,3696440,1.0,True,True,False,"JPlag AVG 100%, same user, same score"
group_00275,gigel-si-telefonul,cpp,user_0166,50.0,1314225955,-779,1314225959,-777,1.0,True,True,False,"JPlag AVG 100%, same user, same score"
group_00276,gigel-si-telefonul,cpp,user_0170,22.5,1408526498,3696812,1408526748,3696823,1.0,True,True,False,"JPlag AVG 100%, same user, same score"
group_00277,gigel-si-telefonul,cpp,user_0172,22.5,1314236469,108,1314236615,118,1.0,True,True,False,"JPlag AVG 100%, same user, same score"
group_00277,gigel-si-telefonul,cpp,user_0172,22.5,1314236469,108,1314236747,126,1.0,True,True,False,"JPlag AVG 100%, same user, same score"
group_00277,gigel-si-telefonul,cpp,user_0172,22.5,1314236469,108,1314236757,126,1.0,True,True,False,"JPlag AVG 100%, same user, same score"
group_00278,gigel-si-telefonul,cpp,user_0172,25.0,1314235933,73,1314236336,100,1.0,True,True,False,"JPlag AVG 100%, same user, same score"
group_00278,gigel-si-telefonul,cpp,user_0172,25.0,1314235933,73,1314236395,103,1.0,True,True,False,"JPlag AVG 100%, same user, same score"
group_00278,gigel-si-telefonul,cpp,user_0172,25.0,1314235933,73,1314236484,109,1.0,True,True,False,"JPlag AVG 100%, same user, same score"
group_00278,gigel-si-telefonul,cpp,user_0172,25.0,1314235933,73,1314236764,127,1.0,True,True,False,"JPlag AVG 100%, same user, same score"
group_00279,gigel-si-telefonul,cpp,user_0179,25.0,1314237355,160,1314237541,169,1.0,True,True,False,"JPlag AVG 100%, same user, same score"
group_00279,gigel-si-telefonul,cpp,user_0179,25.0,1314237355,160,1314237770,178,1.0,True,True,False,"JPlag AVG 100%, same user, same score"
group_00280,gigel-si-telefonul,java,user_0011,5.0,1314237182,151,1314237319,158,1.0,True,True,False,"JPlag AVG 100%, same user, same score"
group_00281,gigel-si-telefonul,java,user_0015,25.0,1314236785,128,1314236934,136,1.0,True,True,False,"JPlag AVG 100%, same user, same score"
group_00281,gigel-si-telefonul,java,user_0015,25.0,1314236785,128,1314237695,176,1.0,True,True,False,"JPlag AVG 100%, same user, same score"
group_00282,gigel-si-telefonul,java,user_0028,22.5,1323453212,523085,1323453274,523090,1.0,True,True,False,"JPlag AVG 100%, same user, same score"
group_00283,gigel-si-telefonul,java,user_0057,10.0,1323427412,521612,1323427469,521615,1.0,True,True,False,"JPlag AVG 100%, same user, same score"
group_00284,gigel-si-telefonul,java,user_0057,10.0,1323427513,521617,1323427525,521618,1.0,True,True,False,"JPlag AVG 100%, same user, same score"
group_00285,gigel-si-telefonul,java,user_0057,22.5,1323427555,521619,1323427571,521620,1.0,True,True,False,"JPlag AVG 100%, same user, same score"
group_00285,gigel-si-telefonul,java,user_0057,22.5,1323427555,521619,1323427617,521622,1.0,True,True,False,"JPlag AVG 100%, same user, same score"
group_00286,gigel-si-telefonul,java,user_0058,25.0,1314237439,163,1314237639,173,1.0,True,True,False,"JPlag AVG 100%, same user, same score"
group_00287,gigel-si-telefonul,java,user_0095,22.5,1331968170,991093,1331968204,991095,1.0,True,True,False,"JPlag AVG 100%, same user, same score"
group_00288,gigel-si-telefonul,java,user_0107,2.5,1314237172,150,1314237227,153,1.0,True,True,False,"JPlag AVG 100%, same user, same score"
group_00289,gigel-si-telefonul,java,user_0107,45.0,1314237700,176,1314237809,180,1.0,True,True,False,"JPlag AVG 100%, same user, same score"
group_00290,gigel-si-telefonul,java,user_0118,2.5,1314237333,159,1314237481,166,1.0,True,True,False,"JPlag AVG 100%, same user, same score"
group_00291,gigel-si-telefonul,java,user_0128,35.0,1391996596,3151018,1391996670,3151022,1.0,True,True,False,"JPlag AVG 100%, same user, same score"
group_00291,gigel-si-telefonul,java,user_0128,35.0,1391996596,3151018,1391996688,3151023,1.0,True,True,False,"JPlag AVG 100%, same user, same score"
group_00291,gigel-si-telefonul,java,user_0128,35.0,1391996596,3151018,1391996722,3151025,1.0,True,True,False,"JPlag AVG 100%, same user, same score"
group_00292,gigel-si-telefonul,java,user_0131,22.5,1314236992,140,1314237046,144,1.0,True,True,False,"JPlag AVG 100%, same user, same score"
group_00293,gigel-si-telefonul,java,user_0140,25.0,1314236040,80,1314236076,82,1.0,True,True,False,"JPlag AVG 100%, same user, same score"
group_00294,gigel-si-telefonul,java,user_0169,42.5,1391860494,3145044,1391860516,3145045,1.0,True,True,False,"JPlag AVG 100%, same user, same score"
group_00295,matei-si-diamantele,cpp,user_0005,42.86,1314235042,37,1314235130,41,1.0,True,True,False,"JPlag AVG 100%, same user, same score"
group_00296,matei-si-diamantele,cpp,user_0017,50.0,1332755147,1026904,1332755169,1026905,1.0,True,True,False,"JPlag AVG 100%, same user, same score"
group_00297,matei-si-diamantele,cpp,user_0045,41.07,1314234890,32,1314234993,36,1.0,True,True,False,"JPlag AVG 100%, same user, same score"
group_00297,matei-si-diamantele,cpp,user_0045,41.07,1314234890,32,1314236283,97,1.0,True,True,False,"JPlag AVG 100%, same user, same score"
group_00298,matei-si-diamantele,cpp,user_0045,41.07,1314236304,99,1314236356,101,1.0,True,True,False,"JPlag AVG 100%, same user, same score"
group_00299,matei-si-diamantele,cpp,user_0046,41.07,1323447535,522788,1323447679,522794,1.0,True,True,False,"JPlag AVG 100%, same user, same score"
group_00300,matei-si-diamantele,cpp,user_0046,41.07,1323448212,522821,1323448279,522824,1.0,True,True,False,"JPlag AVG 100%, same user, same score"
group_00300,matei-si-diamantele,cpp,user_0046,41.07,1323448212,522821,1323448895,522861,1.0,True,True,False,"JPlag AVG 100%, same user, same score"
group_00301,matei-si-diamantele,cpp,user_0048,5.36,1314237335,159,1314237594,171,1.0,True,True,False,"JPlag AVG 100%, same user, same score"
group_00301,matei-si-diamantele,cpp,user_0048,5.36,1314237335,159,1314237759,178,1.0,True,True,False,"JPlag AVG 100%, same user, same score"
group_00302,matei-si-diamantele,cpp,user_0053,41.07,1332753509,1026826,1332753538,1026827,1.0,True,True,False,"JPlag AVG 100%, same user, same score"
group_00302,matei-si-diamantele,cpp,user_0053,41.07,1332753509,1026826,1332753583,1026828,1.0,True,True,False,"JPlag AVG 100%, same user, same score"
group_00302,matei-si-diamantele,cpp,user_0053,41.07,1332753509,1026826,1332753606,1026829,1.0,True,True,False,"JPlag AVG 100%, same user, same score"
group_00303,matei-si-diamantele,cpp,user_0070,35.71,1344697577,1584636,1344697701,1584685,1.0,True,True,False,"JPlag AVG 100%, same user, same score"
group_00304,matei-si-diamantele,cpp,user_0075,3.57,1323389180,519798,1323389192,519799,1.0,True,True,False,"JPlag AVG 100%, same user, same score"
group_00305,matei-si-diamantele,cpp,user_0077,50.0,1314237507,167,1314237516,168,1.0,True,True,False,"JPlag AVG 100%, same user, same score"
group_00306,matei-si-diamantele,cpp,user_0078,30.36,1323450132,522944,1323450151,522945,1.0,True,True,False,"JPlag AVG 100%, same user, same score"
group_00307,matei-si-diamantele,cpp,user_0090,10.71,1314234927,33,1314234971,35,1.0,True,True,False,"JPlag AVG 100%, same user, same score"
group_00308,matei-si-diamantele,cpp,user_0099,50.0,1344568192,1578382,1344568201,1578383,1.0,True,True,False,"JPlag AVG 100%, same user, same score"
group_00309,matei-si-diamantele,cpp,user_0120,42.86,1314234632,21,1314236281,97,1.0,True,True,False,"JPlag AVG 100%, same user, same score"
group_00310,matei-si-diamantele,cpp,user_0122,14.29,1323376847,518945,1323376948,518959,1.0,True,True,False,"JPlag AVG 100%, same user, same score"
group_00310,matei-si-diamantele,cpp,user_0122,14.29,1323376847,518945,1323377021,518969,1.0,True,True,False,"JPlag AVG 100%, same user, same score"
group_00311,matei-si-diamantele,cpp,user_0127,50.0,1323416560,521293,1323416576,521294,1.0,True,True,False,"JPlag AVG 100%, same user, same score"
group_00312,matei-si-diamantele,cpp,user_0130,5.36,1314235519,55,1314235541,56,1.0,True,True,False,"JPlag AVG 100%, same user, same score"
group_00312,matei-si-diamantele,cpp,user_0130,5.36,1314235519,55,1314235588,57,1.0,True,True,False,"JPlag AVG 100%, same user, same score"
group_00313,matei-si-diamantele,cpp,user_0130,50.0,1314237710,177,1314237785,179,1.0,True,True,False,"JPlag AVG 100%, same user, same score"
group_00314,matei-si-diamantele,cpp,user_0131,14.29,1332757017,1026969,1332757079,1026971,1.0,True,True,False,"JPlag AVG 100%, same user, same score"
group_00315,matei-si-diamantele,cpp,user_0141,37.5,1333796493,1077412,1333796587,1077415,1.0,True,True,False,"JPlag AVG 100%, same user, same score"
group_00315,matei-si-diamantele,cpp,user_0141,37.5,1333796493,1077412,1333796657,1077418,1.0,True,True,False,"JPlag AVG 100%, same user, same score"
group_00315,matei-si-diamantele,cpp,user_0141,37.5,1333796493,1077412,1333796684,1077419,1.0,True,True,False,"JPlag AVG 100%, same user, same score"
group_00316,matei-si-diamantele,cpp,user_0147,41.07,1314235395,50,1314235559,56,1.0,True,True,False,"JPlag AVG 100%, same user, same score"
group_00317,matei-si-diamantele,cpp,user_0154,41.07,1323405696,520711,1323405761,520722,1.0,True,True,False,"JPlag AVG 100%, same user, same score"
group_00318,matei-si-diamantele,cpp,user_0154,41.07,1323405769,520723,1323405774,520725,1.0,True,True,False,"JPlag AVG 100%, same user, same score"
group_00319,matei-si-diamantele,cpp,user_0158,1.79,1314235531,55,1314235580,57,1.0,True,True,False,"JPlag AVG 100%, same user, same score"
group_00320,matei-si-diamantele,cpp,user_0158,1.79,1314235663,60,1314235721,63,1.0,True,True,False,"JPlag AVG 100%, same user, same score"
group_00320,matei-si-diamantele,cpp,user_0158,1.79,1314235663,60,1314235785,66,1.0,True,True,False,"JPlag AVG 100%, same user, same score"
group_00321,matei-si-diamantele,cpp,user_0158,5.36,1314235715,63,1314236808,130,1.0,True,True,False,"JPlag AVG 100%, same user, same score"
group_00322,matei-si-diamantele,cpp,user_0165,3.57,1314236529,112,1314236577,116,1.0,True,True,False,"JPlag AVG 100%, same user, same score"
group_00322,matei-si-diamantele,cpp,user_0165,3.57,1314236529,112,1314236614,118,1.0,True,True,False,"JPlag AVG 100%, same user, same score"
group_00322,matei-si-diamantele,cpp,user_0165,3.57,1314236529,112,1314236645,120,1.0,True,True,False,"JPlag AVG 100%, same user, same score"
group_00322,matei-si-diamantele,cpp,user_0165,3.57,1314236529,112,1314237401,162,1.0,True,True,False,"JPlag AVG 100%, same user, same score"
group_00322,matei-si-diamantele,cpp,user_0165,3.57,1314236529,112,1314237436,163,1.0,True,True,False,"JPlag AVG 100%, same user, same score"
group_00322,matei-si-diamantele,cpp,user_0165,3.57,1314236529,112,1314237526,168,1.0,True,True,False,"JPlag AVG 100%, same user, same score"
group_00323,matei-si-diamantele,cpp,user_0165,3.57,1314237040,143,1314237055,144,1.0,True,True,False,"JPlag AVG 100%, same user, same score"
group_00323,matei-si-diamantele,cpp,user_0165,3.57,1314237040,143,1314237076,145,1.0,True,True,False,"JPlag AVG 100%, same user, same score"
group_00323,matei-si-diamantele,cpp,user_0165,3.57,1314237040,143,1314237099,147,1.0,True,True,False,"JPlag AVG 100%, same user, same score"
group_00323,matei-si-diamantele,cpp,user_0165,3.57,1314237040,143,1314237115,147,1.0,True,True,False,"JPlag AVG 100%, same user, same score"
group_00323,matei-si-diamantele,cpp,user_0165,3.57,1314237040,143,1314237205,152,1.0,True,True,False,"JPlag AVG 100%, same user, same score"
group_00323,matei-si-diamantele,cpp,user_0165,3.57,1314237040,143,1314237219,153,1.0,True,True,False,"JPlag AVG 100%, same user, same score"
group_00323,matei-si-diamantele,cpp,user_0165,3.57,1314237040,143,1314237289,156,1.0,True,True,False,"JPlag AVG 100%, same user, same score"
group_00324,matei-si-diamantele,cpp,user_0192,50.0,1391986473,3150676,1391986526,3150678,1.0,True,True,False,"JPlag AVG 100%, same user, same score"
group_00325,matei-si-diamantele,cpp,user_0211,50.0,1378153091,2639885,1378153358,2639889,1.0,True,True,False,"JPlag AVG 100%, same user, same score"
group_00326,matei-si-diamantele,cpp,user_0212,50.0,1378156639,2639972,1378156696,2639974,1.0,True,True,False,"JPlag AVG 100%, same user, same score"
group_00327,matei-si-diamantele,cpp,user_0218,12.5,1378159378,2640134,1378159392,2640135,1.0,True,True,False,"JPlag AVG 100%, same user, same score"
group_00328,matei-si-diamantele,cpp,user_0225,50.0,1323424047,521503,1323424374,521508,1.0,True,True,False,"JPlag AVG 100%, same user, same score"
group_00329,matei-si-diamantele,cpp,user_0238,41.07,1323404104,520463,1323404111,520464,1.0,True,True,False,"JPlag AVG 100%, same user, same score"
group_00330,matei-si-diamantele,cpp,user_0244,10.71,1314235605,58,1314235774,65,1.0,True,True,False,"JPlag AVG 100%, same user, same score"
group_00331,matei-si-diamantele,cpp,user_0246,1.79,1314234680,23,1314234717,25,1.0,True,True,False,"JPlag AVG 100%, same user, same score"
group_00332,matei-si-diamantele,cpp,user_0246,5.36,1314235667,61,1314236493,109,1.0,True,True,False,"JPlag AVG 100%, same user, same score"
group_00333,matei-si-diamantele,cpp,user_0246,7.14,1314236884,133,1314237766,178,1.0,True,True,False,"JPlag AVG 100%, same user, same score"
group_00334,matei-si-diamantele,cpp,user_0250,50.0,1361807199,2125616,1361807918,2125624,1.0,True,True,False,"JPlag AVG 100%, same user, same score"
group_00335,matei-si-diamantele,cpp,user_0252,3.57,1314237280,156,1314237631,173,1.0,True,True,False,"JPlag AVG 100%, same user, same score"
group_00336,matei-si-diamantele,cpp,user_0252,3.57,1314237427,163,1314237451,164,1.0,True,True,False,"JPlag AVG 100%, same user, same score"
group_00336,matei-si-diamantele,cpp,user_0252,3.57,1314237427,163,1314237538,169,1.0,True,True,False,"JPlag AVG 100%, same user, same score"
group_00337,matei-si-diamantele,cpp,user_0252,3.57,1314237664,174,1314237687,175,1.0,True,True,False,"JPlag AVG 100%, same user, same score"
group_00337,matei-si-diamantele,cpp,user_0252,3.57,1314237664,174,1314237701,176,1.0,True,True,False,"JPlag AVG 100%, same user, same score"
group_00338,matei-si-diamantele,cpp,user_0259,39.29,1344373500,1568563,1344373550,1568565,1.0,True,True,False,"JPlag AVG 100%, same user, same score"
group_00338,matei-si-diamantele,cpp,user_0259,39.29,1344373500,1568563,1344373579,1568566,1.0,True,True,False,"JPlag AVG 100%, same user, same score"
group_00339,matei-si-diamantele,cpp,user_0265,50.0,1361359794,2109009,1361580037,2116657,1.0,True,True,False,"JPlag AVG 100%, same user, same score"
group_00340,matei-si-diamantele,java,user_0031,16.07,1314234559,17,1314234588,18,1.0,True,True,False,"JPlag AVG 100%, same user, same score"
group_00341,matei-si-diamantele,java,user_0038,17.86,1314235268,45,1314235326,47,1.0,True,True,False,"JPlag AVG 100%, same user, same score"
group_00342,matei-si-diamantele,java,user_0040,8.93,1314235226,44,1314235385,50,1.0,True,True,False,"JPlag AVG 100%, same user, same score"
group_00343,matei-si-diamantele,java,user_0042,35.71,1314235088,39,1314235207,43,1.0,True,True,False,"JPlag AVG 100%, same user, same score"
group_00343,matei-si-diamantele,java,user_0042,35.71,1314235088,39,1314236673,121,1.0,True,True,False,"JPlag AVG 100%, same user, same score"
group_00344,matei-si-diamantele,java,user_0054,30.36,1323404910,520585,1323404969,520596,1.0,True,True,False,"JPlag AVG 100%, same user, same score"
group_00345,matei-si-diamantele,java,user_0054,33.93,1323404984,520598,1323405095,520613,1.0,True,True,False,"JPlag AVG 100%, same user, same score"
group_00346,matei-si-diamantele,java,user_0065,10.71,1323451903,523032,1323452016,523036,1.0,True,True,False,"JPlag AVG 100%, same user, same score"
group_00347,matei-si-diamantele,java,user_0068,10.71,1332673244,1024553,1332673256,1024555,1.0,True,True,False,"JPlag AVG 100%, same user, same score"
group_00348,matei-si-diamantele,java,user_0069,37.5,1332661224,1023904,1332711180,1025437,1.0,True,True,False,"JPlag AVG 100%, same user, same score"
group_00349,matei-si-diamantele,java,user_0095,3.57,1314236555,114,1314236790,129,1.0,True,True,False,"JPlag AVG 100%, same user, same score"
group_00349,matei-si-diamantele,java,user_0095,3.57,1314236555,114,1314237755,178,1.0,True,True,False,"JPlag AVG 100%, same user, same score"
group_00350,matei-si-diamantele,java,user_0097,1.79,1314235708,63,1314235839,68,1.0,True,True,False,"JPlag AVG 100%, same user, same score"
group_00350,matei-si-diamantele,java,user_0097,1.79,1314235708,63,1314236346,101,1.0,True,True,False,"JPlag AVG 100%, same user, same score"
group_00350,matei-si-diamantele,java,user_0097,1.79,1314235708,63,1314236476,108,1.0,True,True,False,"JPlag AVG 100%, same user, same score"
group_00351,matei-si-diamantele,java,user_0103,3.57,1314234628,21,1314234934,33,1.0,True,True,False,"JPlag AVG 100%, same user, same score"
group_00352,matei-si-diamantele,java,user_0103,5.36,1314235247,44,1314236167,89,1.0,True,True,False,"JPlag AVG 100%, same user, same score"
group_00353,matei-si-diamantele,java,user_0116,8.93,1314234797,28,1314235113,40,1.0,True,True,False,"JPlag AVG 100%, same user, same score"
group_00354,matei-si-diamantele,java,user_0116,8.93,1314235004,36,1314235137,41,1.0,True,True,False,"JPlag AVG 100%, same user, same score"
group_00354,matei-si-diamantele,java,user_0116,8.93,1314235004,36,1314235200,43,1.0,True,True,False,"JPlag AVG 100%, same user, same score"
group_00354,matei-si-diamantele,java,user_0116,8.93,1314235004,36,1314235251,44,1.0,True,True,False,"JPlag AVG 100%, same user, same score"
group_00354,matei-si-diamantele,java,user_0116,8.93,1314235004,36,1314235529,55,1.0,True,True,False,"JPlag AVG 100%, same user, same score"
group_00355,matei-si-diamantele,java,user_0126,5.36,1314235196,43,1314235313,47,1.0,True,True,False,"JPlag AVG 100%, same user, same score"
group_00356,matei-si-diamantele,java,user_0128,44.64,1333804032,1077658,1333804052,1077661,1.0,True,True,False,"JPlag AVG 100%, same user, same score"
group_00357,matei-si-diamantele,java,user_0138,8.93,1323418578,521374,1323418708,521378,1.0,True,True,False,"JPlag AVG 100%, same user, same score"
group_00358,matei-si-diamantele,java,user_0138,8.93,1323421354,521444,1323421631,521449,1.0,True,True,False,"JPlag AVG 100%, same user, same score"
group_00359,matei-si-diamantele,java,user_0138,10.71,1323422341,521463,1323424771,521514,1.0,True,True,False,"JPlag AVG 100%, same user, same score"
group_00359,matei-si-diamantele,java,user_0138,10.71,1323422341,521463,1323441579,522537,1.0,True,True,False,"JPlag AVG 100%, same user, same score"
group_00360,matei-si-diamantele,java,user_0138,14.29,1323450102,522941,1323450140,522944,1.0,True,True,False,"JPlag AVG 100%, same user, same score"
group_00361,matei-si-diamantele,java,user_0145,5.36,1314237030,143,1314237222,153,1.0,True,True,False,"JPlag AVG 100%, same user, same score"
group_00362,matei-si-diamantele,java,user_0145,14.29,1314237409,162,1314237486,166,1.0,True,True,False,"JPlag AVG 100%, same user, same score"
group_00362,matei-si-diamantele,java,user_0145,14.29,1314237409,162,1314237619,172,1.0,True,True,False,"JPlag AVG 100%, same user, same score"
group_00363,matei-si-diamantele,java,user_0151,14.29,1314236045,80,1314236114,85,1.0,True,True,False,"JPlag AVG 100%, same user, same score"
group_00363,matei-si-diamantele,java,user_0151,14.29,1314236045,80,1314236127,86,1.0,True,True,False,"JPlag AVG 100%, same user, same score"
group_00363,matei-si-diamantele,java,user_0151,14.29,1314236045,80,1314236968,139,1.0,True,True,False,"JPlag AVG 100%, same user, same score"
group_00364,matei-si-diamantele,java,user_0151,42.86,1314236951,138,1314236988,140,1.0,True,True,False,"JPlag AVG 100%, same user, same score"
group_00365,matei-si-diamantele,java,user_0206,8.93,1378121757,2638937,1378121858,2638956,1.0,True,True,False,"JPlag AVG 100%, same user, same score"
group_00366,matei-si-diamantele,java,user_0213,50.0,1378112521,2638218,1378112672,2638225,1.0,True,True,False,"JPlag AVG 100%, same user, same score"
group_00367,matei-si-diamantele,java,user_0224,50.0,1391933713,3147937,1391934043,3147957,1.0,True,True,False,"JPlag AVG 100%, same user, same score"
group_00368,matei-si-diamantele,java,user_0228,5.36,1323404065,520459,1323404098,520462,1.0,True,True,False,"JPlag AVG 100%, same user, same score"
group_00368,matei-si-diamantele,java,user_0228,5.36,1323404065,520459,1323404117,520465,1.0,True,True,False,"JPlag AVG 100%, same user, same score"
group_00369,matei-si-diamantele,java,user_0235,42.86,1314234969,35,1314235023,37,1.0,True,True,False,"JPlag AVG 100%, same user, same score"
group_00369,matei-si-diamantele,java,user_0235,42.86,1314234969,35,1314236913,135,1.0,True,True,False,"JPlag AVG 100%, same user, same score"
group_00370,matei-si-diamantele,java,user_0261,1.79,1314234819,29,1314235428,51,1.0,True,True,False,"JPlag AVG 100%, same user, same score"
group_00370,matei-si-diamantele,java,user_0261,1.79,1314234819,29,1314236343,100,1.0,True,True,False,"JPlag AVG 100%, same user, same score"
group_00371,matei-si-diamantele,java,user_0261,5.36,1314237283,156,1314237453,164,1.0,True,True,False,"JPlag AVG 100%, same user, same score"
group_00371,matei-si-diamantele,java,user_0261,5.36,1314237283,156,1314237483,166,1.0,True,True,False,"JPlag AVG 100%, same user, same score"
group_00372,matei-si-diamantele,java,user_0271,39.29,1391933920,3147949,1391933979,3147953,1.0,True,True,False,"JPlag AVG 100%, same user, same score"
group_00373,matei-si-diamantele,java,user_0288,1.79,1314236118,85,1314236134,86,1.0,True,True,False,"JPlag AVG 100%, same user, same score"
group_00374,organizare-mafiota,cpp,user_0010,2.5,1314236683,122,1314236704,123,1.0,True,True,False,"JPlag AVG 100%, same user, same score"
group_00375,organizare-mafiota,cpp,user_0010,47.5,1314236788,128,1314236836,131,1.0,True,True,False,"JPlag AVG 100%, same user, same score"
group_00376,organizare-mafiota,cpp,user_0010,47.5,1314236920,135,1314237388,161,1.0,True,True,False,"JPlag AVG 100%, same user, same score"
group_00377,organizare-mafiota,cpp,user_0011,7.5,1323079843,504058,1323079906,504059,1.0,True,True,False,"JPlag AVG 100%, same user, same score"
group_00377,organizare-mafiota,cpp,user_0011,7.5,1323079843,504058,1323079964,504060,1.0,True,True,False,"JPlag AVG 100%, same user, same score"
group_00378,organizare-mafiota,cpp,user_0011,12.5,1323078705,504041,1323079197,504048,1.0,True,True,False,"JPlag AVG 100%, same user, same score"
group_00378,organizare-mafiota,cpp,user_0011,12.5,1323078705,504041,1323079984,504060,1.0,True,True,False,"JPlag AVG 100%, same user, same score"
group_00379,organizare-mafiota,cpp,user_0014,47.5,1314236163,89,1314236843,131,1.0,True,True,False,"JPlag AVG 100%, same user, same score"
group_00380,organizare-mafiota,cpp,user_0035,7.5,1314236829,131,1314237200,152,1.0,True,True,False,"JPlag AVG 100%, same user, same score"
group_00381,organizare-mafiota,cpp,user_0035,7.5,1314237264,155,1314237297,157,1.0,True,True,False,"JPlag AVG 100%, same user, same score"
group_00382,organizare-mafiota,cpp,user_0038,10.0,1314237178,151,1314237186,151,1.0,True,True,False,"JPlag AVG 100%, same user, same score"
group_00382,organizare-mafiota,cpp,user_0038,10.0,1314237178,151,1314237217,153,1.0,True,True,False,"JPlag AVG 100%, same user, same score"
group_00383,organizare-mafiota,cpp,user_0041,5.0,1333773505,1076062,1333773550,1076064,1.0,True,True,False,"JPlag AVG 100%, same user, same score"
group_00384,organizare-mafiota,cpp,user_0053,50.0,1314158859,-7311,1314222947,-1224,1.0,True,True,False,"JPlag AVG 100%, same user, same score"
group_00385,organizare-mafiota,cpp,user_0053,50.0,1314158862,-7310,1314222951,-1224,1.0,True,True,False,"JPlag AVG 100%, same user, same score"
