submission_id,score,language,code_algorithm,text_algorithm,same,code_probability,code_second_algorithm,code_second_probability,text_probability,text_second_algorithm,text_second_probability,description
1314234782,1.79,java,GREEDY_NEIGHBOR_WALK,GEOMETRIC_SCAN,NO,0.96484375,GEOMETRIC_SCAN,0.0177001953125,0.96875,GREEDY_NEIGHBOR_WALK,0.0177001953125,"The program reads the grid dimensions, the maximum number of moves P, and the starting position (L, C). It stores the grid in a 1‑based array `matrix`. It then initializes `max` to the value at the starting cell and keeps two variables `L1` and `C1` that will hold the coordinates of the best cell found.

In a loop that runs exactly P times, the code looks at the four orthogonal neighbours of the starting cell (north, south, west, east). For each neighbour it checks whether its value is larger than the current `max`. If so, it updates `max` and records that neighbour’s coordinates in `L1` and `C1`. The loop does **not** change the current position `L` and `C`; it repeatedly compares the same four neighbours, so after the first iteration the values of `max`, `L1`, and `C1` will never change again.

After the loop finishes, the program outputs the value stored in `matrix[L1][C1]`, which is the maximum value among the starting cell and its four immediate neighbours (or the starting cell itself if all neighbours are smaller). The number of allowed moves P has no effect beyond the redundant iterations."
1314234834,1.79,java,GEOMETRIC_SCAN,GREEDY_NEIGHBOR_WALK,NO,0.71484375,GREEDY_NEIGHBOR_WALK,0.1806640625,1.0,UNKNOWN,0.00014019012451171875,"The program reads the grid dimensions \(N\) and \(M\), the maximum number of moves \(P\), and the starting position \((L,C)\) (converted to 0‑based indices). It then reads the \(N\times M\) matrix of diamond values. 

For each of the \(P\) moves it calls the helper `getMax`, which examines the four orthogonal neighbours of the current cell: down \((l+1,c)\), right \((l,c+1)\), left \((l,c-1)\), and up \((l-1,c)\). It keeps a pair \((x,y)\) that initially points to the down neighbour and then updates it whenever a neighbour with a strictly larger value is found. After the loop, the current position \((L,C)\) is updated to the chosen neighbour. 

After performing up to \(P\) such greedy steps, the program outputs the value of the diamond at the final position. If \(P=0\) it simply prints the value at the starting cell. The algorithm therefore moves the piece greedily to the locally highest neighbour at each step, without considering longer‑range possibilities."
1314234943,8.93,java,DP_RADIUS,DFS_RADIUS,NO,0.81640625,DFS_RADIUS,0.076171875,0.4375,DP_RADIUS,0.33984375,"The program reads a rectangular grid of integers and a starting position (L, C) together with a maximum number of moves P. All indices are treated as 1‑based. It keeps two 2‑D arrays of size (N+1)×(M+1): `matrice`, which initially holds the diamond values, and `dp`, which is filled with `Integer.MIN_VALUE` to mark cells whose best reachable value has not yet been computed.

The core routine is the recursive method `helperDiamond(i, j, ramase)`. It is called with the starting coordinates and the remaining number of moves. If no moves are left (`ramase==0`) the method simply returns the value stored in `matrice[i][j]`. Otherwise it looks at the four orthogonal neighbours (north, west, south, east) that stay inside the grid. For each neighbour it first checks whether `dp` already contains a computed result; if not it recurses into that neighbour with one fewer remaining move. The maximum value returned from any neighbour is kept in `max`. After examining all valid neighbours, the method writes this maximum into `matrice[i][j]` (overwriting the original value) and returns it. The `dp` array is never updated after the initial fill, so the memoisation check is ineffective and the same subproblems are recomputed many times.

Finally, `getSolution()` simply calls `helperDiamond(L, C, P)` and the main method prints the returned integer. Thus the program attempts to determine the largest diamond value that can be reached from the starting cell in exactly P moves by exploring all possible paths recursively, but it does so with an ineffective memoisation scheme and by corrupting the original grid values during the search."
1314234951,14.29,cpp,GEOMETRIC_SCAN,DFS_RADIUS,NO,0.640625,DFS_RADIUS,0.0869140625,0.7890625,DP_RADIUS,0.07373046875,"The program reads the grid dimensions \(N\) and \(M\), the maximum number of moves \(P\), and the starting position \((L,C)\). It stores the diamond values in a 1‑based array `a[1001][1001]`. The core of the solution is the recursive function `getMax`, which takes the current coordinates and the remaining number of moves. If no moves are left, it simply returns the value of the current cell. Otherwise, it recursively calls itself for each of the four orthogonal neighbours (north, south, east, west) with one fewer move, and returns the maximum of those four results together with the value of the current cell. The main function invokes `getMax` with the starting position and prints the returned maximum.

Thus the program explores every possible path of length up to \(P\) from the starting cell, considering all four directions at each step, and reports the highest diamond value that can be reached within that number of moves. It does not perform any bounds checking on the recursive calls, so accesses outside the grid would lead to undefined behaviour."
1314235033,12.5,java,DP_RADIUS,DFS_RADIUS,NO,0.60546875,DFS_RADIUS,0.1533203125,0.91796875,DP_RADIUS,0.031494140625,"The program reads the grid dimensions \(N\) and \(M\), the maximum number of moves \(P\), and the starting position \((L,C)\). It stores the diamond values in a 1‑based array `matrice` and initializes a second array `dp` with the sentinel value `Integer.MIN_VALUE`. 

The core routine is the recursive method `helperDiamond(i,j,ramase)`. When the remaining steps `ramase` reach zero, the method simply returns the value stored in `matrice[i][j]` and records it in `dp[i][j]`. For any other case it explores each of the four orthogonal neighbours (north, west, south, east) that stay inside the grid, recursively calling itself with `ramase‑1`. It keeps the maximum value returned from these neighbours in a local variable `max`. After evaluating all valid neighbours, the method overwrites `matrice[i][j]` with this maximum and returns it. The `dp` array is never used to memoise results beyond the base case, so the recursion recomputes many subproblems repeatedly.

The `solve()` method simply calls `helperDiamond(L,C,P)` and prints the returned value, which is intended to be the highest diamond value reachable from the start within at most \(P\) moves. The algorithm therefore performs a depth‑first search of all paths of length exactly \(P\) from the starting cell, propagating the maximum value found along each path back to the start."
1314235252,1.79,java,GEOMETRIC_SCAN,GREEDY_NEIGHBOR_WALK,NO,0.52734375,GREEDY_NEIGHBOR_WALK,0.3203125,1.0,UNKNOWN,0.00070953369140625,"The program reads the grid dimensions \(N\) and \(M\), the maximum number of moves \(P\), and the starting coordinates \((L,C)\). It stores the grid values in a 1‑based array `matrix`. If no moves are allowed (\(P=0\)), it simply outputs the value at the starting cell.

Otherwise the program first scans the entire matrix to find the global maximum value `maxNum`. It then enters a nested loop that iterates over all rows and columns, but the inner logic actually uses the current position variables `L` and `C` to decide where to move. Starting from the initial cell, it repeatedly compares the value of the current cell (`currentPos`) with the values of its four orthogonal neighbours (north, west, east, south) in that specific order. If a neighbour has a strictly larger value than `currentPos`, the program moves to that neighbour, updates `currentPos`, increments a move counter, and checks whether the new cell contains the global maximum or whether the move limit `P` has been reached. The loop stops as soon as either condition is met, and the value of the last visited cell is printed.

The algorithm therefore performs a greedy walk that always steps to a higher-valued adjacent cell, preferring north, then west, then east, then south, until it has taken at most \(P\) steps or reaches the highest value in the grid. It does not perform any search beyond this local greedy choice and does not handle boundary checks for the neighbours, so it may access out‑of‑bounds indices if the starting position is on an edge."
1314235268,17.86,java,UNKNOWN,DFS_RADIUS,NO,0.34375,GEOMETRIC_SCAN,0.267578125,0.98046875,DP_RADIUS,0.0123291015625,"The program reads the grid dimensions \(N\) and \(M\), the maximum number of moves \(P\), and the starting position \((L,C)\). It stores the diamond values in a 1‑based array `Matrix`. The variable `max` is initialized with the value at the starting cell. 

The core of the algorithm is a depth‑first search implemented by the recursive method `find(i,j,deep,type)`. At each call the current cell’s value is compared with `max` and `max` is updated if larger. The parameter `deep` counts how many moves have been made; recursion stops when `deep` reaches `P`. The parameter `type` encodes the direction of the previous move using two‑digit codes (e.g., 11 for north, 22 for east, 33 for south, 44 for west). Before exploring a neighbour the code checks that the new move does not immediately reverse the previous one by testing the digits of `type`. If the move is allowed, `find` is called recursively with `deep+1` and an updated `type` that reflects the new direction. 

The four directional blocks in `find` handle north, south, east, and west moves respectively, each guarded by bounds checks against the grid edges and the remaining depth. The recursion explores all paths up to length `P` that never backtrack on the immediately preceding step, updating `max` along the way. After the search finishes, the program prints the largest diamond value that can be reached within the allowed moves."
1314235308,1.79,java,GREEDY_NEIGHBOR_WALK,GEOMETRIC_SCAN,NO,0.51171875,UNKNOWN,0.2421875,0.71875,GREEDY_NEIGHBOR_WALK,0.16015625,"The program begins by reading the grid dimensions \(N\) and \(M\), the maximum number of moves \(P\), and the starting position \((L,C)\). It then reads an \(N \times M\) matrix of integer diamond values, storing it in a 1‑based array `numbers`. 

After the input, the code enters two nested loops that iterate over every cell of the grid, but the body of these loops ignores the loop indices and always works with the original starting coordinates \((L,C)\). Inside the inner loop it sets `pos` to the value at the starting cell and then performs a loop that runs exactly \(P\) times. In each iteration it compares the value of the cell directly north of the start (`numbers[L-1][C]`) with `pos`, then compares the value of the cell directly south (`numbers[L+1][C]`) with the current maximum `aux`, then the west cell (`numbers[L][C-1]`) with `aux`, and finally the east cell (`numbers[L][C+1]`) but mistakenly compares it again to `numbers[L+1][C]`. The variable `aux` is updated whenever a larger neighbor value is found. 

After completing the \(P\) iterations (which do not change the comparisons), the outer loops finish and the program prints the value stored in `aux`. Thus the output is simply the largest value among the four orthogonal neighbors of the starting cell, regardless of the number of allowed moves or the rest of the grid."
1314235369,50.0,java,GEOMETRIC_SCAN,SORTED_MANHATTAN,NO,0.8125,SORTED_MANHATTAN,0.1806640625,0.921875,GEOMETRIC_SCAN,0.04052734375,"The program reads the grid dimensions \(N\) and \(M\), the maximum number of moves \(P\), and the starting position \((L,C)\). It then reads the \(N\times M\) matrix of diamond values, storing each cell’s coordinates and value in a list of `Cell` objects while also keeping the values in a 2‑D array for a fallback output.

After the input is collected, the list of cells is sorted in descending order of their diamond values. The program then scans this sorted list from the highest value downwards. For each cell it computes the Manhattan distance from the starting position \(|L - x| + |C - y|\). If this distance is at most \(P\), the cell is reachable within the allowed moves, so the program immediately prints that cell’s value and terminates. If no cell in the list satisfies the distance condition, the program outputs the value of the diamond at the starting position, which is the only reachable cell when no moves are possible.

Thus the algorithm simply selects the highest‑valued diamond that lies within a Manhattan distance of \(P\) from the start, defaulting to the starting cell’s value if none are reachable."
1314235413,50.0,cpp,GEOMETRIC_SCAN,SORTED_MANHATTAN,NO,0.97265625,SORTED_MANHATTAN,0.02587890625,0.984375,DP_RADIUS,0.0096435546875,"The program reads the grid dimensions \(N\) and \(M\), the maximum number of moves \(P\), and the starting position \((L,C)\). It then reads the \(N\times M\) matrix of diamond values into a 1‑based array `matrix`. While reading, it simultaneously fills a flat array of `point` structs, each holding the row, column, and value of a cell. 

After input, the array of points is sorted in descending order of the diamond value using a custom comparator. The program then scans this sorted list from the highest value downward. For each point it computes the Manhattan distance from the starting cell to the point’s coordinates; if this distance is less than or equal to \(P\), the point is reachable within the allowed moves. The first such point encountered (i.e., the highest‑valued reachable diamond) is printed and the program terminates. 

Thus the algorithm simply enumerates all cells, orders them by value, and selects the first cell whose Manhattan distance from the start does not exceed the move limit. The implementation runs in \(O(NM\log(NM))\) time due to the sort and uses \(O(NM)\) additional memory for the point array. (Note that the loop iterates one index past the last element, which would access an out‑of‑bounds entry.)"
1314235446,3.57,java,GEOMETRIC_SCAN,UNKNOWN,NO,0.859375,UNKNOWN,0.09033203125,0.59765625,GEOMETRIC_SCAN,0.1943359375,"The program reads the grid dimensions, the maximum number of moves \(P\), and the starting position \((L,C)\). It stores the diamond values in a 1‑based 2‑D array `F`. 

The core routine `getResult` begins with the value at the starting cell as the current best (`res`). It then enters a loop that runs at most `P` times, as long as the current coordinates stay inside the grid. In each iteration it looks at the four orthogonal neighbours of the current cell and updates `res` to the largest of those neighbour values. After that, it scans the entire grid to find any cell whose value equals this new `res`; the loop assigns the current coordinates to the last such cell found. The move counter is decremented and the process repeats. 

When the loop finishes (either because no moves remain or the coordinates would leave the grid), the function returns the last recorded maximum value `res`, which is then printed. The algorithm therefore repeatedly climbs to the highest adjacent value and then teleports to an arbitrary cell with that value, ignoring the actual distance that would be required to reach it."
1314235686,12.5,java,GEOMETRIC_SCAN,DFS_RADIUS,NO,0.8828125,UNKNOWN,0.038818359375,0.98046875,DP_RADIUS,0.0123291015625,"The program reads the grid dimensions \(N\) and \(M\), the maximum number of moves \(P\), and the starting position \((L,C)\). It stores the diamond values in a 1‑based array `matrix`. After reading the grid, it calls the recursive method `cautare`, passing the matrix, the current coordinates, the list `sol` that will hold reachable diamond values, and the remaining number of moves.

`cautare` is a depth‑first search that, when the remaining moves reach zero, records the value of the current cell into `sol`. Otherwise it recursively explores the four orthogonal neighbours (north, east, south, west) by decrementing the move counter. The routine does not perform any bounds checking, so it may attempt to access indices outside the array, which would cause a runtime error on invalid inputs.

Once all recursive calls finish, the main routine iterates over the collected values in `sol`, keeping the maximum found. It also compares this maximum with the value of the starting cell, ensuring that the starting position is considered even if no moves are made. Finally, it prints the maximum diamond value that can be reached in at most \(P\) moves."
1314235829,41.07,java,GEOMETRIC_SCAN,BFS_RADIUS,NO,0.69921875,DP_RADIUS,0.0947265625,0.984375,GREEDY_NEIGHBOR_WALK,0.0040283203125,"The program reads the grid dimensions \(N,M\), the maximum number of moves \(P\), and the starting position \((L,C)\). It stores the diamond values in a 1‑based array `mat`. Two auxiliary \( (N+1)\times(M+1)\) arrays, `prev` and `curr`, are used to keep track of which cells can be reached after a given number of steps. Initially only the starting cell is marked in `prev` with its diamond value.

For each remaining move (the outer loop runs \(P\) times, counting down), the program scans every cell. If a cell is marked in `prev` (i.e., reachable in the previous step), it attempts to move to each of its four orthogonal neighbours. For every valid neighbour inside the grid, the neighbour’s entry in `curr` is set to the diamond value stored in `mat`. After processing all cells, `curr` now contains the diamond values of all cells that can be reached in exactly the current number of steps. The program then copies `curr` back into `prev`, clears `curr`, and records the maximum diamond value seen in `prev` as `max_aux`. This maximum is compared with a running `result` that keeps the best value found over all step counts.

If no moves are allowed (\(P=0\)), the program simply outputs the diamond value at the starting cell. Otherwise, after all iterations, it prints the highest diamond value that could be reached in at most \(P\) moves. The algorithm essentially performs a breadth‑first expansion of reachable cells, but instead of storing distances it only keeps the diamond value of each reachable cell, overwriting previous values when a cell is reached again."
1314235938,1.79,java,GEOMETRIC_SCAN,UNKNOWN,NO,0.62109375,UNKNOWN,0.29296875,0.7421875,GEOMETRIC_SCAN,0.166015625,"The program begins by reading the grid dimensions \(N\) and \(M\), the maximum number of moves \(P\), and the starting position \((L,C)\). It stores the diamond values in a 1‑based 2‑dimensional array `numbers`. 

After the input, the code enters a nested loop that iterates over every cell of the grid, but the inner logic never uses the loop indices `i` and `j`; instead it repeatedly works with the fixed starting coordinates `L` and `C`. For each iteration it sets `pos` to the value at the starting cell and then enters a `while` loop that runs at most `P` times. Inside this loop it compares the four orthogonal neighbours of the current position (up, down, left, right) and keeps the largest value found in the variable `aux`. It then scans the entire grid to find any cell whose value equals `aux` and assigns that value to `pos`. The counter `m` is incremented and the loop repeats until `P` moves have been simulated or no further moves are possible. 

When the outer loops finish, the program prints the value stored in `aux`. In effect, the code attempts to simulate moving from the starting cell to the highest‑valued neighbour repeatedly, but it does so incorrectly: it never updates the current coordinates, it scans the whole grid to locate the chosen value, and it repeats this process for every cell in the grid. The final output is simply the value of the last neighbour considered (or the starting value if no moves were made)."
1314236008,12.5,java,GEOMETRIC_SCAN,DFS_RADIUS,NO,0.9375,UNKNOWN,0.0194091796875,0.8828125,DP_RADIUS,0.06396484375,"The program reads the grid dimensions \(N\) and \(M\), the maximum number of moves \(P\), and the starting position \((L,C)\). It stores the diamond values in a 1‑based array `matrix`. The value at the starting cell is kept in `diamant`.

A recursive routine `cautare` is then invoked with the starting coordinates, the remaining move count `mutari`, and an `ArrayList<Integer>` `sol`. The routine works as follows: if no moves remain, it records the value of the current cell in `sol`. Otherwise it makes four recursive calls, each decrementing the move counter and moving one step north, east, south, or west (by adding or subtracting 1 from the row or column index). No bounds checks are performed, so the recursion may attempt to access cells outside the grid.

After the recursion finishes, the program iterates over all collected values in `sol`, updating `diamant` to the maximum of its current value and each recorded value. Finally, it prints this maximum value, which is intended to be the highest diamond value reachable within at most \(P\) moves."
1314236118,1.79,java,GEOMETRIC_SCAN,UNKNOWN,NO,0.921875,UNKNOWN,0.05908203125,0.48046875,GREEDY_NEIGHBOR_WALK,0.2265625,"The program reads the grid dimensions \(N\) and \(M\), the maximum number of moves \(P\), and the starting position \((L,C)\). It then reads an \(N\times M\) matrix of integer values, storing it in a 1‑based array `matrix`. 

The core routine is the recursive method `minCost`. It keeps a global counter `count` that is incremented on every call. If the counter reaches `P+1` or if the allowed number of moves `P` is zero, the routine simply returns the value of the cell at the current coordinates. If the coordinates fall outside the lower bounds of the array (`L<0` or `C<1`) it returns a very negative sentinel value. Otherwise, the method returns the maximum of five values: the value in the current cell and the values in the four orthogonally adjacent cells (north, south, east, west). No further recursion is performed beyond the initial call, so the counter never actually reaches `P+1` unless `P` is zero. 

Finally, `main` prints the result of a single call to `minCost` with the starting coordinates and the given `P`. In effect, the program outputs the maximum value among the starting cell and its immediate neighbors, ignoring the intended move limit and the rest of the grid."
1314236225,1.79,java,GREEDY_NEIGHBOR_WALK,GEOMETRIC_SCAN,NO,0.984375,GEOMETRIC_SCAN,0.00665283203125,0.85546875,UNKNOWN,0.07958984375,"The program reads the grid dimensions \(N\) and \(M\), the maximum number of moves \(P\), and the starting coordinates \((L,C)\). It stores the diamond values in a 1‑based array `mat`. The variable `result` is initialized to the value at the starting cell.

If \(P=0\) the program simply prints this value. Otherwise it enters a loop that is intended to simulate up to \(P\) moves. In each iteration it calls `max_sum_neighbours`, passing the current coordinates (which are always the original \(L\) and \(C\)). That helper examines the four orthogonal neighbours of the given cell, chooses the largest neighbour value, and sets the global `max_elem` to that value. It also attempts to adjust the local `i` and `j` variables to point to the chosen neighbour, but these adjustments are local to the helper and do not affect the caller’s coordinates.

Back in the loop, if `max_elem` is larger than the current `result`, the program updates `result` and assigns the (unchanged) original coordinates to `l` and `c`. The loop then increments a move counter and repeats. Because the coordinates never change, the helper always inspects the same four neighbours, and the loop has no effect beyond the first iteration.

Finally the program prints `result`, which is the maximum of the starting cell’s value and the values of its four orthogonal neighbours (or the starting value if all neighbours are smaller). The code does not actually perform any path‑finding or use the allowed number of moves."
1314236521,1.79,java,GEOMETRIC_SCAN,UNKNOWN,NO,0.494140625,UNKNOWN,0.494140625,0.484375,GREEDY_NEIGHBOR_WALK,0.427734375,"The program begins by reading the grid dimensions \(N\) and \(M\), the maximum number of moves \(P\), and the starting position \((L,C)\). It stores the diamond values in a 1‑based 2‑dimensional array `numbers`. 

After the input, the code enters a loop that is intended to simulate up to \(P\) moves. The outer `while` loop runs while `P > 0` and a counter `m` is not larger than `P`. Inside this loop, two nested `for` loops iterate over every cell of the grid, but the body of the loops does not depend on the loop indices `i` and `j`. For each iteration it repeatedly sets `pos` to the value at the starting cell `numbers[L][C]`. It then examines the four orthogonal neighbours of the starting cell (north, south, west, east) and keeps the largest neighbour value in the variable `aux`. The neighbour checks use the original coordinates `L` and `C` and do not update the current position. 

After determining `aux`, the code scans the entire grid again with two nested loops (again using the loop variables `i` and `j` incorrectly) to find any cell whose value equals `aux`; when it finds one it assigns that value to `pos`. The counter `m` is incremented inside this inner block. If `P` has reached zero, `aux` is set to `pos`. 

When the loops finish, the program prints the value stored in `aux`. In effect, the program attempts to move from the starting cell to the neighbour with the highest value, then repeat this process up to `P` times, but it never actually updates the current position and repeatedly scans the whole grid for the maximum neighbour value. The final output is simply the value of the last maximum neighbour found during the simulated moves."
1314236523,50.0,java,GEOMETRIC_SCAN,SORTED_MANHATTAN,NO,0.8203125,SORTED_MANHATTAN,0.11083984375,0.6171875,GEOMETRIC_SCAN,0.1767578125,"The program reads the grid dimensions, the maximum number of moves \(P\), and the starting coordinates \((L,C)\). It stores the diamond values in a 1‑based array and simultaneously builds a list of `Position` objects, each holding the cell’s coordinates, its value, and the Manhattan distance from the start cell. 

After constructing the list, it sorts the positions in descending order of value (the `compareTo` method subtracts the current value from the other’s value). The algorithm then attempts to find the highest‑valued diamond that can be reached within at most \(P\) moves. It first checks whether the most valuable cell (now at index 0 after sorting) is within reach by comparing its Manhattan distance to \(P\); if so, it prints that value. If not, it iterates through the sorted list, advancing an index `i` until it finds a position whose distance exceeds \(P\), updating `finalValue` to that position’s value each time. Finally, it prints `finalValue`. 

Thus the code essentially selects the highest‑valued diamond whose Manhattan distance from the start is greater than \(P\), or the highest‑valued diamond that is reachable if any are within distance \(P\). The logic is based on a simple linear scan over a sorted list rather than any path‑finding or dynamic programming."
1314237177,50.0,cpp,GEOMETRIC_SCAN,SORTED_MANHATTAN,NO,0.5625,SORTED_MANHATTAN,0.38671875,0.9453125,DP_RADIUS,0.028564453125,"The program reads the grid dimensions \(N\) and \(M\), the maximum number of moves \(P\), and the starting coordinates \((L,C)\). It then reads every cell value into a single vector, storing each entry as a pair consisting of the cell’s coordinates and its diamond value. After all values are collected, the vector is sorted in descending order of the diamond values.

Starting from the cell with the largest value, the program computes the Manhattan distance from the starting position to that cell. It advances through the sorted list until it finds the first cell whose distance is less than or equal to \(P\). The value of that cell is taken as the answer and printed. Thus the program outputs the maximum diamond value that can be reached within at most \(P\) moves, assuming movement is unrestricted except for staying inside the grid."
1314237280,3.57,cpp,GREEDY_NEIGHBOR_WALK,GEOMETRIC_SCAN,NO,0.96875,GEOMETRIC_SCAN,0.0137939453125,0.890625,GREEDY_NEIGHBOR_WALK,0.09375,"The program reads the grid dimensions \(N\) and \(M\), the maximum number of moves \(P\), and the starting position \((L,C)\). It then reads the \(N \times M\) matrix of diamond values. After reading, it calls `Rezolvare` with the starting coordinates.

Inside `Rezolvare`, the code first checks whether \(P\) is zero or negative. If so, it simply outputs the value of the diamond at the starting cell and terminates. If \(P>0\), the function initializes a local variable `max` to zero and then examines the four orthogonal neighbours of the current cell. For each neighbour that lies inside the grid, it compares the neighbour’s diamond value with `max`. If the neighbour’s value is larger, `max` is updated to that value and the current coordinates `i` and `j` are moved to that neighbour. After checking all four directions, the function prints the value stored in `max`.

Thus the program effectively looks only one step away from the starting position (ignoring the actual value of \(P\) beyond the zero‑check) and reports the largest diamond value among the immediate neighbours, or the starting cell’s value if no moves are allowed. The grid is stored in a static 2‑D array, and boundary checks are performed by the helper `verificare`. No recursion, search, or multi‑step traversal is performed."
1314237664,3.57,cpp,GREEDY_NEIGHBOR_WALK,GEOMETRIC_SCAN,NO,0.9921875,GEOMETRIC_SCAN,0.0031585693359375,0.62890625,GREEDY_NEIGHBOR_WALK,0.337890625,"The program reads the grid dimensions \(N\) and \(M\), the maximum number of moves \(P\), and the starting position \((L,C)\). It then reads an \(N\times M\) matrix of integer diamond values, using 1‑based indices. 

The core routine `Rezolvare` first checks whether any moves are allowed. If \(P\le 0\) it simply prints the value of the starting cell and terminates. Otherwise it examines the four orthogonal neighbours of the current cell \((i,j)\). For each neighbour that lies inside the grid it keeps track of the largest diamond value seen so far (`max`). If a neighbour has a value larger than the current `max`, that value becomes the new `max`. 

If only one move is permitted (\(P==1\)), the function immediately prints this `max` and returns. If more moves are allowed, the function updates the current coordinates to the position of the neighbour that supplied the new `max` and continues the loop (although the loop is executed only once because no further iteration is triggered). After the loop finishes, it prints the final `max` value. 

Thus the program effectively reports the maximum diamond value that can be reached in at most one step from the starting position; if \(P>1\) it still only considers a single step and ignores the remaining moves. The `visited` array and the `P` counter are never used beyond the initial check."
1314237686,3.57,java,GEOMETRIC_SCAN,GREEDY_NEIGHBOR_WALK,NO,0.828125,UNKNOWN,0.1630859375,0.984375,UNKNOWN,0.015869140625,"The program begins by reading the grid dimensions, the maximum number of moves allowed, and the starting position of the piece. It stores the diamond values in a two‑dimensional integer array. After the input, it initializes a few variables: `max` (set to –999), `diam` (set to –9999), a flag `ok` to indicate whether a move has been made, and a flag `flag` to indicate that no moves are possible.

The core of the program is a nested loop that iterates over the sub‑matrix starting at the cell just above the starting position (`occ_x‑1`, `occ_y‑1`) and extending to the bottom‑right corner of the grid. For each cell `(i, j)` in this range, the code checks whether any moves are left and whether a move has already been performed. If no moves are left and no move has been made, it sets `flag` to 1. Otherwise, it compares the value of the current cell with the values of its four orthogonal neighbours (`i‑1, j`, `i+1, j`, `i, j‑1`, `i, j+1`). For the first neighbour that has a value greater than the current `max` and when moves remain, it decrements the remaining moves, records that neighbour’s value in `diam`, and marks that a move has been made by setting `ok` to 1. If none of the neighbours are better, it updates `max` to the current cell’s value.

After the loops finish, the program prints the value stored in `diam` if at least one move was made; otherwise, if `flag` was set (meaning no moves were possible from the start), it prints the value of the starting cell. The algorithm therefore attempts a greedy walk from the starting position, always stepping to a higher‑valued neighbour until the move limit is reached, but it only considers a single pass over a limited portion of the grid and does not explore all possible paths."
1314237710,50.0,cpp,GEOMETRIC_SCAN,SORTED_MANHATTAN,NO,0.93359375,SORTED_MANHATTAN,0.046630859375,0.890625,GREEDY_NEIGHBOR_WALK,0.056884765625,"The program reads the grid dimensions \(N\) and \(M\), the maximum number of moves \(P\), and the starting position \((L,C)\). It then reads the \(N\times M\) matrix of diamond values into a 2‑D array. 

All cells are copied into a one‑dimensional array `arr` of structures that store the cell’s coordinates and its diamond value. While filling this array a counter `i2` is incremented for each cell. After the copy, the program attempts to find the maximum value among a subset of the array (the loop bound `((n-l)*(m-c))` is incorrect and the result is never used). 

The array `arr` is then sorted in descending order of the diamond value using a custom comparator. Finally, the program scans the sorted array from the beginning and checks each cell’s Manhattan distance to the starting position. The first cell whose distance is at most \(P\) is considered reachable, its value is printed, and the search stops. 

Thus the program outputs the value of the highest‑valued diamond that lies within \(P\) steps (Manhattan distance) from the starting cell, ignoring any cells outside that distance. The earlier maximum‑search loop is redundant and has no effect on the result."
1314237765,12.5,java,GEOMETRIC_SCAN,DFS_RADIUS,NO,0.57421875,DFS_RADIUS,0.1640625,0.94140625,DP_RADIUS,0.0220947265625,"The program reads the grid dimensions \(N\) and \(M\), the maximum number of moves \(P\), and the starting position \((L,C)\). It then reads an \(N\times M\) matrix of integer diamond values into a 1‑indexed array `adj`. 

The core of the solution is a depth‑first recursive routine `recursive(adj, x, y, p)` that explores all possible walks of exactly \(p\) steps starting from cell \((x,y)\). When the remaining step count reaches zero, the value stored in `adj[x][y]` is compared with a global variable `max`, and `max` is updated if the current cell’s value is larger. For each recursive call with \(p>0\), the routine blindly calls itself four times, moving one cell north, south, east, or west (by adjusting the coordinates). No bounds checking is performed, so the recursion may attempt to access cells outside the grid, which will cause an array‑index‑out‑of‑bounds exception for positions outside the valid range. 

After the recursive search completes, the program prints the value of `max`, which is intended to be the largest diamond value reachable in at most \(P\) moves from the starting position. The algorithm therefore attempts a brute‑force exploration of all \(4^P\) possible paths, without any pruning, memoisation, or boundary validation."
1314237818,5.36,java,UNKNOWN,GEOMETRIC_SCAN,NO,0.5,GEOMETRIC_SCAN,0.388671875,0.890625,GREEDY_NEIGHBOR_WALK,0.0732421875,"The program begins by reading the grid dimensions, the maximum number of moves allowed, and the starting position of the piece. It stores the diamond values in a two‑dimensional integer array. After the input, it initializes a few variables: `max` to hold the best value found, `ok` to indicate whether a move has been made, and `flag` to signal that no moves are possible.

The core of the program is a nested loop that iterates over a sub‑region of the grid starting from the starting cell’s coordinates (converted to zero‑based indices) and extending to the bottom‑right corner of the board. Inside the inner loop, the code checks whether any moves are left and whether a move has already been performed. If no moves are left and no move has been made, it sets `flag` to 1. Otherwise, it compares the current `max` value with the values of the four neighboring cells (north, south, west, east) using hard‑coded index adjustments that are incorrect for the first and last rows/columns. If a neighbor contains a larger value and moves remain, it decrements the move counter, updates `max` to that neighbor’s value, and marks that a move has occurred. If none of the neighbors are better, it does nothing.

After the loops finish, the program outputs the value of the starting cell if `flag` was set (meaning no valid move was made); otherwise it prints the largest value found during the traversal. The algorithm does not actually perform a correct breadth‑first search or path planning; it merely scans a rectangular region and greedily updates a single best value based on adjacent cells, with many out‑of‑bounds and logic errors."
1323077370,12.5,cpp,UNKNOWN,DFS_RADIUS,NO,0.4921875,DFS_RADIUS,0.205078125,0.97265625,DP_RADIUS,0.01226806640625,"The program reads the grid dimensions \(N\) and \(M\), the maximum number of moves \(P\), and the starting coordinates \((L,C)\). It then reads the \(N\times M\) matrix of diamond values. The grid is stored in a 1‑based vector of vectors with an extra outer row and column of sentinel values to avoid index errors when accessing neighbours.

The core of the solution is a depth‑first search implemented by the recursive function `back`. It receives the remaining number of moves, the current position \((x,y)\), a reference to the best value found so far (`sol`), and a list of the four cardinal direction vectors. At each call, if no moves remain, the function checks whether the current position lies inside the grid bounds and, if so, updates `sol` with the value of the diamond at that cell if it is larger. If moves remain, the function iterates over the four directions, updates the position by adding the direction vector, decrements the remaining moves, and recurses. After the recursive call returns, it restores the move count and the position to backtrack and try the next direction.

The search explores every possible sequence of exactly \(P\) moves from the starting cell, keeping track of the maximum diamond value encountered at the end of any such sequence. Finally, the program outputs this maximum value. The algorithm is a brute‑force exhaustive traversal of all paths of length \(P\)."
1323389180,3.57,cpp,GEOMETRIC_SCAN,GREEDY_NEIGHBOR_WALK,NO,0.859375,GREEDY_NEIGHBOR_WALK,0.062255859375,0.99609375,UNKNOWN,0.0021820068359375,"The program reads the grid dimensions `n` and `m`, the maximum number of moves `p`, and the starting position `(l,c)` (1‑based). It then reads an `n × m` matrix of diamond values into a fixed 10×10 array `a`. The current best value is initialized to the value at the starting cell.

For each of the `p` allowed moves the code attempts to examine the four neighbouring cells in a fixed order: north, south, east, and west. It does this by incrementing or decrementing the row or column indices, checking whether the new index is still within the grid bounds, and if so comparing the diamond value at that position with the current maximum. Whenever a larger value is found, the maximum is updated and a flag `exit` is set to indicate which direction produced the improvement (1 for north, 2 for south, 3 for east, 4 for west).

After the four directional checks, the code moves the current position one step in the direction that last produced a new maximum, as indicated by the `exit` flag. If no improvement was found in any direction, the last `else` clause moves the piece west by default. This process repeats for up to `p` iterations, potentially moving the piece out of bounds because the bounds checks are only performed when comparing values, not when updating the position.

Finally, the program outputs the largest diamond value that was encountered during these moves. The algorithm is essentially a greedy walk that always steps into the most valuable adjacent cell found in the current iteration, but it does not explore all possible paths and may step outside the grid."
1323401347,14.29,cpp,GEOMETRIC_SCAN,DFS_RADIUS,NO,0.265625,DFS_RADIUS,0.2333984375,0.98828125,DP_RADIUS,0.003570556640625,"The program reads the grid dimensions \(N\) and \(M\), the maximum number of moves \(P\), and the starting position \((L,C)\) (1‑based). It then reads the \(N\times M\) matrix of diamond values. The starting cell is converted to 0‑based indices and pushed onto a vector `sol` that represents the current path. The variable `max` is initialized with the value of the starting cell.

A recursive function `back` explores all possible walks of length at most \(P\). At each call, if the current path length equals \(P+1\) (the starting cell plus \(P\) moves), the recursion stops. Otherwise the function iterates over the four cardinal moves \((0,1),(1,0),(0,-1),(-1,0)\). For each move it computes the new coordinates, checks that they stay inside the grid, then pushes the new position onto `sol`, updates `max` if the diamond value at that cell is larger, and recurses. After returning from the recursive call the new position is popped from `sol`, restoring the previous state.

After the exhaustive search finishes, the program outputs the maximum diamond value found along any walk of up to \(P\) steps. The algorithm is a plain depth‑first search that explores all possible paths up to the given depth, keeping track of the best value encountered."
1323401607,19.64,cpp,GEOMETRIC_SCAN,DFS_RADIUS,NO,0.40234375,DFS_RADIUS,0.16796875,0.94140625,UNKNOWN,0.01953125,"The program reads the grid dimensions \(N\) and \(M\), the maximum number of moves \(P\), and the starting position \((L,C)\) (1‑based). It then reads the \(N\times M\) matrix of diamond values. The starting cell is converted to 0‑based indices and pushed onto a vector `sol` that represents the current path. A second vector `dont_visit` marks cells that have already been visited in the current path.

The core of the algorithm is a recursive depth‑first search `back`. At each call, if the path length equals \(P+1\) (i.e., \(P\) moves have been made), the recursion stops. Otherwise the function iterates over the four cardinal moves (right, down, left, up). For each move it computes the new coordinates and checks that the cell lies inside the grid and has not been visited (`dont_visit[new_line][new_col]==0`). If the move is legal, the new cell is added to `sol`. The program then compares the diamond value at that cell with the current maximum `max`. If the new value is larger, `max` is updated; otherwise the cell is marked as visited in `dont_visit` to prevent further exploration from that cell. The function then recurses, and after returning it backtracks by removing the last cell from `sol`.

After the recursive search finishes, the program outputs the maximum diamond value found during the exploration. The algorithm explores all simple paths of length up to \(P\) starting from the initial position, keeping track of the highest value encountered along any such path."
1323405516,14.29,cpp,GEOMETRIC_SCAN,DFS_RADIUS,NO,0.890625,GREEDY_NEIGHBOR_WALK,0.03466796875,0.4296875,DP_RADIUS,0.203125,"The program reads the grid dimensions \(N\) and \(M\), the maximum number of moves \(P\), and the starting position \((L,C)\). The diamond values are stored in a 1‑based array `diamante`. A global variable `max` keeps the highest value seen so far.

The core of the algorithm is the recursive function `sol(k,t,nr_pasi)`. It is called initially with the starting cell and the full move budget. At each call the value of the current cell `diamante[k][t]` is compared with `max` and `max` is updated if necessary. If no moves remain (`nr_pasi==0`) the recursion stops.

Otherwise the function attempts to move in each of the four cardinal directions. For each direction it iterates over all possible step counts from 1 up to the remaining budget, bounded by the grid limits. For each step it calls itself recursively with the new coordinates and a reduced budget equal to the previous budget minus the number of steps taken in that direction. The loops are:

* **Down**: `i` from `k+1` to `min(k+nr_pasi, n)`; call `sol(i,t,nr_pasi-(i-k))`.
* **Right**: `i` from `t+1` to `min(t+nr_pasi, m)`; call `sol(k,i,nr_pasi-(i-t))`.
* **Up**: `i` from `k-1` down to `max(k-nr_pasi,1)`; call `sol(i,t,nr_pasi-(k-i))`.
* **Left**: `i` from `t-1` down to `max(t-nr_pasi,1)`; call `sol(k,i,nr_pasi-(k-1))` (note the subtraction uses `k-1` instead of `t-i`, which is a bug but reflects the actual code).

After all recursive calls finish, the program outputs the value stored in `max`, which is intended to be the maximum diamond value reachable within at most \(P\) moves. The algorithm explores all possible paths up to the move limit, updating the maximum value encountered along the way."
1323405532,8.93,cpp,GEOMETRIC_SCAN,DFS_RADIUS,NO,0.87890625,GREEDY_NEIGHBOR_WALK,0.049560546875,0.9296875,GREEDY_NEIGHBOR_WALK,0.0361328125,"The program reads the grid dimensions \(N\) and \(M\), the maximum number of moves \(P\), and the starting position \((L,C)\). The diamond values are stored in a 1‑indexed 2‑D array `diamante`. A global variable `max` keeps the highest value seen so far.

The core routine is the recursive function `sol(k,t,nr_pasi)`. It first updates `max` with the value at the current cell \((k,t)\). If no moves remain (`nr_pasi==0`) the recursion stops. Otherwise the function explores moves in the four cardinal directions. For each direction it iterates over all possible step lengths from 1 up to the remaining number of moves, bounded by the grid limits. For each chosen step length it calls itself recursively with the new coordinates and the remaining moves reduced by the number of steps just taken. Thus the routine explores every path that can be taken in at most \(P\) moves, where a single move may advance any number of cells in one direction (not just one cell). The recursion may revisit cells and does not prune already‑visited positions.

After the recursive search finishes, the program outputs the maximum diamond value found. The algorithm therefore performs a depth‑first search over all reachable positions within the move budget, updating the global maximum along the way."
1323418578,8.93,java,UNKNOWN,DFS_RADIUS,NO,0.388671875,DFS_RADIUS,0.267578125,0.96875,DP_RADIUS,0.0107421875,"The program reads the grid dimensions, the maximum number of moves, and the starting position, then stores the diamond values in a 1‑based 2‑D array. A boolean matrix of the same size is used to mark cells that have already been visited during a recursive search. 

The core routine `findMax` is a depth‑first search that explores up to the allowed number of moves. It returns the value of the current cell when no moves remain. For each of the four cardinal directions it first checks that the target cell lies inside the grid and that it has not been visited yet. If those conditions hold, it marks the cell as visited and recursively calls itself with one fewer move left, updating the maximum value found so far. The four recursive calls are made in the order: north, south, east (but mistakenly checks the west cell), and west (but mistakenly checks the east cell). The function finally returns the highest diamond value reachable within the move limit.

The main routine invokes this search starting from the initial coordinates and prints the maximum value returned. The algorithm therefore attempts a brute‑force exploration of all paths up to length P, using a visited flag to avoid revisiting cells within a single path, but due to the incorrect direction checks it may miss some valid moves."
1323421354,8.93,java,UNKNOWN,DFS_RADIUS,NO,0.419921875,DFS_RADIUS,0.2255859375,0.7890625,DP_RADIUS,0.064453125,"The program reads the grid dimensions \(N, M\), the maximum number of moves \(P\), and the starting position \((L, C)\). It stores the diamond values in a 1‑based array `grid` and creates a boolean matrix `visited` of the same size. The main solving routine calls `findMax`, a recursive depth‑first search that explores up to `movesLeft` steps from the current cell.

`findMax` works as follows: if no moves remain, it returns the value of the current cell. Otherwise it initializes `max` with the current cell’s value and then attempts to move in each of the four cardinal directions. For each direction it first checks that the target cell is inside the grid and that it has not been visited yet. If the check passes, it marks the target as visited, recursively calls itself with one fewer move, and updates `max` if the returned value is larger. After exploring all four directions, it returns the best value found.

The recursion uses the `visited` array to avoid revisiting cells during a single path, but it does not reset the visited marks when backtracking, so once a cell is visited it is permanently excluded from all subsequent paths. The result of the initial call to `findMax` is printed as the maximum diamond value reachable within at most \(P\) moves."
1323447222,30.36,cpp,GEOMETRIC_SCAN,BFS_RADIUS,NO,0.349609375,BFS_RADIUS,0.271484375,0.84765625,GREEDY_NEIGHBOR_WALK,0.0615234375,"The program reads the grid dimensions `n` and `m`, the maximum number of moves `no_move`, and the starting coordinates `initial`. It then reads the `n × m` matrix of diamond values into a 2‑D array `matrix`. 

A second 2‑D array `diamond` is used to keep, for each cell, the value of the diamond that the algorithm has “reached” there. The starting cell is initialized with its own value, and this value is pushed into a max‑heap priority queue `timp`. Two `std::set` containers, `future_pos` and `old_pos`, hold the coordinates that are to be processed in the next and current move, respectively. Initially the starting position is inserted into `future_pos`.

The main loop runs until `current_move` equals `no_move + 1`. If `old_pos` is non‑empty, the algorithm iterates over every position in `old_pos`. For each such position it examines its four orthogonal neighbours (north, south, east, west). If a neighbour’s value in `matrix` is strictly greater than the value stored in `diamond` for the current cell, the neighbour’s value is copied into `diamond` and pushed onto the priority queue. The neighbour’s coordinates are also inserted into `future_pos`. After all neighbours of a cell are processed, the cell is removed from `old_pos`. 

When `old_pos` becomes empty, the algorithm swaps `old_pos` and `future_pos` and increments `current_move`, thereby moving to the next step. This process repeats until the prescribed number of moves has been simulated. 

Finally, the program outputs the largest value that has ever been pushed onto the priority queue, which corresponds to the maximum diamond value that the algorithm has reached within the allowed number of moves. The implementation does not keep a visited set, so cells may be revisited and values may be re‑inserted into the queue, but the maximum value seen is still correctly reported."
1323447383,35.71,cpp,GEOMETRIC_SCAN,BFS_RADIUS,NO,0.3125,BFS_RADIUS,0.244140625,0.953125,GREEDY_NEIGHBOR_WALK,0.01544189453125,"The program reads the grid size `N × M`, the maximum number of moves `P`, and the starting position `(L, C)`. 
It stores the diamond values in a 2‑D array `matrix`. 
A second array `diamond` is used to remember the best value that has been “reached” at each cell; it is initially set only for the starting cell. 
A max‑heap `timp` keeps all values that have been assigned to `diamond`; the heap’s top will eventually hold the largest value that can be reached.

The search is performed in a breadth‑first‑style loop that runs for `P` steps. 
Two `set<pair<int,int>>` containers, `old_pos` and `future_pos`, hold the frontier of cells to be processed at the current and next step, respectively. 
Initially `old_pos` contains only the starting cell. 
During each iteration the program processes every cell in `old_pos`: for each of its four orthogonal neighbours that lie inside the grid, it checks whether the neighbour’s diamond value is larger than the value stored in `diamond` for the current cell. 
If so, it updates `diamond` for that neighbour to the neighbour’s matrix value and pushes that value onto the heap. 
Regardless of the comparison, the neighbour’s coordinates are inserted into `future_pos`. 
After all cells in `old_pos` have been handled, `old_pos` is cleared, `future_pos` becomes the new"
1323451749,3.57,cpp,UNKNOWN,GREEDY_NEIGHBOR_WALK,NO,0.396484375,GREEDY_NEIGHBOR_WALK,0.30859375,0.98046875,UNKNOWN,0.01397705078125,"The program reads the grid dimensions \(N\) and \(M\), the maximum number of moves \(P\), and the starting position \((L,C)\). It stores the diamond values in a 2‑D array `a`. A queue of coordinate pairs is used to keep track of the current position; the start cell is inserted (converted to 0‑based indices).

For each of the \(P\) allowed moves the program removes the front element of the queue, treats it as the current cell, and looks at its four orthogonal neighbours. It keeps the largest value among the current cell and any neighbour that has a strictly larger value. Whenever a neighbour with a larger value is found, that neighbour’s coordinates are pushed onto the queue. After examining the four directions the variable `suma` is set to the largest value found in this step, and the current cell is removed from the queue. Thus the queue always contains at most one element – the cell that will be considered in the next iteration.

After performing up to \(P\) iterations, the program outputs the value stored in `suma`. If no larger neighbour was ever found (so `suma` remains 0), it outputs the value of the starting cell instead. The algorithm therefore attempts to move the piece step by step, each time moving to a neighbour with a higher diamond value if such a neighbour exists, and finally reports the highest value reached within the allowed number of moves."
1323451826,5.36,cpp,UNKNOWN,BFS_RADIUS,NO,0.453125,GREEDY_NEIGHBOR_WALK,0.189453125,0.796875,GREEDY_NEIGHBOR_WALK,0.09521484375,"The program reads the grid dimensions \(N\) and \(M\), the maximum number of moves \(P\), and the starting coordinates \((L,C)\). It then reads the \(N\times M\) matrix of diamond values into a 2‑D array `a`. 

A queue of cell coordinates is used to simulate a breadth‑first traversal that is limited to exactly \(P\) iterations. The starting cell \((L-1,C-1)\) is pushed onto the queue and the variable `max_value` is initialized to the value of that cell. For each of the \(P\) iterations the program removes the front cell from the queue, examines its four orthogonal neighbours, and if a neighbour contains a value strictly larger than the current `max_value` it updates `max_value` and pushes that neighbour onto the queue. After checking all neighbours the program records the current `max_value` in `suma` and removes the processed cell from the queue. 

When the loop finishes, if no moves were made (`suma` remains 0) the program outputs the value of the starting cell; otherwise it outputs the largest value that was encountered during the limited traversal. The algorithm therefore reports the maximum diamond value reachable within at most \(P\) steps, but only considers a neighbour if it improves the current maximum, and it does not guard against out‑of‑bounds accesses."
1323456385,5.36,java,GREEDY_NEIGHBOR_WALK,DFS_RADIUS,NO,0.470703125,UNKNOWN,0.251953125,0.5078125,GREEDY_NEIGHBOR_WALK,0.2392578125,"The program reads the grid dimensions, the maximum number of moves \(P\), and the starting position \((L,C)\). It stores the diamond values in a 1‑indexed 2‑D array `board`. The variable `max` is initialized to the value of the starting cell.

A recursive routine `backtrack(step, l, c)` is then invoked with `step = 0` and the starting coordinates. The routine stops recursing when the number of performed steps equals `P`. For each of the four cardinal directions it checks whether the adjacent cell lies inside the grid (using the wrong bounds checks that compare row indices to `m` and column indices to `n`) and whether the value in that cell is strictly greater than the current `max`. If both conditions hold, `max` is updated to that cell’s value and the routine recurses one step deeper from that new position. No other moves are considered, and the routine never revisits a cell unless it offers a higher value.

After all recursive calls finish, the program prints the final value of `max`, which is intended to be the highest diamond value reachable within at most `P` moves."
1332753487,41.07,cpp,DP_RADIUS,BFS_RADIUS,NO,0.435546875,BFS_RADIUS,0.33984375,0.97265625,DP_RADIUS,0.0201416015625,"The program reads the grid dimensions \(N\) and \(M\), the maximum number of moves \(P\), and the starting position \((L,C)\). It then reads the \(N\times M\) matrix of diamond values into a 1‑based array `f`. 

A three‑dimensional boolean array `dp[k][i][j]` is allocated, where `k` ranges from \(0\) to \(P\) and `i,j` index the grid cells. `dp[0][L][C]` is set to true, indicating that the starting cell is reachable with zero moves. A variable `z` is used to keep the maximum diamond value seen so far; it is initially set to the value at the starting cell (though this assignment occurs before the grid is read, so it starts as zero).

For each step count `k` from 1 to `P`, the program iterates over every cell \((i,j)\). It marks `dp[k][i][j]` true if any of the four orthogonal neighbours \((i-1,j)\), \((i+1,j)\), \((i,j-1)\), \((i,j+1)\) were reachable in the previous step (`k-1`). Because the `dp` array is padded with an extra border of false values, out‑of‑bounds neighbour checks automatically fail. Whenever a cell becomes reachable at step `k`, the program updates `z` to the maximum of its current value and the diamond value stored in `f[i][j]`.

After processing all allowed steps, the program outputs `z`, which represents the highest diamond value that can be reached in at most `P` moves from the starting position. The algorithm essentially performs a breadth‑first expansion over the grid up to depth `P`, tracking reachability and maintaining the best value encountered."
1332753509,41.07,cpp,DP_RADIUS,BFS_RADIUS,NO,0.84765625,BFS_RADIUS,0.042236328125,0.96484375,DP_RADIUS,0.025634765625,"The program reads the grid dimensions \(N\) and \(M\), the maximum number of moves \(P\), and the starting position \((L,C)\). It then reads the \(N\times M\) matrix of diamond values into a 1‑based array `f`. 

A three‑dimensional boolean array `dp[k][i][j]` is allocated, where `k` ranges from \(0\) to \(P\) and `i,j` from \(1\) to \(N,M\). `dp[0][L][C]` is set to `true`, representing that the starting cell is reachable with zero moves. For each subsequent move count `k` (from 1 to `P`), the program iterates over every cell \((i,j)\) and sets `dp[k][i][j]` to `true` if any of the four orthogonal neighbours was reachable in the previous step (`dp[k-1][i-1][j]`, `dp[k-1][i+1][j]`, `dp[k-1][i][j-1]`, `dp[k-1][i][j+1]`). The array is padded with an extra border of false values, so out‑of‑bounds accesses simply yield `false`. 

Whenever a cell becomes reachable at step `k`, the program updates a running maximum `z` with the value of that cell. The initial value of `z` is set to the value at the starting position. After processing all steps up to `P`, `z` holds the largest diamond value that can be reached in at most `P` moves, and this value is printed. The algorithm therefore performs a breadth‑first‑style expansion of reachable cells up to depth `P`, tracking the maximum value encountered."
1332757017,14.29,cpp,DP_RADIUS,DFS_RADIUS,NO,0.470703125,DFS_RADIUS,0.1728515625,0.96875,DP_RADIUS,0.009521484375,"The program reads the grid dimensions \(N\) and \(M\), the maximum number of moves \(P\), and the starting position \((L,C)\). It then reads an \(N\times M\) matrix of integer diamond values, storing it in a 1‑based array `a`. 

The core of the solution is a recursive depth‑first search `dp_rec`. The routine receives the current coordinates, the remaining number of moves, and a reference to the current maximum value `mx`. It first checks that the coordinates are inside the grid and that at least one move remains; if either condition fails, the call returns immediately. Otherwise it compares the diamond value at the current cell with `mx` and updates `mx` if the current value is larger. Then it recursively explores the four orthogonal neighbours (north, west, east, south), each time decrementing the remaining move counter by one. Thus every path of length up to \(P\) starting from \((L,C)\) is traversed, and the largest diamond value encountered along any such path is stored in `mx`. 

After the recursive exploration finishes, the main function outputs the value of `mx`, which is the maximum diamond value reachable within at most \(P\) moves from the starting position. The algorithm has no memoisation or pruning, so it explores all possible paths up to depth \(P\), leading to exponential time complexity."
1332763749,16.07,cpp,GEOMETRIC_SCAN,DFS_RADIUS,NO,0.61328125,DFS_RADIUS,0.1748046875,0.9609375,DP_RADIUS,0.01373291015625,"The program reads the grid dimensions \(N\) and \(M\), the maximum number of moves \(P\), and the starting position \((L,C)\) (1‑based). It then reads the \(N\times M\) matrix of diamond values. While reading, it keeps track of the overall maximum value in the grid and its coordinates \((pozmax1,pozmax2)\).

After converting the start coordinates to 0‑based, the program checks whether the Manhattan distance from the start to the globally maximum cell is at most \(P\). If this is true, it immediately prints that maximum value and terminates. Otherwise it initializes a local variable `max` to the value at the starting cell and proceeds to explore the grid.

The exploration is performed by the recursive function `check`. It receives the current position \((pozl,pozc)\), the remaining number of moves `P`, a pointer to the current best value `max`, and the grid dimensions. At each call it updates `max` if the current cell’s value is larger. If no moves remain or the position is outside the grid bounds (checked by comparing to `N`, `M`, `-1`), the recursion stops. Otherwise it recursively calls itself for the four orthogonal neighbours, decrementing the remaining moves by one each time. This exhaustive depth‑first search visits every cell reachable within at most \(P\) steps, updating `max` whenever a higher value is found.

Finally, after the recursive search completes, the program outputs the value stored in `max`, which is the highest diamond value reachable within the allowed number of moves."
1333804278,8.93,cpp,GEOMETRIC_SCAN,DFS_RADIUS,NO,0.859375,UNKNOWN,0.0703125,0.91015625,GREEDY_NEIGHBOR_WALK,0.0311279296875,"The program reads the size of a rectangular grid (N rows, M columns), the maximum number of moves P, and the starting position (L, C). The grid values are stored in a 1‑indexed 2‑D vector `map`. An auxiliary 2‑D vector `used` of the same size keeps a counter for each cell, initially zero.

The core of the program is a recursive function `back_1`. It receives the current position, the remaining number of moves, and a reference to the current best value found (`max`). When the remaining moves reach zero, the value of the diamond at the current cell is compared with `max` and `max` is updated if larger. Otherwise, the function attempts to move north, south, east, or west, provided the move stays inside the grid and the `used` counter for the current cell is less than four. For each allowed direction it increments the `used` counter for the current cell and recurses with one fewer remaining move. The `used` counter is never decremented, so a cell can be entered at most four times during the entire search.

In `main`, after reading the input and initializing the data structures, the program calls `back_1` with the starting position and the full move budget. After the recursive search finishes, the maximum diamond value reachable within at most P moves is printed. The algorithm performs an exhaustive depth‑first exploration of all paths up to length P, limited by the per‑cell visit counter, and keeps track of the highest diamond value encountered."
1344595072,50.0,java,GEOMETRIC_SCAN,SORTED_MANHATTAN,NO,0.9765625,SORTED_MANHATTAN,0.020263671875,0.953125,GEOMETRIC_SCAN,0.025390625,"The program reads the grid dimensions \(N\) and \(M\), the maximum number of moves \(P\), and the starting position \((L,C)\). It then reads the \(N \times M\) matrix of diamond values into a 1‑based array. 

Next, it iterates over every cell of the grid and computes the Manhattan distance \(|L-i|+|C-j|\) to the starting cell. If this distance is at most \(P\), the value of that cell is added to an `ArrayList<Integer>` called `prices`. 

After collecting all reachable values, the list is sorted in ascending order. The program then outputs the last element of the sorted list, which is the maximum diamond value among all cells that can be reached within at most \(P\) moves. No other processing or optimization is performed."
1344635137,3.57,cpp,GEOMETRIC_SCAN,GREEDY_NEIGHBOR_WALK,NO,0.796875,UNKNOWN,0.07421875,0.53125,UNKNOWN,0.365234375,"The program reads the size of a rectangular board (`n` rows, `m` columns), the maximum number of moves `p`, and the starting position (`l`, `c`). It then reads an `n × m` grid of integer values representing diamond values. The starting indices are converted to 0‑based.

The core routine is a recursive function `get_max`. It keeps track of the highest diamond value seen so far (`m`) and the remaining number of moves (`p`). At each call, if no moves are left (`p == 0`) it simply returns the current maximum. Otherwise it attempts to move the piece one step in a fixed order: north (row‑1), west (col‑1), east (col+1), south (row+1). For each direction it first checks that the target cell is inside the board (using the board size `n` for both row and column bounds, which is a bug for the column check). If the move is legal, it recurses with the new position, the updated maximum (the larger of the current maximum and the value in the new cell), and one fewer remaining move. As soon as a legal move is found, the function returns the result of that recursive call; it does not explore alternative moves.

Thus the program follows a single deterministic path from the starting cell, always taking the first available direction in the order north → west → east → south, until either the move limit is reached or no further moves are possible. The value returned is the maximum diamond value encountered along that path, which is printed as the final answer."
1344637468,1.79,cpp,GREEDY_NEIGHBOR_WALK,GEOMETRIC_SCAN,NO,0.9609375,GEOMETRIC_SCAN,0.0225830078125,0.97265625,GREEDY_NEIGHBOR_WALK,0.0228271484375,"The program reads the grid dimensions \(N\) and \(M\), the maximum number of moves \(P\), and the starting position \((L,C)\). It then stores the diamond values in a 2‑D array `a`. After reading the input, it initializes `max` to the value at the starting cell and sets `posi` and `posj` to that position.

The core loop is a `while(i <= P)` that is intended to iterate up to \(P\) moves, but the loop contains an unconditional `break` after the first iteration. Inside the loop the code checks each of the four orthogonal neighbours of the current position \((L,C)\) (north, west, south, east) for bounds and whether the neighbour’s value is greater than the current `max`. If a larger value is found, it updates `posi`, `posj`, and `max` accordingly. After the checks, the `break` exits the loop immediately, so no further moves are considered. The subsequent lines that would update `L`, `C`, and increment `i` are never reached.

Finally, the program outputs the value stored in `max`, which is the maximum among the starting cell and its immediate neighbours. Thus the program effectively ignores the allowed number of moves \(P\) and simply reports the highest diamond value reachable in a single step from the initial position."
1344667416,1.79,cpp,GREEDY_NEIGHBOR_WALK,DFS_RADIUS,NO,0.462890625,GEOMETRIC_SCAN,0.193359375,0.3984375,GREEDY_NEIGHBOR_WALK,0.2734375,"The program reads the grid dimensions, the maximum number of moves \(P\), and the starting cell \((L,C)\). It stores the diamond values in a 1‑indexed 2‑D vector `F`. A global vector `solution` keeps the current path as a sequence of tuples \((row, col, value)\), and `max_frumix` records the highest value seen on that path.

The core of the program is a recursive function `back()`. It stops when the path length equals \(P+1\); at that point it simply outputs the current `max_frumix`. If the path is empty, it initializes it with the starting cell and its value. Otherwise, for each of the four cardinal directions it computes the coordinates of the neighboring cell. If the new coordinates are within the grid bounds (only upper bounds are checked) and the diamond value at that cell is strictly greater than the current `max_frumix`, the function updates `max_frumix`, pushes the new cell onto the path, recurses, and then backtracks by popping the cell. Thus the search explores only strictly increasing‑value paths of length up to \(P+1\).

The program prints the maximum diamond value that can be reached in at most \(P\) moves along such an increasing path. If \(P=0\) it simply outputs the value of the starting cell. The implementation does not consider revisiting cells, does not enforce lower‑bound checks, and ignores any path that does not strictly increase in value."
1344667444,5.36,cpp,GEOMETRIC_SCAN,DFS_RADIUS,NO,0.330078125,GREEDY_NEIGHBOR_WALK,0.291015625,0.95703125,GREEDY_NEIGHBOR_WALK,0.0198974609375,"The program reads the grid dimensions, the maximum number of moves \(P\), and the starting position \((L,C)\). It stores the diamond values in a 1‑based 2‑D vector `F`. A global vector `solution` keeps the current path as a sequence of tuples \((row, col, value)\), and `max_frumix` records the highest diamond value encountered along the current path.

The core routine is the recursive function `back()`. It stops when the path length reaches \(P+1\) (the starting cell plus \(P\) moves). At each recursive step it looks at the four orthogonal neighbours of the last cell in the current path. For each neighbour it checks that the new row and column are not larger than the grid limits (but it does not check the lower bound). If the neighbour’s value is strictly greater than the current `max_frumix`, the function updates `max_frumix`, pushes the neighbour onto `solution`, recurses, and then backtracks by popping the neighbour. Thus the search explores only strictly increasing‑value paths, pruning any branch that would not improve the current maximum.

After the recursive search finishes, the program outputs the value stored in `max_frumix`, which is the largest diamond value that can be reached by any path of at most \(P\) moves that strictly increases at each step. If \(P=0\), it simply outputs the value of the starting cell. The algorithm therefore performs a depth‑first search over a restricted state space defined by the increasing‑value constraint."
1344667888,12.5,cpp,GREEDY_NEIGHBOR_WALK,DFS_RADIUS,NO,0.37109375,DFS_RADIUS,0.2890625,0.98046875,GREEDY_NEIGHBOR_WALK,0.006591796875,"The program reads the size of a rectangular grid (N rows, M columns), the maximum number of moves P, and the starting position (L, C). It then reads the integer value of each cell into a 1‑based array `F`. A vector `domain` is filled with all cell coordinates and values, but this vector is never used later.

The core of the program is a depth‑first search implemented by the recursive function `back()`. It keeps a global vector `solution` that stores the current path as tuples of (row, column, cell value). The search starts by pushing the starting cell onto `solution` and setting `max_frumix` to its value. From any position the function tries to move in the four cardinal directions (north, west, south, east) using the arrays `line_moves` and `col_moves`. For each candidate move it checks only that the new row does not exceed N and the new column does not exceed M; it does **not** check that the indices stay above 1, so moves that would leave the grid on the top or left side are silently ignored. If the move is within bounds, the new cell is pushed onto `solution`, `back()` is called recursively, and then the cell is popped to backtrack.

When the length of `solution` reaches `P+1` (i.e., the starting cell plus P moves), the function compares the value of the last cell in the path with the current maximum `max_frumix`. If it is larger, `max_frumix` is updated. The recursion then unwinds. After all recursive calls finish, the main function outputs `max_frumix`, which is the highest diamond value reachable in at most P moves from the starting position. If P is zero, the program simply outputs the value of the starting cell."
1344668157,14.29,cpp,UNKNOWN,DFS_RADIUS,NO,0.48828125,GEOMETRIC_SCAN,0.23046875,0.94921875,UNKNOWN,0.015380859375,"The program reads the grid dimensions \(N\) and \(M\), the maximum number of moves \(P\), and the starting position \((L,C)\). It then reads the \(N\times M\) matrix of diamond values into a 1‑based array `F`. While reading, it also pushes every cell’s coordinates and value into a vector `domain`, although this vector is never used later.

The core of the algorithm is a recursive depth‑first search implemented in `back`. A global vector `solution` keeps the current path as a stack of tuples \((row, col, value)\). The recursion stops when the path length reaches \(P+1\) (the starting cell plus \(P\) moves). At each recursive step the function examines the four cardinal directions (north, west, south, east) using the `line_moves` and `col_moves` arrays. For each direction it computes the new coordinates and, if the new row is ≤ N and the new column is ≤ M (note that lower bounds are not checked), it retrieves the diamond value at that cell. If this value exceeds the current global maximum `max_frumix`, the maximum is updated. The new cell is then pushed onto `solution`, the function recurses, and after returning the cell is popped, restoring the previous state.

The search explores all possible sequences of up to \(P\) moves, allowing revisits of cells and potentially stepping outside the grid on the lower side because those bounds are not enforced. After the recursion finishes, the program outputs the largest diamond value found during the exploration. If \(P=0\), it simply outputs the value at the starting cell."
1378112393,5.36,java,GEOMETRIC_SCAN,DFS_RADIUS,NO,0.94921875,UNKNOWN,0.017333984375,0.9296875,DP_RADIUS,0.0218505859375,"The program reads the grid dimensions `N` and `M`, the maximum number of moves `P`, and the starting position `(L, C)` (1‑based). It then reads the `N×M` matrix of diamond values. The core routine `findmaxpotentialvalue` is a recursive depth‑first search that attempts to explore all paths of length up to `P` starting from the given cell. For each recursive call it first checks whether the remaining move count is zero; if so it records the value of the current cell in a global variable `globalmax` if it is larger than the current maximum. Otherwise, for each of the four cardinal directions it checks whether moving one step in that direction stays inside the grid. If the move is valid, it updates `globalmax` with the value of the destination cell and then recursively calls itself with the destination coordinates and `mutarimax‑1`. The recursion always passes the same `liniestart` and `colstart` values for the next call, which is a bug, but the description reflects the code as written. After the recursive exploration finishes, the main method prints the value stored in `globalmax`, which is intended to be the maximum diamond value reachable within at most `P` moves."
1378120748,50.0,java,BFS_RADIUS,DFS_RADIUS,NO,0.79296875,DFS_RADIUS,0.08349609375,0.9765625,DP_RADIUS,0.00958251953125,"The program reads the grid dimensions \(N\) and \(M\), the maximum number of moves \(P\), and the starting position \((L,C)\). It then stores the diamond values in a 1‑based array `arr`. 

A depth‑first search is performed using a `LinkedList` as a stack. The starting square is pushed onto the stack and a `visited` matrix prevents revisiting cells. In each iteration the top square is popped, marked visited, and its Manhattan distance from the start is checked. If that distance is at most \(P\), the diamond value at that square is compared with the current best value and the best is updated if larger. The four orthogonal neighbours (north, south, east, west) that lie inside the grid and have not yet been visited are then pushed onto the stack. Squares whose distance exceeds \(P\) are ignored and not expanded further. 

When the stack becomes empty, all reachable squares within the allowed number of moves have been examined, and the program outputs the maximum diamond value found."
1378121757,8.93,java,GEOMETRIC_SCAN,GREEDY_NEIGHBOR_WALK,NO,0.98828125,GREEDY_NEIGHBOR_WALK,0.00665283203125,0.6640625,GEOMETRIC_SCAN,0.314453125,"The program reads the grid dimensions \(N\) and \(M\), the maximum number of moves \(P\), and the starting position \((L,C)\). It then stores the \(N \times M\) diamond values in a 2‑dimensional array. 

For each of the four cardinal directions (north, east, south, west) it simulates a straight‑line walk beginning at the starting cell. It keeps a running maximum of the diamond value seen along that walk, including the starting cell. At each step it moves one cell in the chosen direction, stops if the move would leave the grid, or stops after \(P\) steps. The maximum value encountered on that line is compared with a global maximum, which is updated if larger. 

After processing all four directions, the program prints the global maximum value found. Thus the output is the highest diamond value that can be reached from the start by moving at most \(P\) steps in a single straight line."
1378149143,14.29,cpp,GEOMETRIC_SCAN,UNKNOWN,NO,0.421875,UNKNOWN,0.19921875,0.447265625,DFS_RADIUS,0.349609375,"The program reads the size of a rectangular grid (N rows, M columns), the maximum number of moves P, and the starting position (L, C). It then reads the integer value of each cell into a 1‑based array `a`. The variable `mx` is initialized to the value of the starting cell.

A vector `mutari` holds the four cardinal direction offsets: north, south, east, and west. The core of the algorithm is a recursive back‑tracking routine `bkt`. It receives the current depth `k` (number of moves already taken), the current coordinates `(l, c)`, the coordinates of the previous cell `(pl, pc)`, the direction list, and a reference to `mx`. For each of the four directions it computes the next cell `(x, y)`. It skips the move if it would return immediately to the previous cell (to avoid trivial back‑tracking) and if the new coordinates are outside the grid (the check only ensures `x ≤ n` and `y ≤ m`, but does not guard against values less than 1). If the move is valid, it updates `mx` if the cell’s value is larger. If the current depth `k` is still less than `P`, the routine recurses with `k+1`, the new position, and the current position as the new “previous” cell.

The initial call to `bkt` is made with `k = 1`, the starting coordinates as both current and previous, and the current maximum. After the recursion finishes, the program outputs the maximum value found. Thus the program explores all paths of length up to P (with a simple back‑tracking rule that forbids an immediate reversal) and reports the highest diamond value reachable within that limit."
1391802299,14.29,cpp,UNKNOWN,DFS_RADIUS,NO,0.28125,DFS_RADIUS,0.2197265625,0.90234375,UNKNOWN,0.044921875,"The program reads the grid dimensions `N` and `M`, the maximum number of moves `P`, and the starting position `(L, C)` (1‑based). It then reads the `N×M` matrix of diamond values into a 2‑dimensional vector `mat`. After converting the indices to 0‑based, it calls the recursive function `test` with a dummy previous position `(-2, -2)`, the current coordinates `(l, c)`, and the remaining number of steps `p`.

`test` is a depth‑first search that explores all possible walks of at most `P` steps. It first checks whether the current coordinates are outside the grid; if so it returns a very negative sentinel value. If no steps remain, it simply returns the value of the diamond at the current cell. Otherwise it initializes a local maximum `a` to the sentinel and recursively calls itself for each of the four cardinal moves (north, south, east, west). The recursive calls are guarded by a peculiar condition that attempts to prevent moving back to the cell from which it just came, but the condition is incorrect and does not reliably enforce this. After exploring the four directions, the function returns the larger of the best value found in the recursive calls and the value of the current cell itself. Thus the recursion returns the maximum diamond value that can be reached in at most `P` moves from the starting position.

Finally, the main function prints the value returned by `test`, which is the maximum diamond value reachable within the allowed number of moves. The algorithm is exponential in `P` and does not use any memoisation or pruning beyond the simple bounds check."
1391825349,23.21,cpp,DP_RADIUS,BFS_RADIUS,NO,0.94921875,GEOMETRIC_SCAN,0.011962890625,0.890625,DP_RADIUS,0.0830078125,"The program reads the grid dimensions \(N\) and \(M\), the maximum number of moves \(P\), and the starting position \((L,C)\). It then stores the diamond values in a 1‑indexed matrix `mat`. 

A three‑dimensional boolean array `dp[step][i][j]` records whether the piece can be at cell \((i,j)\) after exactly `step` moves. Initially only the starting cell is reachable (`dp[0][L][C] = true`). For each step from 1 to \(P\) the program scans every cell; if that cell was reachable in the previous step, it marks all four orthogonal neighbours (north, south, east, west) as reachable in the current step, provided the neighbour lies inside the grid. This is a straightforward breadth‑first expansion over a fixed number of steps.

After processing all \(P\) steps, the program iterates over all cells and, for those marked reachable at step \(P\), keeps the maximum diamond value found. This maximum is printed as the result. The algorithm therefore finds the highest‑valued diamond that can be reached in exactly \(P\) moves from the starting position."
1391839565,1.79,java,GEOMETRIC_SCAN,UNKNOWN,NO,0.384765625,UNKNOWN,0.384765625,0.8125,GREEDY_NEIGHBOR_WALK,0.058837890625,"The program reads the grid dimensions \(N\) and \(M\), the maximum number of moves \(P\), and the starting position \((L,C)\). It stores the diamond values in a one‑based 2‑D array `matrix`. The main routine calls a recursive function `bt` with the current number of moves left, the current column `c`, the current row `l`, and the best diamond value seen so far (initially the value at the starting cell).

The recursive routine works as follows. If no moves are left it simply returns the best value found. If exactly one move remains, it examines the four orthogonal neighbours of the current cell (checking bounds) and updates the best value with the maximum of the current best and any neighbour that is larger. If more than one move remains, the function calls itself four times with the same coordinates and one fewer move, but it does **not** change the coordinates in these calls. Thus the search explores all possible sequences of moves in terms of depth, but the position never changes except when the final step is evaluated. The result of the recursive calls is combined by taking the maximum with the current best value.

Finally, the program prints the value returned by `bt`, which is the maximum diamond value that could be reached in at most \(P\) moves according to the logic described above."
1391856174,1.79,java,GREEDY_NEIGHBOR_WALK,GEOMETRIC_SCAN,NO,0.9453125,GEOMETRIC_SCAN,0.028564453125,0.890625,GREEDY_NEIGHBOR_WALK,0.056884765625,"The program reads the grid dimensions, the maximum number of moves P, and the starting position (L, C). It stores the diamond values in a 1‑based 2‑dimensional array `m`. The variable `curr` is initialized to the value of the starting cell.

The main loop runs `P` times. In each iteration it examines the four orthogonal neighbours of the current position (north, south, west, east) by adding the corresponding offsets to `L` and `C`. For each neighbour it reads the diamond value `newCurr` from the array and, if this value is larger than the current best `curr`, it updates `curr`. The position variables `L` and `C` are never changed, so the loop simply keeps re‑checking the same four cells. After the loop, the program prints the final value of `curr`.

Thus the algorithm outputs the maximum diamond value among the starting cell and its immediate neighbours, regardless of the number of allowed moves."
1391856329,1.79,java,GREEDY_NEIGHBOR_WALK,GEOMETRIC_SCAN,NO,0.9453125,GEOMETRIC_SCAN,0.03662109375,0.97265625,GREEDY_NEIGHBOR_WALK,0.0157470703125,"The program reads the size of a rectangular grid (N rows, M columns), a maximum number of moves P, and the starting position (L, C). It then reads the integer value of each cell into a 1‑based array `m`. 

The algorithm keeps a single variable `curr` initialized to the value of the starting cell. It then performs a loop that repeats `P` times. In each iteration it examines the four orthogonal neighbours of the current position (north, south, east, west). For every neighbour that lies inside the grid it compares its value with `curr` and, if larger, updates `curr`. The position `(L, C)` is never changed during the loop; only the maximum value seen so far is updated. After the loop terminates, the program outputs the value stored in `curr`.

Thus the program effectively reports the maximum value among the starting cell and its immediate orthogonal neighbours, regardless of the number of allowed moves."
1392034696,14.29,cpp,UNKNOWN,DFS_RADIUS,NO,0.2333984375,GEOMETRIC_SCAN,0.2060546875,0.90234375,GREEDY_NEIGHBOR_WALK,0.03955078125,"The program reads the grid dimensions \(N\) and \(M\), the maximum number of moves \(P\), and the starting position \((L,C)\). It stores the diamond values in a 1‑indexed 2‑D vector `matrix`. If no moves are allowed (\(P=0\)), it simply prints the value at the starting cell.

For \(P>0\) the program creates a vector `dp` of length \(P\) initialized to zero, with `dp[0]` set to the value of the starting cell. It then calls a recursive function `back` that explores all possible walks up to \(P\) steps. The function receives the current step count, the current coordinates, and the matrix. At each call, if the step count equals \(P\) it stops. Otherwise it iterates over the four cardinal directions. For each valid neighbour inside the grid, it updates `dp[step]` to be the maximum of its current value and the diamond value at that neighbour, and then recurses with `step+1` and the neighbour’s coordinates. Thus `dp[s]` ends up holding the highest diamond value that can be reached exactly after \(s\) moves from the start.

After the recursion finishes, the program outputs the maximum value found in the `dp` array, which corresponds to the largest diamond value reachable in at most \(P\) moves. The algorithm performs an exhaustive depth‑first search of all paths up to length \(P\), recording the best value seen at each depth."
