submission_id,user_id,attempt_number,score,result,language,file,cluster,centroid_similarity,selection_role,function,algorithm,implementation_type,confidence,notes
1314235802,user_0056,1,50.0,Accepted,cpp,1314235802.cpp,0,0.951438307762146,round2_farthest_first,Check whether the directed graph has a unique topological ordering,DFS-based topological sort + uniqueness check,Recursive DFS + postorder finishing sequence + map-based adjacency representation + consecutive-edge uniqueness check,high,"Performs recursive DFS from every vertex and stores each vertex in T after all of its outgoing neighbours have been visited, producing the reverse of a topological ordering. It then checks whether every consecutive pair in the resulting topological order has a direct edge. If any such edge is missing, the topological ordering is not unique. The graph is represented using map<int, bool> adjacency containers."
1323431344,user_0031,1,50.0,Accepted,cpp,1323431344.cpp,0,0.9236650466918944,round2_farthest_first,Check whether the directed graph has a unique topological ordering,DFS-based topological sort + uniqueness check,Recursive DFS with discovery/finish timestamps + sorting vertices by decreasing finish time + adjacency-list consecutive-edge uniqueness check,high,"Runs recursive DFS and records discovery and finish times for each vertex. After DFS, vertices are sorted in decreasing order of finish time to obtain a topological ordering. The code then checks whether every consecutive pair in that ordering is connected by a direct edge. If a consecutive edge is missing, it outputs 0; otherwise it outputs 1. This is a DFS-based topological sort with a uniqueness check."
1344573200,user_0024,1,50.0,Accepted,cpp,1344573200.cpp,0,0.956409215927124,round2_farthest_first,Check whether the directed graph has a unique topological ordering,Kahn's algorithm for topological sorting + uniqueness check,Adjacency list + indegree counts stored in an unordered_map + FIFO queue of zero-indegree vertices + branching-based uniqueness check,high,"Uses Kahn's indegree-based topological sorting. It computes incoming-edge counts, initializes a FIFO queue with zero-indegree vertices, repeatedly removes a vertex and decreases the indegrees of its neighbours, and enqueues neighbours when their indegree becomes zero. It attempts to detect non-unique topological orderings by checking for multiple initially available vertices and multiple newly available children."
1314186184,user_0023,1,50.0,Accepted,cpp,1314186184.cpp,0,0.9565935134887696,round2_farthest_first,Check whether the directed graph has a unique topological ordering,DFS-based topological sort + uniqueness check,Recursive DFS + postorder vector (reverse topological order) + adjacency-list consecutive-edge uniqueness check,high,"Performs recursive DFS from every unvisited vertex and appends each vertex to a vector after visiting all of its outgoing neighbours, producing a reverse topological order. It then checks whether every consecutive pair in the corresponding topological ordering has a direct edge. If such an edge is missing, it returns 0; otherwise it returns 1."
1391186585,user_0020,1,50.0,Accepted,cpp,1391186585.cpp,0,0.9687094688415528,round2_farthest_first,Check whether the directed graph has a unique topological ordering,Kahn's algorithm for topological sorting + uniqueness check,Adjacency list + indegree array + FIFO queue of zero-indegree vertices + queue-size uniqueness check,high,"Uses Kahn's indegree-based topological sorting. All zero-indegree vertices are inserted into a FIFO queue. At each step, the algorithm requires the queue to contain exactly one available vertex; if more than one zero-indegree vertex is available, the topological ordering is not unique. It then removes the unique vertex, decreases the indegrees of its neighbours, and enqueues newly zero-indegree vertices. The final processed_nodes == N check also ensures that all vertices were processed and no cycle prevented a complete topological ordering."
1378139766,user_0039,1,50.0,Accepted,cpp,1378139766.cpp,0,0.9606629014015198,round2_farthest_first,Check whether the directed graph has a unique topological ordering,DFS-based topological sort + uniqueness check,Recursive DFS + postorder vector used as a stack + consecutive-edge uniqueness check,high,"Performs recursive DFS from every unvisited vertex and appends each vertex to sol after all of its outgoing neighbours have been visited, producing a reverse topological order. It then repeatedly removes vertices from the back of sol to traverse the topological order and checks whether every consecutive pair has a direct edge. If any consecutive edge is missing, it outputs 0; otherwise it outputs 1."
1378138561,user_0040,1,50.0,Accepted,java,1378138561.java,1,0.94509357213974,round2_farthest_first,Check whether the directed graph has a unique topological ordering,Kahn's algorithm for topological sorting + uniqueness check,Adjacency list + indegree array + FIFO queue + queue-size uniqueness check,high,"Computes the indegree of every vertex, inserts all zero-indegree vertices into a FIFO queue, and repeatedly removes one vertex while decreasing the indegrees of its neighbours. If at any step the queue contains more than one zero-indegree vertex, there is more than one possible topological ordering, so the code returns 0. Otherwise it continues until the queue becomes empty and returns 1."
1333788831,user_0017,1,50.0,Accepted,java,1333788831.java,1,0.9848366379737854,round2_farthest_first,Check whether the directed graph has a unique topological ordering,Kahn's algorithm for topological sorting + uniqueness check,Indegree array + FIFO queue + queue-size uniqueness check; adjacency list stores both directions of each input edge,high,"The intended algorithm is Kahn's indegree-based topological sorting. It computes indegrees, initializes a FIFO queue with zero-indegree vertices, repeatedly removes the unique available vertex, decreases neighbour indegrees, and returns 0 whenever more than one zero-indegree vertex becomes available.

However, the graph construction is unusual/inconsistent: for an input edge x -> y, the code stores both adj[x].add(y) and adj[y].add(x), while only incrementing inDegree[y]. Thus the adjacency representation is effectively bidirectional although the indegree information remains directed. Despite this implementation issue, the intended algorithm is clearly Kahn's algorithm with a uniqueness check."
