problem,submission_id,test_index,test_case_local,test_case_official,official_status,official_message,exact_time_limit_seconds,attempt1_status,attempt1_runtime_seconds,attempt1_returncode,attempt2_status,attempt2_runtime_seconds,attempt2_returncode,grace_status,grace_runtime_seconds,grace_returncode,grace_time_limit_seconds,final_local_status,final_local_coarse,relation,validation_ok,retry_used,environment_grace,unstable,review_required,review_reason,actual_preview,expected_preview,stderr_preview,source_path,reuse_from
gigel-si-sosetele,1323450352,0,0,0,passed,,3.0,passed,0.106042,0,,,,,,,,passed,passed,MATCH,True,False,False,False,False,,"2
","2
",,D:\Hint-generation\hackerrank_scraper\data\execution_sources\gigel-si-sosetele\1323450352.java,D:\Hint-generation\HackerRank\04_FULL_FINAL_VALIDATION\details\gigel-si-sosetele\1323450352.csv
gigel-si-sosetele,1323450352,1,1,1,passed,,3.0,passed,0.106687,0,,,,,,,,passed,passed,MATCH,True,False,False,False,False,,"5
","5
",,D:\Hint-generation\hackerrank_scraper\data\execution_sources\gigel-si-sosetele\1323450352.java,D:\Hint-generation\HackerRank\04_FULL_FINAL_VALIDATION\details\gigel-si-sosetele\1323450352.csv
gigel-si-sosetele,1323450352,2,2,2,passed,,3.0,passed,0.115103,0,,,,,,,,passed,passed,MATCH,True,False,False,False,False,,"0
","0
",,D:\Hint-generation\hackerrank_scraper\data\execution_sources\gigel-si-sosetele\1323450352.java,D:\Hint-generation\HackerRank\04_FULL_FINAL_VALIDATION\details\gigel-si-sosetele\1323450352.csv
gigel-si-sosetele,1323450352,3,3,3,failed,,3.0,runtime_error,0.107156,1,,,,,,,,runtime_error,failed,MATCH,True,False,False,False,False,,,"10
","Exception in thread ""main"" java.lang.StringIndexOutOfBoundsException: Index 10 out of bounds for length 10
	at java.base/jdk.internal.util.Preconditions$1.apply(Preconditions.java:55)
	at java.base/jdk.internal.util.Preconditions$1.apply(Preconditions.java:52)
	at java.base/jdk.internal.util.Preconditions$4.apply(Preconditions.java:213)
	at java.base/jdk.internal.util.Preconditions$4.apply(Preconditions.java:210)
	at java.base/jdk.internal.util.Preconditions.outOfBounds(Preconditions.java:98)
	a",D:\Hint-generation\hackerrank_scraper\data\execution_sources\gigel-si-sosetele\1323450352.java,D:\Hint-generation\HackerRank\04_FULL_FINAL_VALIDATION\details\gigel-si-sosetele\1323450352.csv
gigel-si-sosetele,1323450352,4,4,4,passed,,3.0,passed,0.154118,0,,,,,,,,passed,passed,MATCH,True,False,False,False,False,,"90700
","90700
",,D:\Hint-generation\hackerrank_scraper\data\execution_sources\gigel-si-sosetele\1323450352.java,D:\Hint-generation\HackerRank\04_FULL_FINAL_VALIDATION\details\gigel-si-sosetele\1323450352.csv
gigel-si-sosetele,1323450352,5,5,5,passed,,3.0,passed,0.136946,0,,,,,,,,passed,passed,MATCH,True,False,False,False,False,,"63334
","63334
",,D:\Hint-generation\hackerrank_scraper\data\execution_sources\gigel-si-sosetele\1323450352.java,D:\Hint-generation\HackerRank\04_FULL_FINAL_VALIDATION\details\gigel-si-sosetele\1323450352.csv
gigel-si-sosetele,1323450352,6,6,6,failed,,3.0,wrong_answer,0.118618,0,,,,,,,,wrong_answer,failed,MATCH,True,False,False,False,False,,"185724
","194719
",,D:\Hint-generation\hackerrank_scraper\data\execution_sources\gigel-si-sosetele\1323450352.java,D:\Hint-generation\HackerRank\04_FULL_FINAL_VALIDATION\details\gigel-si-sosetele\1323450352.csv
gigel-si-sosetele,1323450352,7,7,7,passed,,3.0,passed,0.125944,0,,,,,,,,passed,passed,MATCH,True,False,False,False,False,,"70344
","70344
",,D:\Hint-generation\hackerrank_scraper\data\execution_sources\gigel-si-sosetele\1323450352.java,D:\Hint-generation\HackerRank\04_FULL_FINAL_VALIDATION\details\gigel-si-sosetele\1323450352.csv
gigel-si-sosetele,1323450352,8,8,8,passed,,3.0,passed,0.128119,0,,,,,,,,passed,passed,MATCH,True,False,False,False,False,,"85677
","85677
",,D:\Hint-generation\hackerrank_scraper\data\execution_sources\gigel-si-sosetele\1323450352.java,D:\Hint-generation\HackerRank\04_FULL_FINAL_VALIDATION\details\gigel-si-sosetele\1323450352.csv
gigel-si-sosetele,1323450352,9,9,9,passed,,3.0,passed,0.114241,0,,,,,,,,passed,passed,MATCH,True,False,False,False,False,,"89628
","89628
",,D:\Hint-generation\hackerrank_scraper\data\execution_sources\gigel-si-sosetele\1323450352.java,D:\Hint-generation\HackerRank\04_FULL_FINAL_VALIDATION\details\gigel-si-sosetele\1323450352.csv
gigel-si-sosetele,1323450352,10,10,10,passed,,3.0,passed,0.126990,0,,,,,,,,passed,passed,MATCH,True,False,False,False,False,,"75249
","75249
",,D:\Hint-generation\hackerrank_scraper\data\execution_sources\gigel-si-sosetele\1323450352.java,D:\Hint-generation\HackerRank\04_FULL_FINAL_VALIDATION\details\gigel-si-sosetele\1323450352.csv
gigel-si-sosetele,1323450352,11,11,11,passed,,3.0,passed,0.129237,0,,,,,,,,passed,passed,MATCH,True,False,False,False,False,,"92752
","92752
",,D:\Hint-generation\hackerrank_scraper\data\execution_sources\gigel-si-sosetele\1323450352.java,D:\Hint-generation\HackerRank\04_FULL_FINAL_VALIDATION\details\gigel-si-sosetele\1323450352.csv
gigel-si-sosetele,1323450352,12,12,12,passed,,3.0,passed,0.158263,0,,,,,,,,passed,passed,MATCH,True,False,False,False,False,,"93552
","93552
",,D:\Hint-generation\hackerrank_scraper\data\execution_sources\gigel-si-sosetele\1323450352.java,D:\Hint-generation\HackerRank\04_FULL_FINAL_VALIDATION\details\gigel-si-sosetele\1323450352.csv
gigel-si-sosetele,1323450352,13,13,13,passed,,3.0,passed,0.159446,0,,,,,,,,passed,passed,MATCH,True,False,False,False,False,,"65710
","65710
",,D:\Hint-generation\hackerrank_scraper\data\execution_sources\gigel-si-sosetele\1323450352.java,D:\Hint-generation\HackerRank\04_FULL_FINAL_VALIDATION\details\gigel-si-sosetele\1323450352.csv
gigel-si-sosetele,1323450352,14,14,14,passed,,3.0,passed,0.166844,0,,,,,,,,passed,passed,MATCH,True,False,False,False,False,,"157323
","157323
",,D:\Hint-generation\hackerrank_scraper\data\execution_sources\gigel-si-sosetele\1323450352.java,D:\Hint-generation\HackerRank\04_FULL_FINAL_VALIDATION\details\gigel-si-sosetele\1323450352.csv
gigel-si-sosetele,1323450352,15,15,15,passed,,3.0,passed,0.148119,0,,,,,,,,passed,passed,MATCH,True,False,False,False,False,,"33561
","33561
",,D:\Hint-generation\hackerrank_scraper\data\execution_sources\gigel-si-sosetele\1323450352.java,D:\Hint-generation\HackerRank\04_FULL_FINAL_VALIDATION\details\gigel-si-sosetele\1323450352.csv
gigel-si-sosetele,1323450352,16,16,16,passed,,3.0,passed,0.149948,0,,,,,,,,passed,passed,MATCH,True,False,False,False,False,,"69726
","69726
",,D:\Hint-generation\hackerrank_scraper\data\execution_sources\gigel-si-sosetele\1323450352.java,D:\Hint-generation\HackerRank\04_FULL_FINAL_VALIDATION\details\gigel-si-sosetele\1323450352.csv
gigel-si-sosetele,1323450352,17,17,17,passed,,3.0,passed,0.149290,0,,,,,,,,passed,passed,MATCH,True,False,False,False,False,,"114160
","114160
",,D:\Hint-generation\hackerrank_scraper\data\execution_sources\gigel-si-sosetele\1323450352.java,D:\Hint-generation\HackerRank\04_FULL_FINAL_VALIDATION\details\gigel-si-sosetele\1323450352.csv
gigel-si-sosetele,1323450352,18,18,18,passed,,3.0,passed,0.131909,0,,,,,,,,passed,passed,MATCH,True,False,False,False,False,,"107284
","107284
",,D:\Hint-generation\hackerrank_scraper\data\execution_sources\gigel-si-sosetele\1323450352.java,D:\Hint-generation\HackerRank\04_FULL_FINAL_VALIDATION\details\gigel-si-sosetele\1323450352.csv
gigel-si-sosetele,1323450352,19,19,19,passed,,3.0,passed,0.113075,0,,,,,,,,passed,passed,MATCH,True,False,False,False,False,,"29693
","29693
",,D:\Hint-generation\hackerrank_scraper\data\execution_sources\gigel-si-sosetele\1323450352.java,D:\Hint-generation\HackerRank\04_FULL_FINAL_VALIDATION\details\gigel-si-sosetele\1323450352.csv
gigel-si-sosetele,1323450352,20,20,20,passed,,3.0,passed,0.131660,0,,,,,,,,passed,passed,MATCH,True,False,False,False,False,,"98905
","98905
",,D:\Hint-generation\hackerrank_scraper\data\execution_sources\gigel-si-sosetele\1323450352.java,D:\Hint-generation\HackerRank\04_FULL_FINAL_VALIDATION\details\gigel-si-sosetele\1323450352.csv
gigel-si-sosetele,1323450352,21,21,21,failed,,3.0,wrong_answer,0.145692,0,,,,,,,,wrong_answer,failed,MATCH,True,False,False,False,False,,"94621
","104112
",,D:\Hint-generation\hackerrank_scraper\data\execution_sources\gigel-si-sosetele\1323450352.java,D:\Hint-generation\HackerRank\04_FULL_FINAL_VALIDATION\details\gigel-si-sosetele\1323450352.csv
gigel-si-sosetele,1323450352,22,22,22,passed,,3.0,passed,0.175096,0,,,,,,,,passed,passed,MATCH,True,False,False,False,False,,"85480
","85480
",,D:\Hint-generation\hackerrank_scraper\data\execution_sources\gigel-si-sosetele\1323450352.java,D:\Hint-generation\HackerRank\04_FULL_FINAL_VALIDATION\details\gigel-si-sosetele\1323450352.csv
gigel-si-sosetele,1323450352,23,23,23,passed,,3.0,passed,0.139656,0,,,,,,,,passed,passed,MATCH,True,False,False,False,False,,"16509
","16509
",,D:\Hint-generation\hackerrank_scraper\data\execution_sources\gigel-si-sosetele\1323450352.java,D:\Hint-generation\HackerRank\04_FULL_FINAL_VALIDATION\details\gigel-si-sosetele\1323450352.csv
gigel-si-sosetele,1323450352,24,24,24,passed,,3.0,passed,0.173656,0,,,,,,,,passed,passed,MATCH,True,False,False,False,False,,"75332
","75332
",,D:\Hint-generation\hackerrank_scraper\data\execution_sources\gigel-si-sosetele\1323450352.java,D:\Hint-generation\HackerRank\04_FULL_FINAL_VALIDATION\details\gigel-si-sosetele\1323450352.csv
gigel-si-sosetele,1323450352,25,25,25,passed,,3.0,passed,0.149041,0,,,,,,,,passed,passed,MATCH,True,False,False,False,False,,"141790
","141790
",,D:\Hint-generation\hackerrank_scraper\data\execution_sources\gigel-si-sosetele\1323450352.java,D:\Hint-generation\HackerRank\04_FULL_FINAL_VALIDATION\details\gigel-si-sosetele\1323450352.csv
gigel-si-sosetele,1323450352,26,26,26,passed,,3.0,passed,0.164970,0,,,,,,,,passed,passed,MATCH,True,False,False,False,False,,"78596
","78596
",,D:\Hint-generation\hackerrank_scraper\data\execution_sources\gigel-si-sosetele\1323450352.java,D:\Hint-generation\HackerRank\04_FULL_FINAL_VALIDATION\details\gigel-si-sosetele\1323450352.csv
gigel-si-sosetele,1323450352,27,27,27,passed,,3.0,passed,0.154822,0,,,,,,,,passed,passed,MATCH,True,False,False,False,False,,"56702
","56702
",,D:\Hint-generation\hackerrank_scraper\data\execution_sources\gigel-si-sosetele\1323450352.java,D:\Hint-generation\HackerRank\04_FULL_FINAL_VALIDATION\details\gigel-si-sosetele\1323450352.csv
gigel-si-sosetele,1323450352,28,28,28,passed,,3.0,passed,0.130427,0,,,,,,,,passed,passed,MATCH,True,False,False,False,False,,"72515
","72515
",,D:\Hint-generation\hackerrank_scraper\data\execution_sources\gigel-si-sosetele\1323450352.java,D:\Hint-generation\HackerRank\04_FULL_FINAL_VALIDATION\details\gigel-si-sosetele\1323450352.csv
gigel-si-sosetele,1323450352,29,29,29,passed,,3.0,passed,0.141857,0,,,,,,,,passed,passed,MATCH,True,False,False,False,False,,"21273
","21273
",,D:\Hint-generation\hackerrank_scraper\data\execution_sources\gigel-si-sosetele\1323450352.java,D:\Hint-generation\HackerRank\04_FULL_FINAL_VALIDATION\details\gigel-si-sosetele\1323450352.csv
gigel-si-sosetele,1323450352,30,30,30,passed,,3.0,passed,0.144185,0,,,,,,,,passed,passed,MATCH,True,False,False,False,False,,"50292
","50292
",,D:\Hint-generation\hackerrank_scraper\data\execution_sources\gigel-si-sosetele\1323450352.java,D:\Hint-generation\HackerRank\04_FULL_FINAL_VALIDATION\details\gigel-si-sosetele\1323450352.csv
gigel-si-sosetele,1323450352,31,31,31,passed,,3.0,passed,0.141409,0,,,,,,,,passed,passed,MATCH,True,False,False,False,False,,"17719
","17719
",,D:\Hint-generation\hackerrank_scraper\data\execution_sources\gigel-si-sosetele\1323450352.java,D:\Hint-generation\HackerRank\04_FULL_FINAL_VALIDATION\details\gigel-si-sosetele\1323450352.csv
gigel-si-sosetele,1323450352,32,32,32,passed,,3.0,passed,0.141052,0,,,,,,,,passed,passed,MATCH,True,False,False,False,False,,"178137
","178137
",,D:\Hint-generation\hackerrank_scraper\data\execution_sources\gigel-si-sosetele\1323450352.java,D:\Hint-generation\HackerRank\04_FULL_FINAL_VALIDATION\details\gigel-si-sosetele\1323450352.csv
gigel-si-sosetele,1323450352,33,33,33,passed,,3.0,passed,0.161319,0,,,,,,,,passed,passed,MATCH,True,False,False,False,False,,"94252
","94252
",,D:\Hint-generation\hackerrank_scraper\data\execution_sources\gigel-si-sosetele\1323450352.java,D:\Hint-generation\HackerRank\04_FULL_FINAL_VALIDATION\details\gigel-si-sosetele\1323450352.csv
gigel-si-sosetele,1323450352,34,34,34,passed,,3.0,passed,0.142917,0,,,,,,,,passed,passed,MATCH,True,False,False,False,False,,"130173
","130173
",,D:\Hint-generation\hackerrank_scraper\data\execution_sources\gigel-si-sosetele\1323450352.java,D:\Hint-generation\HackerRank\04_FULL_FINAL_VALIDATION\details\gigel-si-sosetele\1323450352.csv
gigel-si-sosetele,1323450352,35,35,35,passed,,3.0,passed,0.156115,0,,,,,,,,passed,passed,MATCH,True,False,False,False,False,,"41002
","41002
",,D:\Hint-generation\hackerrank_scraper\data\execution_sources\gigel-si-sosetele\1323450352.java,D:\Hint-generation\HackerRank\04_FULL_FINAL_VALIDATION\details\gigel-si-sosetele\1323450352.csv
gigel-si-sosetele,1323450352,36,36,36,passed,,3.0,passed,0.122535,0,,,,,,,,passed,passed,MATCH,True,False,False,False,False,,"9861
","9861
",,D:\Hint-generation\hackerrank_scraper\data\execution_sources\gigel-si-sosetele\1323450352.java,D:\Hint-generation\HackerRank\04_FULL_FINAL_VALIDATION\details\gigel-si-sosetele\1323450352.csv
gigel-si-sosetele,1323450352,37,37,37,passed,,3.0,passed,0.130425,0,,,,,,,,passed,passed,MATCH,True,False,False,False,False,,"20205
","20205
",,D:\Hint-generation\hackerrank_scraper\data\execution_sources\gigel-si-sosetele\1323450352.java,D:\Hint-generation\HackerRank\04_FULL_FINAL_VALIDATION\details\gigel-si-sosetele\1323450352.csv
gigel-si-sosetele,1323450352,38,38,38,passed,,3.0,passed,0.129905,0,,,,,,,,passed,passed,MATCH,True,False,False,False,False,,"15767
","15767
",,D:\Hint-generation\hackerrank_scraper\data\execution_sources\gigel-si-sosetele\1323450352.java,D:\Hint-generation\HackerRank\04_FULL_FINAL_VALIDATION\details\gigel-si-sosetele\1323450352.csv
gigel-si-sosetele,1323450352,39,39,39,passed,,3.0,passed,0.179224,0,,,,,,,,passed,passed,MATCH,True,False,False,False,False,,"54457
","54457
",,D:\Hint-generation\hackerrank_scraper\data\execution_sources\gigel-si-sosetele\1323450352.java,D:\Hint-generation\HackerRank\04_FULL_FINAL_VALIDATION\details\gigel-si-sosetele\1323450352.csv
gigel-si-sosetele,1323450352,40,40,40,passed,,3.0,passed,0.197954,0,,,,,,,,passed,passed,MATCH,True,False,False,False,False,,"30492
","30492
",,D:\Hint-generation\hackerrank_scraper\data\execution_sources\gigel-si-sosetele\1323450352.java,D:\Hint-generation\HackerRank\04_FULL_FINAL_VALIDATION\details\gigel-si-sosetele\1323450352.csv
gigel-si-sosetele,1323450352,41,41,41,passed,,3.0,passed,0.146993,0,,,,,,,,passed,passed,MATCH,True,False,False,False,False,,"40011
","40011
",,D:\Hint-generation\hackerrank_scraper\data\execution_sources\gigel-si-sosetele\1323450352.java,D:\Hint-generation\HackerRank\04_FULL_FINAL_VALIDATION\details\gigel-si-sosetele\1323450352.csv
gigel-si-sosetele,1323450352,42,42,42,passed,,3.0,passed,0.147612,0,,,,,,,,passed,passed,MATCH,True,False,False,False,False,,"39627
","39627
",,D:\Hint-generation\hackerrank_scraper\data\execution_sources\gigel-si-sosetele\1323450352.java,D:\Hint-generation\HackerRank\04_FULL_FINAL_VALIDATION\details\gigel-si-sosetele\1323450352.csv
gigel-si-sosetele,1323450352,43,43,43,passed,,3.0,passed,0.129856,0,,,,,,,,passed,passed,MATCH,True,False,False,False,False,,"31238
","31238
",,D:\Hint-generation\hackerrank_scraper\data\execution_sources\gigel-si-sosetele\1323450352.java,D:\Hint-generation\HackerRank\04_FULL_FINAL_VALIDATION\details\gigel-si-sosetele\1323450352.csv
gigel-si-sosetele,1323450352,44,44,44,passed,,3.0,passed,0.173917,0,,,,,,,,passed,passed,MATCH,True,False,False,False,False,,"123700
","123700
",,D:\Hint-generation\hackerrank_scraper\data\execution_sources\gigel-si-sosetele\1323450352.java,D:\Hint-generation\HackerRank\04_FULL_FINAL_VALIDATION\details\gigel-si-sosetele\1323450352.csv
gigel-si-sosetele,1323450352,45,45,45,passed,,3.0,passed,0.112281,0,,,,,,,,passed,passed,MATCH,True,False,False,False,False,,"3344
","3344
",,D:\Hint-generation\hackerrank_scraper\data\execution_sources\gigel-si-sosetele\1323450352.java,D:\Hint-generation\HackerRank\04_FULL_FINAL_VALIDATION\details\gigel-si-sosetele\1323450352.csv
gigel-si-sosetele,1323450352,46,46,46,passed,,3.0,passed,0.126480,0,,,,,,,,passed,passed,MATCH,True,False,False,False,False,,"22037
","22037
",,D:\Hint-generation\hackerrank_scraper\data\execution_sources\gigel-si-sosetele\1323450352.java,D:\Hint-generation\HackerRank\04_FULL_FINAL_VALIDATION\details\gigel-si-sosetele\1323450352.csv
gigel-si-sosetele,1323450352,47,47,47,passed,,3.0,passed,0.153420,0,,,,,,,,passed,passed,MATCH,True,False,False,False,False,,"101593
","101593
",,D:\Hint-generation\hackerrank_scraper\data\execution_sources\gigel-si-sosetele\1323450352.java,D:\Hint-generation\HackerRank\04_FULL_FINAL_VALIDATION\details\gigel-si-sosetele\1323450352.csv
gigel-si-sosetele,1323450352,48,48,48,passed,,3.0,passed,0.148003,0,,,,,,,,passed,passed,MATCH,True,False,False,False,False,,"54688
","54688
",,D:\Hint-generation\hackerrank_scraper\data\execution_sources\gigel-si-sosetele\1323450352.java,D:\Hint-generation\HackerRank\04_FULL_FINAL_VALIDATION\details\gigel-si-sosetele\1323450352.csv
gigel-si-sosetele,1323450352,49,49,49,passed,,3.0,passed,0.169194,0,,,,,,,,passed,passed,MATCH,True,False,False,False,False,,"89742
","89742
",,D:\Hint-generation\hackerrank_scraper\data\execution_sources\gigel-si-sosetele\1323450352.java,D:\Hint-generation\HackerRank\04_FULL_FINAL_VALIDATION\details\gigel-si-sosetele\1323450352.csv
